代码,名称,数据日期,综合得分,回调深度,收盘价,MA5,MA10,MA20,MA60,RSI6,RSI14,MACD柱,KDJ_K,KDJ_D,KDJ_J,量/MA20量,近10日涨幅%,近20日涨幅%,ATR,BIAS5,详细理由
300113,顺网科技,2026-04-13,12.5,中回调,28.61,27.75,27.47,27.82,26.23,66.0,51.5,-0.0265,60.9,49.1,84.5,0.78,2.8,6.3,1.88,3.1,小幅涨:近10日+3% | 回调至MA20(27.82):+2.8% | MACD绿柱收窄(-0.0265) | RSI14=51(回升区) | RSI6金叉RSI14 | KDJ金叉(K=61) | 乖离正常:BIAS20=2.8% | 量能健康(0.8xMA20)
002565,顺灏股份,2026-04-13,12.0,中回调,16.42,16.7,16.41,16.08,16.26,52.9,46.7,0.095,60.8,64.5,53.3,0.54,7.5,24.5,1.23,-1.7,强势:近20日+24% | 回调至MA20(16.08):+2.1% | MACD红柱(已启动) | RSI14=47(回升区) | RSI6金叉RSI14 | 乖离正常:BIAS20=2.1% | 量能健康(0.5xMA20)
600410,华胜天成,2026-04-13,12.0,中回调,26.76,26.93,26.18,26.04,24.75,71.2,61.0,0.0683,66.8,62.2,76.0,0.69,7.9,-6.4,1.28,-0.6,上涨:近10日+8% | 回调至MA20(26.04):+2.7% | MACD红柱(已启动) | RSI14=61(正常区) | RSI6金叉RSI14 | KDJ金叉(K=67) | 乖离正常:BIAS20=2.7% | 量能健康(0.7xMA20)
601020,华钰矿业,2026-04-13,12.0,中回调,29.7,28.59,27.92,29.82,32.02,76.6,44.4,0.074,64.9,50.9,93.1,1.99,6.1,-14.8,1.42,3.9,上涨:近10日+6% | 回调至MA20(29.82):-0.4% | MACD红柱(已启动) | RSI14=44(回升区) | KDJ金叉(K=65) | 乖离正常:BIAS20=-0.4% | 量能健康(2.0xMA20) | 量开始放大
603319,美湖股份,2026-04-13,12.0,中回调,33.97,32.46,31.7,33.02,35.86,77.4,46.8,0.2933,68.2,49.7,105.1,1.53,6.7,-4.8,1.55,4.7,上涨:近10日+7% | 回调至MA20(33.02):+2.9% | MACD红柱(已启动) | RSI14=47(回升区) | KDJ金叉(K=68) | 乖离正常:BIAS20=2.9% | 量能健康(1.5xMA20) | 量开始放大
603325,博隆技术,2026-04-13,12.0,中回调,73.8,73.49,73.08,73.49,78.79,73.5,61.4,0.3825,69.4,61.9,84.6,1.04,2.9,-3.1,1.9,0.4,小幅涨:近10日+3% | 回调至MA20(73.49):+0.4% | MACD红柱(已启动) | RSI14=61(正常区) | RSI6金叉RSI14 | KDJ金叉(K=69) | 乖离正常:BIAS20=0.4% | 量能健康(1.0xMA20) | 量开始放大
688375,国博电子,2026-04-13,12.0,中回调,110.5,108.59,108.52,108.11,119.9,63.7,59.3,0.7387,56.5,47.5,74.3,1.15,5.7,-1.3,5.75,1.8,小幅涨:近10日+6% | 回调至MA20(108.11):+2.2% | MACD红柱(已启动) | RSI14=59(正常区) | RSI6金叉RSI14 | KDJ金叉(K=56) | 乖离正常:BIAS20=2.2% | 量能健康(1.2xMA20) | 量开始放大
000920,沃顿科技,2026-04-13,11.5,中回调,11.89,11.57,11.41,11.98,12.79,69.7,47.3,0.0345,65.1,44.5,106.3,0.68,3.8,-14.9,0.43,2.8,小幅涨:近10日+4% | 回调至MA20(11.98):-0.8% | MACD红柱(已启动) | RSI14=47(回升区) | KDJ金叉(K=65) | 乖离正常:BIAS20=-0.8% | 量能健康(0.7xMA20) | 量开始放大
000917,电广传媒,2026-04-13,11.5,中回调,9.74,9.62,9.49,9.56,10.68,66.4,61.1,0.0986,63.3,51.3,87.4,0.79,4.4,-2.3,0.37,1.3,小幅涨:近10日+4% | 回调至MA20(9.56):+1.9% | MACD红柱(已启动) | RSI14=61(正常区) | RSI6金叉RSI14 | KDJ金叉(K=63) | 乖离正常:BIAS20=1.9% | 量能健康(0.8xMA20)
002772,众兴菌业,2026-04-13,11.5,中回调,16.62,17.07,16.75,17.09,16.93,47.1,43.7,0.0204,62.0,59.2,67.6,0.88,5.7,-9.8,0.88,-2.6,小幅涨:近10日+6% | 回调至MA20(17.09):-2.8% | MACD红柱(已启动) | RSI14=44(回升区) | KDJ金叉(K=62) | 乖离正常:BIAS20=-2.8% | 量能健康(0.9xMA20) | 量开始放大
300468,四方精创,2026-04-13,11.5,中回调,32.86,31.55,30.63,32.68,34.11,76.7,46.1,0.172,52.8,38.0,82.5,1.28,2.3,-8.5,2.09,4.2,小幅涨:近10日+2% | 回调至MA20(32.68):+0.6% | MACD红柱(已启动) | RSI14=46(回升区) | KDJ金叉(K=53) | 乖离正常:BIAS20=0.6% | 量能健康(1.3xMA20) | 量开始放大
300991,创益通,2026-04-13,11.5,中回调,51.38,51.91,49.83,51.64,49.81,67.8,54.3,0.1852,64.4,55.8,81.5,1.53,4.8,-13.6,3.2,-1.0,小幅涨:近10日+5% | 回调至MA20(51.64):-0.5% | MACD红柱(已启动) | RSI14=54(回升区) | KDJ金叉(K=64) | 乖离正常:BIAS20=-0.5% | 量能健康(1.5xMA20) | 量开始放大
600623,华谊集团,2026-04-13,11.5,中回调,10.15,9.88,9.7,10.0,9.79,63.6,51.1,-0.0117,62.7,45.7,96.5,1.04,2.0,-12.6,0.46,2.8,小幅涨:近10日+2% | 回调至MA20(10.00):+1.5% | MACD绿柱收窄(-0.0117) | RSI14=51(回升区) | KDJ金叉(K=63) | 乖离正常:BIAS20=1.5% | 量能健康(1.0xMA20) | 量开始放大
605377,华旺科技,2026-04-13,11.5,中回调,9.61,9.7,9.52,9.58,9.16,53.6,53.6,0.0069,61.5,57.4,69.5,0.75,6.4,-5.6,0.41,-0.9,上涨:近10日+6% | 回调至MA20(9.58):+0.3% | MACD红柱(已启动) | RSI14=54(回升区) | KDJ金叉(K=61) | 乖离正常:BIAS20=0.3% | 量能健康(0.8xMA20)
605296,神农集团,2026-04-13,11.5,中回调,29.25,28.71,28.26,29.05,28.66,57.8,48.4,-0.0079,66.1,51.3,95.7,1.06,3.0,-3.2,1.3,1.9,小幅涨:近10日+3% | 回调至MA20(29.05):+0.7% | MACD绿柱收窄(-0.0079) | RSI14=48(回升区) | KDJ金叉(K=66) | 乖离正常:BIAS20=0.7% | 量能健康(1.1xMA20) | 量开始放大
688061,灿瑞科技,2026-04-13,11.5,中回调,31.88,30.86,30.3,31.6,34.52,84.1,50.6,0.2209,65.3,45.3,105.4,0.82,4.3,-6.8,1.24,3.3,小幅涨:近10日+4% | 回调至MA20(31.60):+0.9% | MACD红柱(已启动) | RSI14=51(回升区) | KDJ金叉(K=65) | 乖离正常:BIAS20=0.9% | 量能健康(0.8xMA20) | 量开始放大
688292,浩瀚深度,2026-04-13,11.5,中回调,24.17,24.04,23.69,23.99,28.16,67.1,58.8,0.2734,63.4,52.6,84.8,0.66,2.2,-10.9,0.96,0.6,小幅涨:近10日+2% | 回调至MA20(23.99):+0.8% | MACD红柱(已启动) | RSI14=59(正常区) | RSI6金叉RSI14 | KDJ金叉(K=63) | 乖离正常:BIAS20=0.8% | 量能健康(0.7xMA20)
688295,中复神鹰,2026-04-13,11.5,中回调,52.49,50.81,52.25,55.25,40.35,52.3,45.5,-1.4505,24.7,21.1,31.8,0.95,-7.4,16.6,4.11,3.3,强势:近20日+17% | 回调至MA20(55.25):-5.0% | RSI14=45(回升区) | RSI6金叉RSI14 | KDJ金叉(K=25) | 乖离正常:BIAS20=-5.0% | 量能健康(0.9xMA20) | 量开始放大
688583,思看科技,2026-04-13,11.5,中回调,122.84,121.38,120.66,120.51,127.42,63.3,63.1,0.7624,53.8,51.7,58.0,0.98,3.2,-7.6,6.13,1.2,小幅涨:近10日+3% | 回调至MA20(120.51):+1.9% | MACD红柱(已启动) | RSI14=63(正常区) | RSI6金叉RSI14 | KDJ金叉(K=54) | 乖离正常:BIAS20=1.9% | 量能健康(1.0xMA20)
000021,深科技,2026-04-13,11.0,中回调,28.25,27.58,26.87,28.63,29.89,95.5,48.9,0.0855,68.4,48.0,109.3,0.65,2.8,-8.6,1.27,2.4,小幅涨:近10日+3% | 回调至MA20(28.63):-1.3% | MACD红柱(已启动) | RSI14=49(回升区) | KDJ金叉(K=68) | 乖离正常:BIAS20=-1.3% | 量能健康(0.7xMA20)
001239,永达股份,2026-04-13,11.0,中回调,15.36,15.18,15.12,15.27,16.11,55.5,59.4,0.0684,60.0,55.8,68.5,0.91,7.5,-4.2,0.65,1.2,上涨:近10日+7% | 回调至MA20(15.27):+0.6% | MACD红柱(已启动) | RSI14=59(正常区) | KDJ金叉(K=60) | 乖离正常:BIAS20=0.6% | 量能健康(0.9xMA20) | 量开始放大
002309,中利集团,2026-04-13,11.0,轻回调,4.45,4.77,4.81,4.44,3.62,26.5,53.1,-0.0514,40.2,55.7,9.2,0.75,2.8,28.2,0.47,-6.8,强势:近20日+28% | 回调至MA10下:-7.5% | MACD绿柱(-0.0514) | RSI14=53(回升区) | KDJ超卖J=9 | 乖离正常:BIAS20=0.3% | 量能健康(0.7xMA20)
002310,东方新能,2026-04-13,11.0,中回调,3.17,3.14,3.19,3.31,2.69,59.7,35.3,-0.0703,27.6,27.5,27.8,0.51,-17.4,16.5,0.32,1.1,强势:近20日+17% | 回调至MA20(3.31):-4.2% | MACD绿柱(-0.0703) | RSI14=35(回升区) | KDJ金叉(K=28) | 乖离正常:BIAS20=-4.2% | 量能健康(0.5xMA20)
002427,尤夫股份,2026-04-13,11.0,中回调,6.51,6.46,6.24,6.58,7.13,67.9,54.4,0.0568,64.9,50.2,94.3,1.01,3.2,-6.9,0.31,0.8,小幅涨:近10日+3% | 回调至MA20(6.58):-1.1% | MACD红柱(已启动) | RSI14=54(回升区) | KDJ金叉(K=65) | 乖离正常:BIAS20=-1.1% | 量能健康(1.0xMA20)
002686,亿利达,2026-04-13,11.0,轻回调,6.89,7.29,7.26,7.16,6.95,43.0,48.6,-0.0175,42.5,57.3,13.0,1.1,5.0,-1.7,0.41,-5.4,小幅涨:近10日+5% | 回调至MA10下:-5.0% | MACD绿柱收窄(-0.0175) | RSI14=49(回升区) | KDJ超卖J=13 | 乖离正常:BIAS20=-3.7% | 量能健康(1.1xMA20)
002995,天地在线,2026-04-13,11.0,中回调,24.16,24.1,23.69,24.04,25.19,58.6,52.4,0.1869,65.0,58.1,78.8,0.56,2.2,7.3,1.67,0.3,小幅涨:近10日+2% | 回调至MA20(24.04):+0.5% | MACD红柱(已启动) | RSI14=52(回升区) | KDJ金叉(K=65) | 乖离正常:BIAS20=0.5% | 量能健康(0.6xMA20)
300102,乾照光电,2026-04-13,11.0,中回调,31.51,31.07,31.14,31.39,35.04,57.9,46.5,0.1769,39.2,35.2,47.4,0.67,4.0,-3.2,1.77,1.4,小幅涨:近10日+4% | 回调至MA20(31.39):+0.4% | MACD红柱(已启动) | RSI14=47(回升区) | KDJ金叉(K=39) | 乖离正常:BIAS20=0.4% | 量能健康(0.7xMA20)
300099,尤洛卡,2026-04-13,11.0,中回调,8.7,8.63,8.52,8.83,8.63,53.8,52.7,-0.0225,43.0,36.0,56.9,0.59,2.6,-6.4,0.49,0.8,小幅涨:近10日+3% | 回调至MA20(8.83):-1.4% | MACD绿柱收窄(-0.0225) | RSI14=53(回升区) | KDJ金叉(K=43) | 乖离正常:BIAS20=-1.4% | 量能健康(0.6xMA20)
300249,依米康,2026-04-13,11.0,中回调,17.26,16.67,16.36,16.86,16.8,83.8,54.3,0.0449,68.2,50.5,103.6,0.86,5.4,-1.0,1.0,3.6,小幅涨:近10日+5% | 回调至MA20(16.86):+2.4% | MACD红柱(已启动) | RSI14=54(回升区) | KDJ金叉(K=68) | 乖离正常:BIAS20=2.4% | 量能健康(0.9xMA20)
300319,麦捷科技,2026-04-13,11.0,中回调,12.21,11.75,11.46,12.01,12.63,89.7,56.0,0.0666,68.9,49.5,107.9,0.99,6.4,-9.1,0.47,3.9,上涨:近10日+6% | 回调至MA20(12.01):+1.6% | MACD红柱(已启动) | RSI14=56(正常区) | KDJ金叉(K=69) | 乖离正常:BIAS20=1.6% | 量能健康(1.0xMA20) | 量开始放大
300383,光环新网,2026-04-13,11.0,布林撑,17.6,17.29,17.2,16.75,16.05,68.7,61.1,0.0364,56.7,55.4,59.1,0.74,1.6,16.0,1.26,1.8,强势:近20日+16% | 布林下轨(14.81)获撑 | MACD红柱(已启动) | RSI14=61(正常区) | RSI6金叉RSI14 | KDJ金叉(K=57) | 量能健康(0.7xMA20)
300443,金雷股份,2026-04-13,11.0,中回调,30.06,28.85,28.58,29.72,29.09,75.5,48.1,-0.0222,60.2,41.4,97.8,0.66,2.4,-8.5,1.73,4.2,小幅涨:近10日+2% | 回调至MA20(29.72):+1.1% | MACD绿柱收窄(-0.0222) | RSI14=48(回升区) | KDJ金叉(K=60) | 乖离正常:BIAS20=1.1% | 量能健康(0.7xMA20)
300773,拉卡拉,2026-04-13,11.0,中回调,24.76,24.48,23.74,24.43,26.71,70.9,54.1,0.2265,59.0,49.4,78.4,1.18,3.7,-8.4,1.2,1.1,小幅涨:近10日+4% | 回调至MA20(24.43):+1.3% | MACD红柱(已启动) | RSI14=54(回升区) | KDJ金叉(K=59) | 乖离正常:BIAS20=1.3% | 量能健康(1.2xMA20)
300981,中红医疗,2026-04-13,11.0,中回调,14.64,14.52,14.13,14.45,13.57,58.6,57.5,-0.0021,50.5,49.5,52.3,1.23,10.1,-7.2,0.98,0.8,上涨:近10日+10% | 回调至MA20(14.45):+1.3% | MACD绿柱收窄(-0.0021) | RSI14=57(正常区) | KDJ金叉(K=50) | 乖离正常:BIAS20=1.3% | 量能健康(1.2xMA20) | 量开始放大
600231,凌钢股份,2026-04-13,11.0,中回调,2.08,2.06,2.06,2.08,2.23,65.0,64.8,0.0104,65.7,57.7,81.6,0.3,2.5,-13.7,0.07,0.8,小幅涨:近10日+2% | 回调至MA20(2.08):+0.0% | MACD红柱(已启动) | RSI14=65(正常区) | RSI6金叉RSI14 | KDJ金叉(K=66) | 乖离正常:BIAS20=0.0%
600249,两面针,2026-04-13,11.0,轻回调,6.05,6.29,6.44,6.14,6.0,9.0,50.8,-0.0111,28.5,43.3,-1.1,0.83,5.0,4.0,0.42,-3.8,小幅涨:近10日+5% | 回调至MA10下:-6.0% | MACD绿柱收窄(-0.0111) | RSI14=51(回升区) | KDJ超卖J=-1 | 乖离正常:BIAS20=-1.5% | 量能健康(0.8xMA20)
688416,恒烁股份,2026-04-13,11.0,中回调,77.35,75.99,73.85,79.53,87.08,91.8,52.5,0.4758,63.1,46.6,96.3,0.67,3.7,-14.2,4.24,1.8,小幅涨:近10日+4% | 回调至MA20(79.53):-2.7% | MACD红柱(已启动) | RSI14=52(回升区) | KDJ金叉(K=63) | 乖离正常:BIAS20=-2.7% | 量能健康(0.7xMA20)
688480,赛恩斯,2026-04-13,11.0,中回调,85.49,85.18,82.74,85.77,91.44,61.5,50.3,0.4183,53.8,42.0,77.4,0.92,4.4,-19.8,6.35,0.4,小幅涨:近10日+4% | 回调至MA20(85.77):-0.3% | MACD红柱(已启动) | RSI14=50(回升区) | KDJ金叉(K=54) | 乖离正常:BIAS20=-0.3% | 量能健康(0.9xMA20)
688513,苑东生物,2026-04-13,11.0,轻回调,67.6,71.83,72.0,66.46,62.88,16.1,63.6,0.086,43.2,60.2,9.3,1.06,1.8,17.8,5.44,-5.9,强势:近20日+18% | 回调至MA10下:-6.1% | MACD红柱(已启动) | RSI14=64(正常区) | KDJ超卖J=9 | 乖离正常:BIAS20=1.7% | 量能健康(1.1xMA20)
688766,普冉股份,2026-04-13,11.0,中回调,252.78,243.13,236.11,250.57,246.5,83.9,41.3,0.475,66.4,47.9,103.3,0.78,5.3,3.6,17.23,4.0,小幅涨:近10日+5% | 回调至MA20(250.57):+0.9% | MACD红柱(已启动) | RSI14=41(回升区) | KDJ金叉(K=66) | 乖离正常:BIAS20=0.9% | 量能健康(0.8xMA20)
000066,中国长城,2026-04-13,10.5,中回调,15.39,14.92,14.77,15.11,16.03,80.0,63.4,0.0661,56.6,40.1,89.5,1.29,2.1,-6.2,0.58,3.2,小幅涨:近10日+2% | 回调至MA20(15.11):+1.8% | MACD红柱(已启动) | RSI14=63(正常区) | KDJ金叉(K=57) | 乖离正常:BIAS20=1.8% | 量能健康(1.3xMA20) | 量开始放大
000617,中油资本,2026-04-13,10.5,中回调,10.08,10.53,10.36,10.32,9.55,52.6,48.9,-0.054,31.0,41.2,10.7,0.56,-5.3,13.5,0.74,-4.3,强势:近20日+14% | 回调至MA20(10.32):-2.3% | MACD绿柱(-0.0540) | RSI14=49(回升区) | KDJ超卖J=11 | 乖离正常:BIAS20=-2.3% | 量能健康(0.6xMA20)
000672,上峰水泥,2026-04-13,10.5,中回调,13.12,13.24,13.08,13.06,13.8,55.0,63.1,0.0896,64.7,61.2,71.7,0.88,3.7,-5.9,0.41,-0.9,小幅涨:近10日+4% | 回调至MA20(13.06):+0.5% | MACD红柱(已启动) | RSI14=63(正常区) | KDJ金叉(K=65) | 乖离正常:BIAS20=0.5% | 量能健康(0.9xMA20) | 量开始放大
001278,一彬科技,2026-04-13,10.5,中回调,21.69,21.6,21.33,21.48,22.55,66.9,66.7,0.1235,68.5,62.0,81.4,0.52,3.7,-5.8,1.0,0.4,小幅涨:近10日+4% | 回调至MA20(21.48):+1.0% | MACD红柱(已启动) | RSI6金叉RSI14 | KDJ金叉(K=69) | 乖离正常:BIAS20=1.0% | 量能健康(0.5xMA20)
001282,三联锻造,2026-04-13,10.5,中回调,20.96,20.68,20.15,20.42,21.63,64.7,63.6,0.2139,59.8,51.6,76.3,1.67,5.6,-7.7,0.84,1.4,小幅涨:近10日+6% | 回调至MA20(20.42):+2.7% | MACD红柱(已启动) | RSI14=64(正常区) | KDJ金叉(K=60) | 乖离正常:BIAS20=2.7% | 量能健康(1.7xMA20) | 量开始放大
001319,铭科精技,2026-04-13,10.5,中回调,25.08,24.85,24.65,24.83,27.48,61.2,61.7,0.2204,58.0,52.4,69.3,1.16,2.9,-4.1,0.71,0.9,小幅涨:近10日+3% | 回调至MA20(24.83):+1.0% | MACD红柱(已启动) | RSI14=62(正常区) | KDJ金叉(K=58) | 乖离正常:BIAS20=1.0% | 量能健康(1.2xMA20) | 量开始放大
001337,四川黄金,2026-04-13,10.5,中回调,48.95,49.43,48.98,49.05,49.51,56.9,60.6,0.1236,55.8,55.1,57.1,0.56,6.3,-8.9,2.48,-1.0,上涨:近10日+6% | 回调至MA20(49.05):-0.2% | MACD红柱(已启动) | RSI14=61(正常区) | KDJ金叉(K=56) | 乖离正常:BIAS20=-0.2% | 量能健康(0.6xMA20)
002046,国机精工,2026-04-13,10.5,中回调,46.26,45.64,44.56,44.92,47.08,71.6,64.5,0.4045,68.6,57.2,91.5,1.2,7.1,-2.0,1.86,1.3,上涨:近10日+7% | 回调至MA20(44.92):+3.0% | MACD红柱(已启动) | RSI14=65(正常区) | KDJ金叉(K=69) | 乖离正常:BIAS20=3.0% | 量能健康(1.2xMA20)
002157,正邦科技,2026-04-13,10.5,中回调,3.17,3.1,3.07,3.14,3.21,65.5,62.3,0.0066,65.1,50.9,93.4,1.51,2.6,-5.1,0.09,2.4,小幅涨:近10日+3% | 回调至MA20(3.14):+1.1% | MACD红柱(已启动) | RSI14=62(正常区) | KDJ金叉(K=65) | 乖离正常:BIAS20=1.1% | 量能健康(1.5xMA20) | 量开始放大
002177,御银股份,2026-04-13,10.5,中回调,8.02,7.73,7.56,7.84,8.27,76.1,59.2,0.057,66.6,49.0,101.8,1.81,4.7,-11.6,0.38,3.7,小幅涨:近10日+5% | 回调至MA20(7.84):+2.3% | MACD红柱(已启动) | RSI14=59(正常区) | KDJ金叉(K=67) | 乖离正常:BIAS20=2.3% | 量能健康(1.8xMA20) | 量开始放大
002268,电科网安,2026-04-13,10.5,中回调,17.26,16.8,16.71,17.16,19.14,73.2,60.3,0.1107,68.0,48.4,107.3,1.12,2.4,-10.0,0.47,2.7,小幅涨:近10日+2% | 回调至MA20(17.16):+0.6% | MACD红柱(已启动) | RSI14=60(正常区) | KDJ金叉(K=68) | 乖离正常:BIAS20=0.6% | 量能健康(1.1xMA20) | 量开始放大
002380,科远智慧,2026-04-13,10.5,中回调,33.74,33.11,32.06,32.9,32.81,71.7,60.7,0.1864,67.0,53.1,94.9,1.55,5.1,-10.4,1.44,1.9,小幅涨:近10日+5% | 回调至MA20(32.90):+2.6% | MACD红柱(已启动) | RSI14=61(正常区) | KDJ金叉(K=67) | 乖离正常:BIAS20=2.6% | 量能健康(1.5xMA20) | 量开始放大
002518,科士达,2026-04-13,10.5,中回调,47.61,46.61,45.86,46.28,52.29,80.2,62.9,0.5063,67.8,56.9,89.7,1.49,2.9,-11.3,1.8,2.2,小幅涨:近10日+3% | 回调至MA20(46.28):+2.9% | MACD红柱(已启动) | RSI14=63(正常区) | KDJ金叉(K=68) | 乖离正常:BIAS20=2.9% | 量能健康(1.5xMA20) | 量开始放大
002785,万里石,2026-04-13,10.5,中回调,39.83,39.58,39.03,39.52,42.38,62.7,64.2,0.2788,68.0,59.7,84.5,1.07,3.0,-10.1,1.48,0.6,小幅涨:近10日+3% | 回调至MA20(39.52):+0.8% | MACD红柱(已启动) | RSI14=64(正常区) | KDJ金叉(K=68) | 乖离正常:BIAS20=0.8% | 量能健康(1.1xMA20) | 量开始放大
002788,鹭燕医药,2026-04-13,10.5,轻回调,14.62,16.82,16.64,15.22,16.47,33.2,56.6,0.0798,37.5,57.6,-2.9,1.12,6.6,0.8,1.53,-13.1,上涨:近10日+7% | 回调至MA10下:-12.1% | MACD红柱(已启动) | RSI14=57(正常区) | KDJ超卖J=-3 | 乖离正常:BIAS20=-4.0% | 量能健康(1.1xMA20)
002866,传艺科技,2026-04-13,10.5,布林撑,22.75,21.96,21.7,21.11,19.91,71.5,67.7,0.1013,68.1,57.6,89.0,1.45,6.5,15.2,1.13,3.6,强势:近20日+15% | 布林下轨(19.31)获撑 | MACD红柱(已启动) | RSI6金叉RSI14 | KDJ金叉(K=68) | 量能健康(1.4xMA20) | 量开始放大
002879,长缆科技,2026-04-13,10.5,中回调,20.75,20.53,20.48,20.67,21.64,49.0,60.6,0.0574,43.6,38.3,54.1,1.02,2.7,-10.1,0.77,1.1,小幅涨:近10日+3% | 回调至MA20(20.67):+0.4% | MACD红柱(已启动) | RSI14=61(正常区) | KDJ金叉(K=44) | 乖离正常:BIAS20=0.4% | 量能健康(1.0xMA20) | 量开始放大
002951,金时科技,2026-04-13,10.5,中回调,14.98,14.72,14.5,14.88,14.97,62.5,55.7,0.0336,55.7,44.5,78.3,0.61,2.9,-9.4,0.64,1.7,小幅涨:近10日+3% | 回调至MA20(14.88):+0.6% | MACD红柱(已启动) | RSI14=56(正常区) | KDJ金叉(K=56) | 乖离正常:BIAS20=0.6% | 量能健康(0.6xMA20) | 量开始放大
002983,芯瑞达,2026-04-13,10.5,中回调,23.77,23.27,22.62,23.19,24.24,75.6,61.5,0.2032,60.5,48.1,85.4,1.16,5.2,-7.3,0.85,2.2,小幅涨:近10日+5% | 回调至MA20(23.19):+2.5% | MACD红柱(已启动) | RSI14=61(正常区) | KDJ金叉(K=61) | 乖离正常:BIAS20=2.5% | 量能健康(1.2xMA20) | 量开始放大
003008,开普检测,2026-04-13,10.5,中回调,23.29,23.04,22.84,22.84,23.47,58.8,64.7,0.1193,67.4,63.2,75.8,1.3,3.6,-3.2,0.88,1.1,小幅涨:近10日+4% | 回调至MA20(22.84):+2.0% | MACD红柱(已启动) | RSI14=65(正常区) | KDJ金叉(K=67) | 乖离正常:BIAS20=2.0% | 量能健康(1.3xMA20) | 量开始放大
002986,宇新股份,2026-04-13,10.5,中回调,15.26,15.6,15.19,15.1,13.89,65.7,60.2,-0.0059,64.9,63.2,68.2,1.45,3.5,-6.8,0.74,-2.2,小幅涨:近10日+3% | 回调至MA20(15.10):+1.1% | MACD绿柱收窄(-0.0059) | RSI14=60(正常区) | KDJ金叉(K=65) | 乖离正常:BIAS20=1.1% | 量能健康(1.5xMA20) | 量开始放大
300017,网宿科技,2026-04-13,10.5,布林撑,18.16,17.67,17.36,17.46,16.9,70.6,58.4,0.0583,67.9,53.2,97.4,1.16,4.2,2.3,1.15,2.8,小幅涨:近10日+4% | 布林下轨(16.02)获撑 | MACD红柱(已启动) | RSI14=58(正常区) | RSI6金叉RSI14 | KDJ金叉(K=68) | 量能健康(1.2xMA20) | 量开始放大
300053,航宇微,2026-04-13,10.5,中回调,17.78,17.44,17.05,17.29,19.67,80.1,59.0,0.219,66.1,51.9,94.6,0.79,6.8,1.5,0.84,1.9,上涨:近10日+7% | 回调至MA20(17.29):+2.9% | MACD红柱(已启动) | RSI14=59(正常区) | KDJ金叉(K=66) | 乖离正常:BIAS20=2.9% | 量能健康(0.8xMA20)
300219,鸿利智汇,2026-04-13,10.5,中回调,7.55,7.47,7.32,7.5,7.68,77.8,56.9,0.0355,65.9,54.5,88.8,0.76,3.3,-9.8,0.3,1.0,小幅涨:近10日+3% | 回调至MA20(7.50):+0.7% | MACD红柱(已启动) | RSI14=57(正常区) | KDJ金叉(K=66) | 乖离正常:BIAS20=0.7% | 量能健康(0.8xMA20) | 量开始放大
300228,富瑞特装,2026-04-13,10.5,中回调,9.43,9.34,9.29,9.44,10.27,55.1,58.7,0.0488,67.1,52.8,95.8,1.12,2.4,-12.3,0.29,0.9,小幅涨:近10日+2% | 回调至MA20(9.44):-0.1% | MACD红柱(已启动) | RSI14=59(正常区) | KDJ金叉(K=67) | 乖离正常:BIAS20=-0.1% | 量能健康(1.1xMA20) | 量开始放大
300254,仟源医药,2026-04-13,10.5,中回调,11.73,11.64,11.58,11.48,11.47,50.9,61.0,0.0424,67.3,64.1,73.9,1.49,4.8,-2.1,0.58,0.8,小幅涨:近10日+5% | 回调至MA20(11.48):+2.2% | MACD红柱(已启动) | RSI14=61(正常区) | KDJ金叉(K=67) | 乖离正常:BIAS20=2.2% | 量能健康(1.5xMA20) | 量开始放大
300300,海峡创新,2026-04-13,10.5,轻回调,13.44,13.68,13.92,13.29,13.1,31.5,56.6,-0.0051,36.0,47.9,12.2,1.04,5.7,2.0,1.08,-1.7,小幅涨:近10日+6% | 回调至MA10下:-3.4% | MACD绿柱收窄(-0.0051) | RSI14=57(正常区) | KDJ超卖J=12 | 乖离正常:BIAS20=1.1% | 量能健康(1.0xMA20) | 量开始放大
300471,厚普股份,2026-04-13,10.5,中回调,13.21,13.03,12.87,13.21,14.28,68.5,56.0,0.0639,64.9,50.1,94.4,0.7,2.3,-14.1,0.45,1.4,小幅涨:近10日+2% | 回调至MA20(13.21):+0.0% | MACD红柱(已启动) | RSI14=56(正常区) | KDJ金叉(K=65) | 乖离正常:BIAS20=0.0% | 量能健康(0.7xMA20) | 量开始放大
300491,通合科技,2026-04-13,10.5,中回调,25.3,24.51,23.82,24.58,26.96,85.5,55.2,0.2584,55.3,41.3,83.4,0.9,6.1,-11.5,1.13,3.2,上涨:近10日+6% | 回调至MA20(24.58):+2.9% | MACD红柱(已启动) | RSI14=55(正常区) | KDJ金叉(K=55) | 乖离正常:BIAS20=2.9% | 量能健康(0.9xMA20)
300564,筑博设计,2026-04-13,10.5,中回调,15.19,15.12,14.99,15.02,15.74,59.3,61.7,0.0666,49.8,48.2,53.1,0.81,2.2,-6.6,0.74,0.4,小幅涨:近10日+2% | 回调至MA20(15.02):+1.1% | MACD红柱(已启动) | RSI14=62(正常区) | KDJ金叉(K=50) | 乖离正常:BIAS20=1.1% | 量能健康(0.8xMA20) | 量开始放大
300540,蜀道装备,2026-04-13,10.5,中回调,20.24,20.1,19.93,20.01,22.16,55.8,62.9,0.1466,65.4,58.6,79.0,0.59,2.2,-10.2,0.67,0.7,小幅涨:近10日+2% | 回调至MA20(20.01):+1.2% | MACD红柱(已启动) | RSI14=63(正常区) | KDJ金叉(K=65) | 乖离正常:BIAS20=1.2% | 量能健康(0.6xMA20) | 量开始放大
300588,熙菱信息,2026-04-13,10.5,中回调,24.91,24.41,23.95,24.36,25.67,77.0,60.9,0.1562,67.3,55.4,91.2,1.36,2.3,-2.5,1.01,2.1,小幅涨:近10日+2% | 回调至MA20(24.36):+2.3% | MACD红柱(已启动) | RSI14=61(正常区) | KDJ金叉(K=67) | 乖离正常:BIAS20=2.3% | 量能健康(1.4xMA20) | 量开始放大
300775,三角防务,2026-04-13,10.5,中回调,37.02,36.53,36.33,36.08,38.25,57.2,64.9,0.3074,58.9,51.9,73.1,0.61,8.0,-0.1,1.58,1.3,上涨:近10日+8% | 回调至MA20(36.08):+2.6% | MACD红柱(已启动) | RSI14=65(正常区) | KDJ金叉(K=59) | 乖离正常:BIAS20=2.6% | 量能健康(0.6xMA20)
300818,耐普矿机,2026-04-13,10.5,中回调,36.17,36.03,35.25,35.84,40.84,66.7,63.3,0.4105,64.7,55.1,83.7,0.81,2.8,-10.4,1.48,0.4,小幅涨:近10日+3% | 回调至MA20(35.84):+0.9% | MACD红柱(已启动) | RSI14=63(正常区) | KDJ金叉(K=65) | 乖离正常:BIAS20=0.9% | 量能健康(0.8xMA20) | 量开始放大
300927,江天化学,2026-04-13,10.5,中回调,30.3,30.56,28.65,29.61,31.41,73.7,59.0,0.3445,69.4,56.8,94.7,0.59,8.3,-15.7,1.78,-0.9,上涨:近10日+8% | 回调至MA20(29.61):+2.3% | MACD红柱(已启动) | RSI14=59(正常区) | KDJ金叉(K=69) | 乖离正常:BIAS20=2.3% | 量能健康(0.6xMA20)
600109,国金证券,2026-04-13,10.5,中回调,8.59,8.45,8.41,8.48,8.95,66.7,62.6,0.0416,59.5,48.4,81.6,1.11,2.8,-2.6,0.19,1.7,小幅涨:近10日+3% | 回调至MA20(8.48):+1.3% | MACD红柱(已启动) | RSI14=63(正常区) | KDJ金叉(K=59) | 乖离正常:BIAS20=1.3% | 量能健康(1.1xMA20) | 量开始放大
600118,中国卫星,2026-04-13,10.5,中回调,80.5,78.95,79.28,80.15,90.85,59.4,55.9,0.3962,42.5,36.1,55.3,1.08,3.5,-7.9,3.48,2.0,小幅涨:近10日+4% | 回调至MA20(80.15):+0.4% | MACD红柱(已启动) | RSI14=56(正常区) | KDJ金叉(K=43) | 乖离正常:BIAS20=0.4% | 量能健康(1.1xMA20) | 量开始放大
600361,创新新材,2026-04-13,10.5,中回调,4.33,4.18,4.16,4.23,4.53,73.1,63.7,0.0216,61.0,47.0,89.2,1.83,4.8,-10.5,0.14,3.7,小幅涨:近10日+5% | 回调至MA20(4.23):+2.4% | MACD红柱(已启动) | RSI14=64(正常区) | KDJ金叉(K=61) | 乖离正常:BIAS20=2.4% | 量能健康(1.8xMA20) | 量开始放大
600888,新疆众和,2026-04-13,10.5,中回调,8.48,8.33,8.19,8.28,8.77,77.0,63.8,0.054,69.0,52.4,102.1,0.68,3.2,-10.5,0.27,1.8,小幅涨:近10日+3% | 回调至MA20(8.28):+2.4% | MACD红柱(已启动) | RSI14=64(正常区) | KDJ金叉(K=69) | 乖离正常:BIAS20=2.4% | 量能健康(0.7xMA20) | 量开始放大
600996,贵广网络,2026-04-13,10.5,轻回调,9.35,9.4,9.77,9.47,9.13,36.6,51.1,-0.0612,22.0,31.7,2.6,0.4,-6.7,15.0,0.59,-0.6,强势:近20日+15% | 回调至MA10下:-4.3% | MACD绿柱(-0.0612) | RSI14=51(回升区) | KDJ超卖J=3 | 乖离正常:BIAS20=-1.3%
601600,中国铝业,2026-04-13,10.5,中回调,12.16,12.18,11.87,11.89,13.07,59.1,61.5,0.1359,68.0,60.4,83.2,0.73,6.3,-13.6,0.52,-0.2,上涨:近10日+6% | 回调至MA20(11.89):+2.2% | MACD红柱(已启动) | RSI14=62(正常区) | KDJ金叉(K=68) | 乖离正常:BIAS20=2.2% | 量能健康(0.7xMA20)
601702,华峰铝业,2026-04-13,10.5,中回调,19.86,19.89,19.6,19.71,21.79,66.0,57.2,0.1812,64.4,57.8,77.5,0.66,6.1,-8.1,0.81,-0.1,上涨:近10日+6% | 回调至MA20(19.71):+0.8% | MACD红柱(已启动) | RSI14=57(正常区) | KDJ金叉(K=64) | 乖离正常:BIAS20=0.8% | 量能健康(0.7xMA20)
603122,合富中国,2026-04-13,10.5,轻回调,17.14,18.72,18.37,17.03,17.62,37.1,59.1,0.1514,41.9,57.8,10.1,0.93,11.4,6.4,1.44,-8.4,上涨:近10日+11% | 回调至MA10下:-6.7% | MACD红柱(已启动) | RSI14=59(正常区) | KDJ超卖J=10 | 乖离正常:BIAS20=0.6% | 量能健康(0.9xMA20)
603387,基蛋生物,2026-04-13,10.5,中回调,9.98,10.07,10.2,9.8,9.01,32.5,64.1,-0.0155,34.4,45.2,12.9,0.83,0.8,19.5,0.65,-0.9,强势:近20日+20% | 回调至MA20(9.80):+1.8% | MACD绿柱收窄(-0.0155) | RSI14=64(正常区) | KDJ超卖J=13 | 乖离正常:BIAS20=1.8% | 量能健康(0.8xMA20)
603663,三祥新材,2026-04-13,10.5,中回调,42.59,42.11,41.67,42.45,43.34,67.7,58.5,0.095,65.7,54.3,88.6,0.94,3.2,-15.0,1.72,1.1,小幅涨:近10日+3% | 回调至MA20(42.45):+0.3% | MACD红柱(已启动) | RSI14=59(正常区) | KDJ金叉(K=66) | 乖离正常:BIAS20=0.3% | 量能健康(0.9xMA20) | 量开始放大
603949,雪龙集团,2026-04-13,10.5,中回调,19.52,18.45,18.01,19.43,19.81,78.1,49.6,0.0587,75.3,55.4,115.0,0.86,10.8,-11.7,1.07,5.8,上涨:近10日+11% | 回调至MA20(19.43):+0.5% | MACD红柱(已启动) | RSI14=50(回升区) | 乖离正常:BIAS20=0.5% | 量能健康(0.9xMA20) | 量开始放大
300816,艾可蓝,2026-04-13,10.5,中回调,66.59,70.78,67.76,67.09,66.21,55.2,54.1,0.3713,65.0,67.8,59.5,1.61,7.1,-1.8,3.74,-5.9,上涨:近10日+7% | 回调至MA20(67.09):-0.8% | MACD红柱(已启动) | RSI14=54(回升区) | 乖离正常:BIAS20=-0.8% | 量能健康(1.6xMA20) | 量开始放大
688028,沃尔德,2026-04-13,10.5,中回调,94.32,96.87,92.61,92.11,93.31,65.0,61.9,0.8666,66.3,64.2,70.4,1.18,6.3,-10.6,5.77,-2.6,上涨:近10日+6% | 回调至MA20(92.11):+2.4% | MACD红柱(已启动) | RSI14=62(正常区) | KDJ金叉(K=66) | 乖离正常:BIAS20=2.4% | 量能健康(1.2xMA20)
688059,华锐精密,2026-04-13,10.5,布林撑,119.95,119.37,116.68,113.92,108.13,68.2,64.3,0.6014,65.9,58.2,81.3,0.73,8.1,2.4,7.01,0.5,上涨:近10日+8% | 布林下轨(104.28)获撑 | MACD红柱(已启动) | RSI14=64(正常区) | RSI6金叉RSI14 | KDJ金叉(K=66) | 量能健康(0.7xMA20)
688118,普元信息,2026-04-13,10.5,中回调,28.69,28.22,27.62,28.23,31.37,67.2,60.5,0.2405,62.9,48.8,91.2,0.59,6.3,-9.1,1.33,1.7,上涨:近10日+6% | 回调至MA20(28.23):+1.6% | MACD红柱(已启动) | RSI14=60(正常区) | KDJ金叉(K=63) | 乖离正常:BIAS20=1.6% | 量能健康(0.6xMA20)
688155,先惠技术,2026-04-13,10.5,中回调,77.62,77.66,75.77,76.04,83.7,72.9,62.5,0.8609,62.4,59.9,67.2,1.73,2.5,-4.7,3.72,-0.0,小幅涨:近10日+3% | 回调至MA20(76.04):+2.1% | MACD红柱(已启动) | RSI14=62(正常区) | KDJ金叉(K=62) | 乖离正常:BIAS20=2.1% | 量能健康(1.7xMA20) | 量开始放大
688216,气派科技,2026-04-13,10.5,中回调,28.51,28.21,27.61,27.96,29.17,78.5,63.2,0.1885,68.9,57.6,91.4,1.17,4.6,-4.5,1.4,1.1,小幅涨:近10日+5% | 回调至MA20(27.96):+2.0% | MACD红柱(已启动) | RSI14=63(正常区) | KDJ金叉(K=69) | 乖离正常:BIAS20=2.0% | 量能健康(1.2xMA20) | 量开始放大
688233,神工股份,2026-04-13,10.5,中回调,72.69,73.14,70.8,72.41,81.34,76.8,55.0,0.8353,63.8,52.6,86.2,1.14,2.6,-4.6,3.18,-0.6,小幅涨:近10日+3% | 回调至MA20(72.41):+0.4% | MACD红柱(已启动) | RSI14=55(正常区) | KDJ金叉(K=64) | 乖离正常:BIAS20=0.4% | 量能健康(1.1xMA20) | 量开始放大
688311,盟升电子,2026-04-13,10.5,中回调,38.22,37.29,37.28,37.87,43.78,58.5,58.8,0.2983,53.3,43.4,73.1,1.38,3.3,-6.8,1.46,2.5,小幅涨:近10日+3% | 回调至MA20(37.87):+0.9% | MACD红柱(已启动) | RSI14=59(正常区) | KDJ金叉(K=53) | 乖离正常:BIAS20=0.9% | 量能健康(1.4xMA20) | 量开始放大
688328,深科达,2026-04-13,10.5,中回调,40.53,40.18,38.73,39.6,36.14,64.8,64.1,0.0247,65.9,56.3,85.0,0.53,7.4,-8.9,2.69,0.9,上涨:近10日+7% | 回调至MA20(39.60):+2.3% | MACD红柱(已启动) | RSI14=64(正常区) | KDJ金叉(K=66) | 乖离正常:BIAS20=2.3% | 量能健康(0.5xMA20)
688356,键凯科技,2026-04-13,10.5,中回调,98.07,98.03,96.78,96.09,99.54,51.2,62.5,0.5682,68.6,66.9,72.1,1.24,4.9,-3.8,4.47,0.0,小幅涨:近10日+5% | 回调至MA20(96.09):+2.1% | MACD红柱(已启动) | RSI14=63(正常区) | KDJ金叉(K=69) | 乖离正常:BIAS20=2.1% | 量能健康(1.2xMA20) | 量开始放大
688380,中微半导,2026-04-13,10.5,中回调,45.15,44.03,42.66,44.28,45.83,84.3,57.0,0.3514,67.4,49.3,103.7,0.74,7.3,-4.9,1.86,2.5,上涨:近10日+7% | 回调至MA20(44.28):+2.0% | MACD红柱(已启动) | RSI14=57(正常区) | KDJ金叉(K=67) | 乖离正常:BIAS20=2.0% | 量能健康(0.7xMA20)
688636,智明达,2026-04-13,10.5,中回调,42.2,40.66,40.55,41.03,46.45,66.4,58.3,0.3355,61.4,47.9,88.2,1.54,5.7,-2.0,1.83,3.8,小幅涨:近10日+6% | 回调至MA20(41.03):+2.9% | MACD红柱(已启动) | RSI14=58(正常区) | KDJ金叉(K=61) | 乖离正常:BIAS20=2.9% | 量能健康(1.5xMA20) | 量开始放大
000157,中联重科,2026-04-13,10.0,中回调,8.7,8.68,8.62,8.6,9.05,59.8,61.8,0.0465,63.5,58.5,73.5,0.79,2.4,-5.0,0.29,0.3,小幅涨:近10日+2% | 回调至MA20(8.60):+1.2% | MACD红柱(已启动) | RSI14=62(正常区) | KDJ金叉(K=63) | 乖离正常:BIAS20=1.2% | 量能健康(0.8xMA20)
000636,风华高科,2026-04-13,10.0,中回调,20.49,19.71,19.36,20.16,21.09,92.3,57.8,0.0972,66.4,45.6,108.0,0.97,4.5,-5.6,0.83,3.9,小幅涨:近10日+4% | 回调至MA20(20.16):+1.7% | MACD红柱(已启动) | RSI14=58(正常区) | KDJ金叉(K=66) | 乖离正常:BIAS20=1.7% | 量能健康(1.0xMA20)
000725,京东方Ａ,2026-04-13,10.0,中回调,4.03,4.0,3.98,4.01,4.27,68.2,62.9,0.018,65.7,53.4,90.3,0.82,2.0,-7.6,0.08,0.6,小幅涨:近10日+2% | 回调至MA20(4.01):+0.4% | MACD红柱(已启动) | RSI14=63(正常区) | KDJ金叉(K=66) | 乖离正常:BIAS20=0.4% | 量能健康(0.8xMA20)
000727,冠捷科技,2026-04-13,10.0,中回调,2.74,2.74,2.67,2.69,2.65,71.4,58.7,0.0107,61.6,52.3,80.2,0.8,2.2,-0.7,0.12,0.0,小幅涨:近10日+2% | 回调至MA20(2.69):+1.7% | MACD红柱(已启动) | RSI14=59(正常区) | KDJ金叉(K=62) | 乖离正常:BIAS20=1.7% | 量能健康(0.8xMA20)
000788,北大医药,2026-04-13,10.0,轻回调,6.14,6.53,6.55,6.17,6.19,14.0,61.3,0.0231,35.2,51.8,1.9,1.23,3.9,1.0,0.4,-6.0,小幅涨:近10日+4% | 回调至MA10下:-6.3% | MACD红柱(已启动) | RSI14=61(正常区) | KDJ超卖J=2 | 乖离正常:BIAS20=-0.5% | 量能健康(1.2xMA20)
000815,美利云,2026-04-13,10.0,布林撑,20.28,19.78,19.75,19.38,15.87,57.6,53.8,-0.1823,56.6,50.2,69.3,1.01,-0.0,19.6,1.65,2.5,强势:近20日+20% | 布林下轨(16.71)获撑 | RSI14=54(回升区) | RSI6金叉RSI14 | KDJ金叉(K=57) | 量能健康(1.0xMA20) | 量开始放大
000880,潍柴重机,2026-04-13,10.0,中回调,27.59,27.22,26.9,27.06,31.57,64.7,63.1,0.3292,69.0,57.4,92.1,0.75,2.7,-5.7,0.89,1.4,小幅涨:近10日+3% | 回调至MA20(27.06):+2.0% | MACD红柱(已启动) | RSI14=63(正常区) | KDJ金叉(K=69) | 乖离正常:BIAS20=2.0% | 量能健康(0.8xMA20)
000905,厦门港务,2026-04-13,10.0,中回调,11.35,11.5,11.54,11.34,12.31,39.1,59.5,0.0602,39.4,52.1,14.1,1.43,3.4,-3.0,0.53,-1.3,小幅涨:近10日+3% | 回调至MA20(11.34):+0.1% | MACD红柱(已启动) | RSI14=60(正常区) | KDJ超卖J=14 | 乖离正常:BIAS20=0.1% | 量能健康(1.4xMA20) | 量开始放大
000950,重药控股,2026-04-13,10.0,轻回调,5.88,6.38,6.28,5.9,5.97,34.0,60.5,0.0293,39.5,57.6,3.3,1.32,5.2,1.7,0.36,-7.8,小幅涨:近10日+5% | 回调至MA10下:-6.4% | MACD红柱(已启动) | RSI14=61(正常区) | KDJ超卖J=3 | 乖离正常:BIAS20=-0.4% | 量能健康(1.3xMA20)
001234,泰慕士,2026-04-13,10.0,中回调,26.65,25.59,25.31,26.09,27.56,75.4,61.5,0.1176,61.2,44.4,94.9,2.45,2.9,-5.8,0.93,4.1,小幅涨:近10日+3% | 回调至MA20(26.09):+2.1% | MACD红柱(已启动) | RSI14=61(正常区) | KDJ金叉(K=61) | 乖离正常:BIAS20=2.1% | 量开始放大
002009,天奇股份,2026-04-13,10.0,中回调,24.7,24.66,24.4,24.46,26.61,51.7,60.5,0.1855,62.7,60.2,67.6,0.77,2.5,-4.8,0.84,0.2,小幅涨:近10日+3% | 回调至MA20(24.46):+1.0% | MACD红柱(已启动) | RSI14=60(正常区) | KDJ金叉(K=63) | 乖离正常:BIAS20=1.0% | 量能健康(0.8xMA20)
002038,双鹭药业,2026-04-13,10.0,轻回调,7.19,7.72,7.88,6.95,6.94,23.2,63.9,0.0464,39.9,58.6,2.7,0.9,8.8,17.1,0.7,-6.8,强势:近20日+17% | 回调至MA10下:-8.7% | MACD红柱(已启动) | RSI14=64(正常区) | KDJ超卖J=3 | 量能健康(0.9xMA20)
002050,三花智控,2026-04-13,10.0,中回调,44.45,43.83,43.3,43.87,49.37,64.7,56.9,0.4155,65.5,55.2,86.1,0.86,2.5,-6.0,1.45,1.4,小幅涨:近10日+3% | 回调至MA20(43.87):+1.3% | MACD红柱(已启动) | RSI14=57(正常区) | KDJ金叉(K=65) | 乖离正常:BIAS20=1.3% | 量能健康(0.9xMA20)
002079,苏州固锝,2026-04-13,10.0,中回调,9.79,9.62,9.51,9.68,10.4,62.7,54.0,0.0577,74.7,56.3,111.5,0.97,2.8,-5.0,0.28,1.7,小幅涨:近10日+3% | 回调至MA20(9.68):+1.1% | MACD红柱(已启动) | RSI14=54(回升区) | 乖离正常:BIAS20=1.1% | 量能健康(1.0xMA20) | 量开始放大
002115,三维通信,2026-04-13,10.0,中回调,12.16,12.19,12.1,12.16,14.09,59.4,61.7,0.1097,55.3,51.2,63.6,0.66,2.2,-5.4,0.41,-0.2,小幅涨:近10日+2% | 回调至MA20(12.16):-0.0% | MACD红柱(已启动) | RSI14=62(正常区) | KDJ金叉(K=55) | 乖离正常:BIAS20=-0.0% | 量能健康(0.7xMA20)
002226,江南化工,2026-04-13,10.0,中回调,5.77,5.54,5.49,5.61,5.96,72.0,64.6,0.0289,65.8,53.7,89.9,2.25,3.8,-8.4,0.15,4.1,小幅涨:近10日+4% | 回调至MA20(5.61):+2.8% | MACD红柱(已启动) | RSI14=65(正常区) | KDJ金叉(K=66) | 乖离正常:BIAS20=2.8% | 量开始放大
002261,拓维信息,2026-04-13,10.0,中回调,35.99,35.53,34.91,35.48,34.85,87.8,57.2,0.0449,68.8,56.2,94.0,0.61,3.6,-2.5,1.55,1.3,小幅涨:近10日+4% | 回调至MA20(35.48):+1.4% | MACD红柱(已启动) | RSI14=57(正常区) | KDJ金叉(K=69) | 乖离正常:BIAS20=1.4% | 量能健康(0.6xMA20)
002324,普利特,2026-04-13,10.0,中回调,15.27,15.26,15.13,15.18,17.3,59.8,63.1,0.1352,68.9,63.7,79.4,0.79,2.6,-9.4,0.47,0.1,小幅涨:近10日+3% | 回调至MA20(15.18):+0.6% | MACD红柱(已启动) | RSI14=63(正常区) | KDJ金叉(K=69) | 乖离正常:BIAS20=0.6% | 量能健康(0.8xMA20)
002387,维信诺,2026-04-13,10.0,中回调,8.03,7.94,7.8,7.91,8.53,65.4,62.4,0.069,64.9,52.6,89.5,0.87,3.2,-5.6,0.22,1.2,小幅涨:近10日+3% | 回调至MA20(7.91):+1.6% | MACD红柱(已启动) | RSI14=62(正常区) | KDJ金叉(K=65) | 乖离正常:BIAS20=1.6% | 量能健康(0.9xMA20)
002421,达实智能,2026-04-13,10.0,中回调,2.72,2.67,2.62,2.67,2.84,68.1,60.9,0.0206,67.6,54.0,94.9,1.11,3.0,-3.5,0.1,1.8,小幅涨:近10日+3% | 回调至MA20(2.67):+2.0% | MACD红柱(已启动) | RSI14=61(正常区) | KDJ金叉(K=68) | 乖离正常:BIAS20=2.0% | 量能健康(1.1xMA20)
002449,国星光电,2026-04-13,10.0,中回调,8.15,8.06,7.85,8.08,8.49,73.8,59.4,0.0508,67.3,50.9,100.2,0.62,3.3,-11.8,0.3,1.1,小幅涨:近10日+3% | 回调至MA20(8.08):+0.8% | MACD红柱(已启动) | RSI14=59(正常区) | KDJ金叉(K=67) | 乖离正常:BIAS20=0.8% | 量能健康(0.6xMA20)
002539,云图控股,2026-04-13,10.0,深回调,15.02,14.31,14.2,14.29,14.38,76.4,60.5,0.0663,69.1,56.0,95.1,1.23,3.3,-5.4,0.68,4.9,小幅涨:近10日+3% | 回调至MA60(14.38) | MACD红柱(已启动) | RSI14=61(正常区) | RSI6金叉RSI14 | KDJ金叉(K=69) | 量能健康(1.2xMA20) | 量开始放大
002675,东诚药业,2026-04-13,10.0,轻回调,13.84,14.06,14.36,13.63,13.68,1.8,63.5,0.0211,34.7,52.8,-1.5,0.69,5.2,4.3,0.74,-1.5,小幅涨:近10日+5% | 回调至MA10下:-3.6% | MACD红柱(已启动) | RSI14=63(正常区) | KDJ超卖J=-1 | 乖离正常:BIAS20=1.5% | 量能健康(0.7xMA20)
002851,麦格米特,2026-04-13,10.0,中回调,104.45,101.68,99.96,102.14,113.04,77.6,59.5,0.9471,64.9,49.7,95.1,1.04,3.2,-11.2,4.85,2.7,小幅涨:近10日+3% | 回调至MA20(102.14):+2.3% | MACD红柱(已启动) | RSI14=59(正常区) | KDJ金叉(K=65) | 乖离正常:BIAS20=2.3% | 量能健康(1.0xMA20)
002926,华西证券,2026-04-13,10.0,中回调,8.52,8.4,8.35,8.41,8.84,65.8,63.2,0.0408,58.9,48.9,78.8,0.93,2.9,-2.7,0.16,1.4,小幅涨:近10日+3% | 回调至MA20(8.41):+1.3% | MACD红柱(已启动) | RSI14=63(正常区) | KDJ金叉(K=59) | 乖离正常:BIAS20=1.3% | 量能健康(0.9xMA20)
003026,中晶科技,2026-04-13,10.0,布林撑,36.32,36.06,35.72,35.2,34.17,73.8,63.6,0.1132,68.3,66.9,71.3,0.73,2.9,5.8,1.49,0.7,小幅涨:近10日+3% | 布林下轨(33.21)获撑 | MACD红柱(已启动) | RSI14=64(正常区) | RSI6金叉RSI14 | KDJ金叉(K=68) | 量能健康(0.7xMA20)
003041,真爱美家,2026-04-13,10.0,中回调,51.72,51.63,51.27,53.03,57.68,47.2,56.1,0.2158,60.6,53.1,75.6,0.62,2.7,-26.0,2.65,0.2,小幅涨:近10日+3% | 回调至MA20(53.03):-2.5% | MACD红柱(已启动) | RSI14=56(正常区) | KDJ金叉(K=61) | 乖离正常:BIAS20=-2.5% | 量能健康(0.6xMA20)
300019,硅宝科技,2026-04-13,10.0,中回调,20.13,19.89,19.41,19.75,21.35,71.4,63.2,0.1454,67.1,55.6,90.1,1.45,2.2,-10.0,0.71,1.2,小幅涨:近10日+2% | 回调至MA20(19.75):+1.9% | MACD红柱(已启动) | RSI14=63(正常区) | KDJ金叉(K=67) | 乖离正常:BIAS20=1.9% | 量能健康(1.4xMA20)
300063,天龙集团,2026-04-13,10.0,中回调,11.77,11.88,11.58,11.57,13.31,61.4,59.9,0.1495,55.4,51.2,63.9,0.73,3.2,0.5,0.6,-0.9,小幅涨:近10日+3% | 回调至MA20(11.57):+1.7% | MACD红柱(已启动) | RSI14=60(正常区) | KDJ金叉(K=55) | 乖离正常:BIAS20=1.7% | 量能健康(0.7xMA20)
300088,长信科技,2026-04-13,10.0,中回调,6.2,6.14,6.03,6.16,6.42,78.8,61.8,0.0307,67.8,53.5,96.5,0.55,3.2,-9.0,0.19,0.9,小幅涨:近10日+3% | 回调至MA20(6.16):+0.6% | MACD红柱(已启动) | RSI14=62(正常区) | KDJ金叉(K=68) | 乖离正常:BIAS20=0.6% | 量能健康(0.5xMA20)
300166,东方国信,2026-04-13,10.0,布林撑,17.0,16.11,15.31,14.91,12.99,77.9,63.4,0.15,68.8,60.4,85.5,1.24,19.1,40.5,1.42,5.5,强势:近20日+40% | 布林下轨(12.62)获撑 | MACD红柱(已启动) | RSI14=63(正常区) | KDJ金叉(K=69) | 量能健康(1.2xMA20) | 量开始放大
300161,华中数控,2026-04-13,10.0,中回调,28.39,28.11,27.79,28.34,30.81,71.8,61.2,0.163,69.9,53.6,102.6,0.59,2.2,-11.1,0.76,1.0,小幅涨:近10日+2% | 回调至MA20(28.34):+0.2% | MACD红柱(已启动) | RSI14=61(正常区) | KDJ金叉(K=70) | 乖离正常:BIAS20=0.2% | 量能健康(0.6xMA20)
300150,世纪瑞尔,2026-04-13,10.0,中回调,5.41,5.37,5.32,5.37,5.67,59.3,63.9,0.0283,68.2,58.2,88.2,0.67,2.9,-7.0,0.2,0.8,小幅涨:近10日+3% | 回调至MA20(5.37):+0.7% | MACD红柱(已启动) | RSI14=64(正常区) | KDJ金叉(K=68) | 乖离正常:BIAS20=0.7% | 量能健康(0.7xMA20)
300162,雷曼光电,2026-04-13,10.0,中回调,9.13,9.03,8.79,8.92,8.83,89.8,57.5,0.0364,66.8,56.7,86.8,0.69,5.4,-5.1,0.51,1.1,小幅涨:近10日+5% | 回调至MA20(8.92):+2.3% | MACD红柱(已启动) | RSI14=57(正常区) | KDJ金叉(K=67) | 乖离正常:BIAS20=2.3% | 量能健康(0.7xMA20)
300170,汉得信息,2026-04-13,10.0,中回调,20.4,20.01,19.52,20.26,23.9,72.2,55.3,0.2217,69.0,50.1,106.8,0.66,4.9,-12.9,0.88,1.9,小幅涨:近10日+5% | 回调至MA20(20.26):+0.7% | MACD红柱(已启动) | RSI14=55(正常区) | KDJ金叉(K=69) | 乖离正常:BIAS20=0.7% | 量能健康(0.7xMA20)
300337,银邦股份,2026-04-13,10.0,中回调,12.69,12.51,12.7,12.56,14.44,52.8,60.5,0.1003,44.1,44.0,44.2,0.6,4.2,-2.7,0.63,1.4,小幅涨:近10日+4% | 回调至MA20(12.56):+1.1% | MACD红柱(已启动) | RSI14=60(正常区) | KDJ金叉(K=44) | 乖离正常:BIAS20=1.1% | 量能健康(0.6xMA20)
300433,蓝思科技,2026-04-13,10.0,中回调,29.71,29.55,28.81,29.12,33.7,80.4,60.9,0.3747,69.6,58.6,91.5,1.27,3.5,-5.7,1.24,0.5,小幅涨:近10日+4% | 回调至MA20(29.12):+2.0% | MACD红柱(已启动) | RSI14=61(正常区) | KDJ金叉(K=70) | 乖离正常:BIAS20=2.0% | 量能健康(1.3xMA20)
300467,迅游科技,2026-04-13,10.0,中回调,29.38,29.32,28.59,28.81,31.52,73.8,64.2,0.2847,68.6,60.0,85.7,1.07,2.5,-1.0,1.01,0.2,小幅涨:近10日+2% | 回调至MA20(28.81):+2.0% | MACD红柱(已启动) | RSI14=64(正常区) | KDJ金叉(K=69) | 乖离正常:BIAS20=2.0% | 量能健康(1.1xMA20)
300516,久之洋,2026-04-13,10.0,中回调,59.72,59.34,58.98,59.33,67.14,65.3,63.5,0.5318,55.7,47.9,71.4,0.97,2.3,-1.9,2.28,0.6,小幅涨:近10日+2% | 回调至MA20(59.33):+0.7% | MACD红柱(已启动) | RSI14=64(正常区) | KDJ金叉(K=56) | 乖离正常:BIAS20=0.7% | 量能健康(1.0xMA20)
300537,广信材料,2026-04-13,10.0,中回调,22.14,22.07,21.67,21.88,23.77,79.7,64.2,0.1875,68.4,60.5,84.3,0.76,2.9,-7.1,0.7,0.3,小幅涨:近10日+3% | 回调至MA20(21.88):+1.2% | MACD红柱(已启动) | RSI14=64(正常区) | KDJ金叉(K=68) | 乖离正常:BIAS20=1.2% | 量能健康(0.8xMA20)
300541,先进数通,2026-04-13,10.0,中回调,14.14,14.0,13.79,14.15,15.31,69.3,58.9,0.0874,69.2,52.7,102.3,0.53,2.5,-7.4,0.47,1.0,小幅涨:近10日+3% | 回调至MA20(14.15):-0.1% | MACD红柱(已启动) | RSI14=59(正常区) | KDJ金叉(K=69) | 乖离正常:BIAS20=-0.1% | 量能健康(0.5xMA20)
300550,和仁科技,2026-04-13,10.0,中回调,12.55,12.19,12.11,12.27,13.66,62.5,63.3,0.1006,60.1,53.7,72.8,2.32,4.4,-2.3,0.45,2.9,小幅涨:近10日+4% | 回调至MA20(12.27):+2.3% | MACD红柱(已启动) | RSI14=63(正常区) | KDJ金叉(K=60) | 乖离正常:BIAS20=2.3% | 量开始放大
300566,激智科技,2026-04-13,10.0,中回调,18.29,18.17,17.89,18.35,19.43,72.7,58.1,0.0911,69.6,55.1,98.7,0.58,2.5,-11.0,0.49,0.6,小幅涨:近10日+2% | 回调至MA20(18.35):-0.3% | MACD红柱(已启动) | RSI14=58(正常区) | KDJ金叉(K=70) | 乖离正常:BIAS20=-0.3% | 量能健康(0.6xMA20)
300557,理工光科,2026-04-13,10.0,中回调,34.12,34.24,33.14,33.84,36.77,72.4,62.6,0.3349,66.2,56.8,84.9,0.95,5.8,-11.8,1.24,-0.3,小幅涨:近10日+6% | 回调至MA20(33.84):+0.8% | MACD红柱(已启动) | RSI14=63(正常区) | KDJ金叉(K=66) | 乖离正常:BIAS20=0.8% | 量能健康(0.9xMA20)
300629,新劲刚,2026-04-13,10.0,中回调,23.13,22.67,22.51,23.15,25.31,69.2,57.8,0.0976,60.2,44.3,91.9,0.6,3.4,-13.1,0.83,2.0,小幅涨:近10日+3% | 回调至MA20(23.15):-0.1% | MACD红柱(已启动) | RSI14=58(正常区) | KDJ金叉(K=60) | 乖离正常:BIAS20=-0.1% | 量能健康(0.6xMA20)
300623,捷捷微电,2026-04-13,10.0,中回调,28.14,27.96,27.4,27.92,30.78,77.9,58.8,0.2629,63.8,50.0,91.3,0.87,2.7,-6.3,0.89,0.7,小幅涨:近10日+3% | 回调至MA20(27.92):+0.8% | MACD红柱(已启动) | RSI14=59(正常区) | KDJ金叉(K=64) | 乖离正常:BIAS20=0.8% | 量能健康(0.9xMA20)
300651,金陵体育,2026-04-13,10.0,轻回调,29.3,31.98,30.25,29.34,27.27,52.9,54.2,0.1331,53.3,58.9,42.0,1.02,2.4,6.4,2.92,-8.4,小幅涨:近10日+2% | 回调至MA10下:-3.1% | MACD红柱(已启动) | RSI14=54(回升区) | 乖离正常:BIAS20=-0.1% | 量能健康(1.0xMA20)
300669,沪宁股份,2026-04-13,10.0,中回调,31.5,31.61,31.44,31.66,31.96,52.1,59.9,0.041,62.1,56.7,72.9,0.61,2.3,-5.2,1.36,-0.4,小幅涨:近10日+2% | 回调至MA20(31.66):-0.5% | MACD红柱(已启动) | RSI14=60(正常区) | KDJ金叉(K=62) | 乖离正常:BIAS20=-0.5% | 量能健康(0.6xMA20)
300721,怡达股份,2026-04-13,10.0,中回调,14.26,14.24,14.01,14.1,15.2,65.6,63.0,0.1042,76.7,68.3,93.4,0.51,2.0,-11.1,0.58,0.1,小幅涨:近10日+2% | 回调至MA20(14.10):+1.1% | MACD红柱(已启动) | RSI14=63(正常区) | RSI6金叉RSI14 | 乖离正常:BIAS20=1.1% | 量能健康(0.5xMA20)
300762,上海瀚讯,2026-04-13,10.0,中回调,36.15,36.2,36.06,35.59,40.62,47.3,64.8,0.3418,57.7,57.3,58.4,0.86,6.0,-0.9,1.75,-0.1,小幅涨:近10日+6% | 回调至MA20(35.59):+1.6% | MACD红柱(已启动) | RSI14=65(正常区) | KDJ金叉(K=58) | 乖离正常:BIAS20=1.6% | 量能健康(0.9xMA20)
300785,值得买,2026-04-13,10.0,中回调,49.21,49.65,48.75,48.77,57.65,58.1,61.0,0.6362,55.9,52.7,62.5,0.81,2.2,-0.8,2.18,-0.9,小幅涨:近10日+2% | 回调至MA20(48.77):+0.9% | MACD红柱(已启动) | RSI14=61(正常区) | KDJ金叉(K=56) | 乖离正常:BIAS20=0.9% | 量能健康(0.8xMA20)
300788,中信出版,2026-04-13,10.0,中回调,31.3,30.93,30.28,31.14,33.03,66.5,56.6,0.1937,56.0,45.4,77.0,0.98,3.3,-13.1,1.21,1.2,小幅涨:近10日+3% | 回调至MA20(31.14):+0.5% | MACD红柱(已启动) | RSI14=57(正常区) | KDJ金叉(K=56) | 乖离正常:BIAS20=0.5% | 量能健康(1.0xMA20)
300800,力合科技,2026-04-13,10.0,中回调,11.86,11.82,11.74,11.85,12.43,57.3,61.9,0.0456,66.7,59.2,81.8,0.77,2.2,-7.1,0.45,0.4,小幅涨:近10日+2% | 回调至MA20(11.85):+0.1% | MACD红柱(已启动) | RSI14=62(正常区) | KDJ金叉(K=67) | 乖离正常:BIAS20=0.1% | 量能健康(0.8xMA20)
300792,壹网壹创,2026-04-13,10.0,中回调,34.95,35.24,34.36,34.99,39.71,60.1,58.4,0.334,64.8,55.5,83.2,0.91,2.8,-5.9,1.31,-0.8,小幅涨:近10日+3% | 回调至MA20(34.99):-0.1% | MACD红柱(已启动) | RSI14=58(正常区) | KDJ金叉(K=65) | 乖离正常:BIAS20=-0.1% | 量能健康(0.9xMA20)
300802,矩子科技,2026-04-13,10.0,中回调,18.72,18.73,18.33,18.76,20.19,73.6,62.9,0.1359,70.0,60.0,90.0,0.7,4.0,-9.4,0.62,-0.0,小幅涨:近10日+4% | 回调至MA20(18.76):-0.2% | MACD红柱(已启动) | RSI14=63(正常区) | KDJ金叉(K=70) | 乖离正常:BIAS20=-0.2% | 量能健康(0.7xMA20)
300840,酷特智能,2026-04-13,10.0,中回调,18.51,18.04,17.71,18.02,19.18,68.6,61.3,0.1478,59.4,47.9,82.3,0.79,4.1,0.9,0.95,2.6,小幅涨:近10日+4% | 回调至MA20(18.02):+2.7% | MACD红柱(已启动) | RSI14=61(正常区) | KDJ金叉(K=59) | 乖离正常:BIAS20=2.7% | 量能健康(0.8xMA20)
300846,首都在线,2026-04-13,10.0,中回调,30.14,29.37,28.89,29.6,29.13,70.3,56.3,0.0324,66.9,51.9,96.8,0.8,5.5,-6.0,1.9,2.6,小幅涨:近10日+5% | 回调至MA20(29.60):+1.8% | MACD红柱(已启动) | RSI14=56(正常区) | KDJ金叉(K=67) | 乖离正常:BIAS20=1.8% | 量能健康(0.8xMA20)
300862,蓝盾光电,2026-04-13,10.0,中回调,22.4,22.05,21.71,22.04,23.57,65.7,61.1,0.1774,61.3,52.6,78.7,1.24,4.8,-3.5,0.84,1.6,小幅涨:近10日+5% | 回调至MA20(22.04):+1.6% | MACD红柱(已启动) | RSI14=61(正常区) | KDJ金叉(K=61) | 乖离正常:BIAS20=1.6% | 量能健康(1.2xMA20)
300900,广联航空,2026-04-13,10.0,中回调,38.24,37.68,38.25,37.49,37.69,40.9,52.1,0.1004,59.5,60.3,58.0,0.6,20.3,0.3,3.25,1.5,上涨:近10日+20% | 回调至MA20(37.49):+2.0% | MACD红柱(已启动) | RSI14=52(回升区) | 乖离正常:BIAS20=2.0% | 量能健康(0.6xMA20)
300930,屹通新材,2026-04-13,10.0,中回调,29.66,29.49,28.94,29.19,31.26,64.3,61.1,0.2249,66.8,59.5,81.4,0.47,3.2,-8.7,1.33,0.6,小幅涨:近10日+3% | 回调至MA20(29.19):+1.6% | MACD红柱(已启动) | RSI14=61(正常区) | KDJ金叉(K=67) | 乖离正常:BIAS20=1.6% | 量能健康(0.5xMA20)
300952,恒辉安防,2026-04-13,10.0,中回调,36.19,36.32,36.11,36.34,42.21,52.8,60.1,0.3549,60.2,54.2,72.2,0.8,3.3,-7.4,1.52,-0.4,小幅涨:近10日+3% | 回调至MA20(36.34):-0.4% | MACD红柱(已启动) | RSI14=60(正常区) | KDJ金叉(K=60) | 乖离正常:BIAS20=-0.4% | 量能健康(0.8xMA20)
600151,航天机电,2026-04-13,10.0,中回调,13.61,13.4,13.32,13.28,15.05,61.5,63.2,0.1489,53.1,46.4,66.4,1.03,4.5,-1.3,0.62,1.6,小幅涨:近10日+4% | 回调至MA20(13.28):+2.5% | MACD红柱(已启动) | RSI14=63(正常区) | KDJ金叉(K=53) | 乖离正常:BIAS20=2.5% | 量能健康(1.0xMA20)
600172,黄河旋风,2026-04-13,10.0,中回调,8.34,8.34,8.11,8.31,8.06,88.1,58.6,0.0122,65.5,56.4,83.7,0.74,5.6,-19.2,0.43,-0.0,小幅涨:近10日+6% | 回调至MA20(8.31):+0.4% | MACD红柱(已启动) | RSI14=59(正常区) | KDJ金叉(K=65) | 乖离正常:BIAS20=0.4% | 量能健康(0.7xMA20)
600182,S佳通,2026-04-13,10.0,中回调,14.21,13.79,13.71,13.85,14.51,72.9,64.2,0.068,63.7,50.0,91.1,2.23,3.3,-1.9,0.3,3.0,小幅涨:近10日+3% | 回调至MA20(13.85):+2.6% | MACD红柱(已启动) | RSI14=64(正常区) | KDJ金叉(K=64) | 乖离正常:BIAS20=2.6% | 量开始放大
600219,南山铝业,2026-04-13,10.0,中回调,6.16,6.23,6.2,6.21,6.68,48.7,58.9,0.0255,52.9,51.3,56.1,0.59,4.4,-16.4,0.27,-1.1,小幅涨:近10日+4% | 回调至MA20(6.21):-0.9% | MACD红柱(已启动) | RSI14=59(正常区) | KDJ金叉(K=53) | 乖离正常:BIAS20=-0.9% | 量能健康(0.6xMA20)
600218,全柴动力,2026-04-13,10.0,中回调,9.7,9.6,9.32,9.54,10.4,68.8,58.7,0.1065,64.1,49.5,93.3,1.46,2.3,-10.4,0.37,1.0,小幅涨:近10日+2% | 回调至MA20(9.54):+1.7% | MACD红柱(已启动) | RSI14=59(正常区) | KDJ金叉(K=64) | 乖离正常:BIAS20=1.7% | 量能健康(1.5xMA20)
600418,江淮汽车,2026-04-13,10.0,中回调,46.31,46.69,46.21,46.57,50.46,58.2,56.0,0.2946,61.4,58.8,66.7,0.96,2.3,-5.5,1.44,-0.8,小幅涨:近10日+2% | 回调至MA20(46.57):-0.5% | MACD红柱(已启动) | RSI14=56(正常区) | KDJ金叉(K=61) | 乖离正常:BIAS20=-0.5% | 量能健康(1.0xMA20)
600512,腾达建设,2026-04-13,10.0,中回调,2.47,2.47,2.46,2.45,2.48,50.0,60.9,0.0051,51.0,49.9,53.1,0.63,2.1,-4.6,0.14,0.2,小幅涨:近10日+2% | 回调至MA20(2.45):+0.7% | MACD红柱(已启动) | RSI14=61(正常区) | KDJ金叉(K=51) | 乖离正常:BIAS20=0.7% | 量能健康(0.6xMA20)
600528,中铁工业,2026-04-13,10.0,轻回调,7.96,8.08,8.31,8.15,8.32,23.9,56.3,-0.021,22.0,31.3,3.4,0.46,2.6,-8.7,0.42,-1.5,小幅涨:近10日+3% | 回调至MA10下:-4.3% | MACD绿柱收窄(-0.0210) | RSI14=56(正常区) | KDJ超卖J=3 | 乖离正常:BIAS20=-2.3% | 量能健康(0.5xMA20)
600531,豫光金铅,2026-04-13,10.0,中回调,13.55,13.49,13.3,13.41,15.73,66.3,63.9,0.1658,65.0,58.0,78.9,0.61,3.4,-12.0,0.55,0.4,小幅涨:近10日+3% | 回调至MA20(13.41):+1.1% | MACD红柱(已启动) | RSI14=64(正常区) | KDJ金叉(K=65) | 乖离正常:BIAS20=1.1% | 量能健康(0.6xMA20)
600633,浙数文化,2026-04-13,10.0,中回调,12.57,12.54,12.37,12.46,14.03,62.1,59.1,0.1192,64.3,53.0,86.9,0.66,2.5,-2.6,0.38,0.2,小幅涨:近10日+3% | 回调至MA20(12.46):+0.9% | MACD红柱(已启动) | RSI14=59(正常区) | KDJ金叉(K=64) | 乖离正常:BIAS20=0.9% | 量能健康(0.7xMA20)
600815,厦工股份,2026-04-13,10.0,布林撑,4.08,3.78,3.81,3.77,3.4,68.2,55.4,-0.0156,44.8,36.4,61.6,0.93,-4.0,29.9,0.35,8.0,"强势:近20日+30% | 布林下轨(3.10)获撑 | MACD绿柱收窄(-0.0156) | RSI14=55(正常区) | RSI6金叉RSI14 | KDJ金叉(K=45) | 量能健康(0.9xMA20) | 量开始放大 | 偏离MA5过大,追高风险"
600877,电科芯片,2026-04-13,10.0,中回调,16.21,16.06,15.96,16.16,18.84,64.3,62.3,0.1563,64.0,55.8,80.4,0.82,2.5,-7.2,0.5,0.9,小幅涨:近10日+2% | 回调至MA20(16.16):+0.3% | MACD红柱(已启动) | RSI14=62(正常区) | KDJ金叉(K=64) | 乖离正常:BIAS20=0.3% | 量能健康(0.8xMA20)
600927,永安期货,2026-04-13,10.0,中回调,14.11,13.92,13.79,14.05,15.08,76.5,56.9,0.0722,59.6,45.7,87.5,0.93,2.1,-3.1,0.32,1.3,小幅涨:近10日+2% | 回调至MA20(14.05):+0.4% | MACD红柱(已启动) | RSI14=57(正常区) | KDJ金叉(K=60) | 乖离正常:BIAS20=0.4% | 量能健康(0.9xMA20)
601059,信达证券,2026-04-13,10.0,中回调,16.91,16.65,16.53,16.7,17.34,69.2,61.1,0.0724,64.7,51.3,91.4,0.77,2.9,-3.0,0.32,1.6,小幅涨:近10日+3% | 回调至MA20(16.70):+1.2% | MACD红柱(已启动) | RSI14=61(正常区) | KDJ金叉(K=65) | 乖离正常:BIAS20=1.2% | 量能健康(0.8xMA20)
601099,太平洋,2026-04-13,10.0,中回调,3.85,3.78,3.75,3.8,4.06,67.4,61.2,0.0203,60.5,49.7,82.2,1.16,2.1,-3.5,0.1,2.0,小幅涨:近10日+2% | 回调至MA20(3.80):+1.2% | MACD红柱(已启动) | RSI14=61(正常区) | KDJ金叉(K=61) | 乖离正常:BIAS20=1.2% | 量能健康(1.2xMA20)
601198,东兴证券,2026-04-13,10.0,中回调,12.86,12.67,12.55,12.74,13.49,70.2,59.7,0.0671,63.2,50.0,89.7,0.83,2.3,-5.0,0.28,1.5,小幅涨:近10日+2% | 回调至MA20(12.74):+1.0% | MACD红柱(已启动) | RSI14=60(正常区) | KDJ金叉(K=63) | 乖离正常:BIAS20=1.0% | 量能健康(0.8xMA20)
601187,厦门银行,2026-04-13,10.0,中回调,7.57,7.58,7.65,7.61,7.4,31.7,56.8,-0.0211,37.4,47.9,16.4,0.92,2.2,2.3,0.21,-0.1,小幅涨:近10日+2% | 回调至MA20(7.61):-0.6% | MACD绿柱收窄(-0.0211) | RSI14=57(正常区) | KDJ超卖J=16 | 乖离正常:BIAS20=-0.6% | 量能健康(0.9xMA20) | 量开始放大
601456,国联民生,2026-04-13,10.0,中回调,9.31,9.19,9.14,9.19,9.56,71.4,63.3,0.0407,57.5,44.9,82.7,1.14,2.2,-1.3,0.16,1.3,小幅涨:近10日+2% | 回调至MA20(9.19):+1.3% | MACD红柱(已启动) | RSI14=63(正常区) | KDJ金叉(K=57) | 乖离正常:BIAS20=1.3% | 量能健康(1.1xMA20)
601698,中国卫通,2026-04-13,10.0,中回调,32.71,32.39,32.39,32.54,36.72,61.6,60.7,0.1936,46.6,41.3,57.1,0.76,2.9,-8.2,1.14,1.0,小幅涨:近10日+3% | 回调至MA20(32.54):+0.5% | MACD红柱(已启动) | RSI14=61(正常区) | KDJ金叉(K=47) | 乖离正常:BIAS20=0.5% | 量能健康(0.8xMA20)
601900,南方传媒,2026-04-13,10.0,中回调,13.16,13.24,13.1,13.22,14.32,57.5,59.0,0.0822,62.6,55.4,77.0,0.77,2.4,-5.8,0.29,-0.6,小幅涨:近10日+2% | 回调至MA20(13.22):-0.5% | MACD红柱(已启动) | RSI14=59(正常区) | KDJ金叉(K=63) | 乖离正常:BIAS20=-0.5% | 量能健康(0.8xMA20)
601975,招商南油,2026-04-13,10.0,轻回调,4.63,4.95,4.79,4.73,4.13,41.7,54.7,-0.0167,53.3,58.9,42.0,0.83,4.0,5.9,0.37,-6.4,小幅涨:近10日+4% | 回调至MA10下:-3.3% | MACD绿柱收窄(-0.0167) | RSI14=55(回升区) | 乖离正常:BIAS20=-2.1% | 量能健康(0.8xMA20)
601995,中金公司,2026-04-13,10.0,中回调,33.41,32.79,32.61,32.94,34.19,68.9,60.2,0.131,60.5,45.9,89.6,0.97,2.1,-2.2,0.63,1.9,小幅涨:近10日+2% | 回调至MA20(32.94):+1.4% | MACD红柱(已启动) | RSI14=60(正常区) | KDJ金叉(K=60) | 乖离正常:BIAS20=1.4% | 量能健康(1.0xMA20)
603138,海量数据,2026-04-13,10.0,深回调,20.42,19.56,19.52,19.71,19.36,67.7,61.2,0.0375,56.6,46.2,77.3,0.95,8.6,0.6,1.29,4.4,上涨:近10日+9% | 回调至MA60(19.36) | MACD红柱(已启动) | RSI14=61(正常区) | RSI6金叉RSI14 | KDJ金叉(K=57) | 量能健康(0.9xMA20)
603219,富佳股份,2026-04-13,10.0,中回调,16.41,16.39,16.07,16.42,17.43,66.5,61.3,0.1238,67.2,58.0,85.5,0.66,5.7,-2.7,0.55,0.1,小幅涨:近10日+6% | 回调至MA20(16.42):-0.1% | MACD红柱(已启动) | RSI14=61(正常区) | KDJ金叉(K=67) | 乖离正常:BIAS20=-0.1% | 量能健康(0.7xMA20)
603257,中国瑞林,2026-04-13,10.0,中回调,56.61,55.7,54.81,56.36,60.5,67.2,60.0,0.3492,69.4,53.6,100.9,0.7,2.4,-13.3,1.98,1.6,小幅涨:近10日+2% | 回调至MA20(56.36):+0.4% | MACD红柱(已启动) | RSI14=60(正常区) | KDJ金叉(K=69) | 乖离正常:BIAS20=0.4% | 量能健康(0.7xMA20)
603269,海鸥股份,2026-04-13,10.0,中回调,14.55,13.96,13.69,14.16,13.84,80.2,58.7,0.0167,68.0,48.2,107.5,0.98,4.6,-10.5,0.68,4.2,小幅涨:近10日+5% | 回调至MA20(14.16):+2.8% | MACD红柱(已启动) | RSI14=59(正常区) | KDJ金叉(K=68) | 乖离正常:BIAS20=2.8% | 量能健康(1.0xMA20)
603297,永新光学,2026-04-13,10.0,中回调,108.5,108.04,105.01,106.15,112.24,75.1,63.1,1.008,58.0,54.3,65.4,0.99,6.0,-6.4,4.43,0.4,小幅涨:近10日+6% | 回调至MA20(106.15):+2.2% | MACD红柱(已启动) | RSI14=63(正常区) | KDJ金叉(K=58) | 乖离正常:BIAS20=2.2% | 量能健康(1.0xMA20)
603583,捷昌驱动,2026-04-13,10.0,中回调,33.14,32.92,32.68,32.6,35.5,51.1,64.0,0.2671,60.6,56.0,69.6,0.8,4.1,-2.4,0.88,0.7,小幅涨:近10日+4% | 回调至MA20(32.60):+1.7% | MACD红柱(已启动) | RSI14=64(正常区) | KDJ金叉(K=61) | 乖离正常:BIAS20=1.7% | 量能健康(0.8xMA20)
603619,中曼石油,2026-04-13,10.0,布林撑,37.27,35.9,35.32,35.37,34.02,61.4,53.6,0.0692,66.9,55.2,90.3,1.08,5.8,2.1,1.99,3.8,小幅涨:近10日+6% | 布林下轨(33.07)获撑 | MACD红柱(已启动) | RSI14=54(回升区) | KDJ金叉(K=67) | 量能健康(1.1xMA20) | 量开始放大
603638,艾迪精密,2026-04-13,10.0,中回调,20.13,20.11,19.89,20.09,21.7,60.6,58.7,0.14,65.1,55.3,84.7,0.89,2.5,-9.0,0.6,0.1,小幅涨:近10日+2% | 回调至MA20(20.09):+0.2% | MACD红柱(已启动) | RSI14=59(正常区) | KDJ金叉(K=65) | 乖离正常:BIAS20=0.2% | 量能健康(0.9xMA20)
603655,朗博科技,2026-04-13,10.0,中回调,39.48,38.89,37.92,38.36,40.67,90.6,63.1,0.3191,68.3,54.6,95.8,0.7,4.4,-1.3,1.78,1.5,小幅涨:近10日+4% | 回调至MA20(38.36):+2.9% | MACD红柱(已启动) | RSI14=63(正常区) | KDJ金叉(K=68) | 乖离正常:BIAS20=2.9% | 量能健康(0.7xMA20)
603855,华荣股份,2026-04-13,10.0,中回调,19.49,19.71,19.39,19.43,19.75,55.2,63.2,0.0905,60.0,58.6,62.7,0.88,2.7,-3.8,0.49,-1.1,小幅涨:近10日+3% | 回调至MA20(19.43):+0.3% | MACD红柱(已启动) | RSI14=63(正常区) | KDJ金叉(K=60) | 乖离正常:BIAS20=0.3% | 量能健康(0.9xMA20)
605007,五洲特纸,2026-04-13,10.0,中回调,14.04,14.02,13.77,13.97,14.53,63.8,55.6,0.0522,58.4,50.6,74.2,0.55,2.9,-15.4,0.47,0.1,小幅涨:近10日+3% | 回调至MA20(13.97):+0.5% | MACD红柱(已启动) | RSI14=56(正常区) | KDJ金叉(K=58) | 乖离正常:BIAS20=0.5% | 量能健康(0.6xMA20)
605598,上海港湾,2026-04-13,10.0,中回调,47.51,47.2,46.83,46.94,54.58,63.4,57.2,0.5325,60.7,51.7,78.6,0.78,3.3,-1.3,1.81,0.7,小幅涨:近10日+3% | 回调至MA20(46.94):+1.2% | MACD红柱(已启动) | RSI14=57(正常区) | KDJ金叉(K=61) | 乖离正常:BIAS20=1.2% | 量能健康(0.8xMA20)
688012,中微公司,2026-04-13,10.0,中回调,316.58,314.63,310.25,310.09,335.79,69.9,58.9,2.8517,62.4,53.5,80.3,1.07,3.6,1.2,14.0,0.6,小幅涨:近10日+4% | 回调至MA20(310.09):+2.1% | MACD红柱(已启动) | RSI14=59(正常区) | KDJ金叉(K=62) | 乖离正常:BIAS20=2.1% | 量能健康(1.1xMA20)
688015,交控科技,2026-04-13,10.0,中回调,22.47,22.13,21.96,22.16,24.0,70.8,64.4,0.161,54.4,44.9,73.4,0.69,4.5,-6.8,0.78,1.6,小幅涨:近10日+4% | 回调至MA20(22.16):+1.4% | MACD红柱(已启动) | RSI14=64(正常区) | KDJ金叉(K=54) | 乖离正常:BIAS20=1.4% | 量能健康(0.7xMA20)
688023,安恒信息,2026-04-13,10.0,中回调,50.48,49.4,48.61,49.96,54.92,63.6,58.3,0.3613,67.9,52.4,99.1,0.66,5.6,-11.9,2.03,2.2,小幅涨:近10日+6% | 回调至MA20(49.96):+1.0% | MACD红柱(已启动) | RSI14=58(正常区) | KDJ金叉(K=68) | 乖离正常:BIAS20=1.0% | 量能健康(0.7xMA20)
688055,龙腾光电,2026-04-13,10.0,中回调,4.2,4.16,4.03,4.11,3.96,83.6,58.4,0.0107,62.4,49.2,88.9,0.6,3.7,-5.0,0.23,0.9,小幅涨:近10日+4% | 回调至MA20(4.11):+2.2% | MACD红柱(已启动) | RSI14=58(正常区) | KDJ金叉(K=62) | 乖离正常:BIAS20=2.2% | 量能健康(0.6xMA20)
688098,申联生物,2026-04-13,10.0,轻回调,8.91,9.58,9.27,8.9,9.32,41.6,59.6,0.0689,37.7,54.2,4.6,1.08,3.6,-1.1,0.57,-7.0,小幅涨:近10日+4% | 回调至MA10下:-3.9% | MACD红柱(已启动) | RSI14=60(正常区) | KDJ超卖J=5 | 乖离正常:BIAS20=0.1% | 量能健康(1.1xMA20)
688261,东微半导,2026-04-13,10.0,中回调,73.24,72.12,70.52,73.33,87.53,81.2,57.2,0.9135,63.8,46.9,97.7,0.94,2.8,-14.2,3.21,1.6,小幅涨:近10日+3% | 回调至MA20(73.33):-0.1% | MACD红柱(已启动) | RSI14=57(正常区) | KDJ金叉(K=64) | 乖离正常:BIAS20=-0.1% | 量能健康(0.9xMA20)
688280,精进电动,2026-04-13,10.0,中回调,10.08,10.05,9.88,10.04,10.11,74.4,61.9,0.0335,64.1,55.3,81.8,0.66,3.7,-6.2,0.4,0.3,小幅涨:近10日+4% | 回调至MA20(10.04):+0.3% | MACD红柱(已启动) | RSI14=62(正常区) | KDJ金叉(K=64) | 乖离正常:BIAS20=0.3% | 量能健康(0.7xMA20)
688352,颀中科技,2026-04-13,10.0,中回调,12.67,12.56,12.3,12.52,13.75,84.5,64.6,0.1158,63.6,51.6,87.6,0.86,3.3,-6.5,0.36,0.8,小幅涨:近10日+3% | 回调至MA20(12.52):+1.2% | MACD红柱(已启动) | RSI14=65(正常区) | KDJ金叉(K=64) | 乖离正常:BIAS20=1.2% | 量能健康(0.9xMA20)
688377,迪威尔,2026-04-13,10.0,中回调,37.98,37.27,37.0,37.76,41.45,62.3,59.9,0.2577,53.3,43.1,73.6,0.83,2.4,-13.5,1.43,1.9,小幅涨:近10日+2% | 回调至MA20(37.76):+0.6% | MACD红柱(已启动) | RSI14=60(正常区) | KDJ金叉(K=53) | 乖离正常:BIAS20=0.6% | 量能健康(0.8xMA20)
688387,信科移动,2026-04-13,10.0,中回调,14.84,14.87,14.77,14.66,16.25,56.5,56.8,0.1094,58.8,55.8,64.8,0.69,4.4,1.6,0.96,-0.2,小幅涨:近10日+4% | 回调至MA20(14.66):+1.2% | MACD红柱(已启动) | RSI14=57(正常区) | KDJ金叉(K=59) | 乖离正常:BIAS20=1.2% | 量能健康(0.7xMA20)
688391,钜泉科技,2026-04-13,10.0,中回调,30.33,30.01,29.62,30.1,31.54,68.6,56.5,0.1544,65.2,51.4,92.6,0.6,3.1,-3.1,0.94,1.1,小幅涨:近10日+3% | 回调至MA20(30.10):+0.8% | MACD红柱(已启动) | RSI14=56(正常区) | KDJ金叉(K=65) | 乖离正常:BIAS20=0.8% | 量能健康(0.6xMA20)
688432,有研硅,2026-04-13,10.0,中回调,14.27,14.28,13.92,14.14,14.57,81.2,59.4,0.0732,67.5,56.2,90.1,0.8,3.7,-6.4,0.47,-0.1,小幅涨:近10日+4% | 回调至MA20(14.14):+0.9% | MACD红柱(已启动) | RSI14=59(正常区) | KDJ金叉(K=67) | 乖离正常:BIAS20=0.9% | 量能健康(0.8xMA20)
688456,有研粉材,2026-04-13,10.0,中回调,55.25,54.72,53.19,53.99,59.6,72.8,61.0,0.6613,67.4,53.5,95.3,0.97,5.5,-6.2,2.24,1.0,小幅涨:近10日+6% | 回调至MA20(53.99):+2.3% | MACD红柱(已启动) | RSI14=61(正常区) | KDJ金叉(K=67) | 乖离正常:BIAS20=2.3% | 量能健康(1.0xMA20)
688549,中巨芯,2026-04-13,10.0,中回调,9.17,9.14,8.89,9.04,9.68,82.5,58.0,0.0695,62.6,52.4,83.1,0.85,3.0,-6.0,0.41,0.3,小幅涨:近10日+3% | 回调至MA20(9.04):+1.4% | MACD红柱(已启动) | RSI14=58(正常区) | KDJ金叉(K=63) | 乖离正常:BIAS20=1.4% | 量能健康(0.9xMA20)
688562,航天软件,2026-04-13,10.0,中回调,19.15,18.81,18.79,18.87,21.41,60.0,63.1,0.1677,45.7,40.8,55.5,0.74,5.1,-4.4,0.69,1.8,小幅涨:近10日+5% | 回调至MA20(18.87):+1.5% | MACD红柱(已启动) | RSI14=63(正常区) | KDJ金叉(K=46) | 乖离正常:BIAS20=1.5% | 量能健康(0.7xMA20)
688585,上纬新材,2026-04-13,10.0,深回调,124.75,123.12,120.82,120.55,131.27,80.4,57.0,1.1097,69.9,58.1,93.3,0.84,6.5,0.6,6.66,1.3,上涨:近10日+7% | 回调至MA60(131.27) | MACD红柱(已启动) | RSI14=57(正常区) | RSI6金叉RSI14 | KDJ金叉(K=70) | 量能健康(0.8xMA20)
688697,纽威数控,2026-04-13,10.0,中回调,14.74,14.65,14.45,14.65,15.42,65.1,59.6,0.0699,61.7,49.9,85.4,0.57,2.7,-8.6,0.37,0.6,小幅涨:近10日+3% | 回调至MA20(14.65):+0.6% | MACD红柱(已启动) | RSI14=60(正常区) | KDJ金叉(K=62) | 乖离正常:BIAS20=0.6% | 量能健康(0.6xMA20)
688711,宏微科技,2026-04-13,10.0,中回调,27.47,27.1,26.64,27.17,30.43,80.4,61.8,0.253,68.0,53.5,97.0,0.71,2.8,-9.4,0.98,1.4,小幅涨:近10日+3% | 回调至MA20(27.17):+1.1% | MACD红柱(已启动) | RSI14=62(正常区) | KDJ金叉(K=68) | 乖离正常:BIAS20=1.1% | 量能健康(0.7xMA20)
000623,吉林敖东,2026-04-13,9.5,中回调,18.24,17.97,17.82,17.83,18.89,65.9,69.1,0.122,69.7,64.2,80.5,1.02,4.0,-2.5,0.4,1.5,小幅涨:近10日+4% | 回调至MA20(17.83):+2.3% | MACD红柱(已启动) | KDJ金叉(K=70) | 乖离正常:BIAS20=2.3% | 量能健康(1.0xMA20) | 量开始放大
000686,东北证券,2026-04-13,9.5,中回调,8.33,8.17,8.12,8.18,8.76,67.1,65.8,0.0545,65.2,55.2,85.2,1.2,3.5,-3.3,0.18,1.9,小幅涨:近10日+3% | 回调至MA20(8.18):+1.9% | MACD红柱(已启动) | KDJ金叉(K=65) | 乖离正常:BIAS20=1.9% | 量能健康(1.2xMA20) | 量开始放大
000895,双汇发展,2026-04-13,9.5,中回调,28.51,27.89,28.09,28.04,26.87,46.9,62.7,-0.0421,55.3,52.8,60.1,1.15,2.0,2.1,0.69,2.2,小幅涨:近10日+2% | 回调至MA20(28.04):+1.7% | MACD绿柱(-0.0421) | RSI14=63(正常区) | KDJ金叉(K=55) | 乖离正常:BIAS20=1.7% | 量能健康(1.1xMA20) | 量开始放大
000913,钱江摩托,2026-04-13,9.5,中回调,14.89,14.65,15.07,15.01,15.48,39.7,56.6,-0.0179,24.1,29.2,13.8,0.69,4.4,-6.4,0.64,1.7,小幅涨:近10日+4% | 回调至MA20(15.01):-0.8% | MACD绿柱收窄(-0.0179) | RSI14=57(正常区) | KDJ超卖J=14 | 乖离正常:BIAS20=-0.8% | 量能健康(0.7xMA20)
000936,华西股份,2026-04-13,9.5,中回调,7.56,7.46,7.35,7.39,8.07,70.6,65.4,0.0648,77.7,65.6,101.9,0.96,3.6,-3.7,0.23,1.3,小幅涨:近10日+4% | 回调至MA20(7.39):+2.3% | MACD红柱(已启动) | RSI6金叉RSI14 | 乖离正常:BIAS20=2.3% | 量能健康(1.0xMA20) | 量开始放大
000987,越秀资本,2026-04-13,9.5,深回调,8.81,8.37,8.37,8.48,9.4,71.9,61.1,0.0558,44.4,34.0,65.2,2.02,4.0,-1.9,0.36,5.3,小幅涨:近10日+4% | 回调至MA60(9.40) | MACD红柱(已启动) | RSI14=61(正常区) | RSI6金叉RSI14 | KDJ金叉(K=44) | 量开始放大
001216,华瓷股份,2026-04-13,9.5,中回调,18.98,19.18,18.77,18.62,18.84,35.1,73.1,0.1229,68.9,66.7,73.3,0.67,9.1,-7.5,0.78,-1.0,上涨:近10日+9% | 回调至MA20(18.62):+1.9% | MACD红柱(已启动) | KDJ金叉(K=69) | 乖离正常:BIAS20=1.9% | 量能健康(0.7xMA20)
002111,威海广泰,2026-04-13,9.5,中回调,10.03,9.82,9.77,9.83,10.51,64.3,65.8,0.0697,68.0,57.0,89.9,0.86,5.8,-4.7,0.32,2.2,小幅涨:近10日+6% | 回调至MA20(9.83):+2.1% | MACD红柱(已启动) | KDJ金叉(K=68) | 乖离正常:BIAS20=2.1% | 量能健康(0.9xMA20) | 量开始放大
002144,宏达高科,2026-04-13,9.5,中回调,14.97,14.81,14.67,14.7,14.81,62.2,68.5,0.0551,66.5,63.7,72.0,0.94,2.9,-5.6,0.53,1.1,小幅涨:近10日+3% | 回调至MA20(14.70):+1.8% | MACD红柱(已启动) | KDJ金叉(K=66) | 乖离正常:BIAS20=1.8% | 量能健康(0.9xMA20) | 量开始放大
002465,海格通信,2026-04-13,9.5,中回调,15.05,14.83,14.79,14.9,17.21,66.4,66.3,0.1197,52.4,44.6,68.1,1.0,2.2,-5.9,0.49,1.5,小幅涨:近10日+2% | 回调至MA20(14.90):+1.0% | MACD红柱(已启动) | KDJ金叉(K=52) | 乖离正常:BIAS20=1.0% | 量能健康(1.0xMA20) | 量开始放大
002472,双环传动,2026-04-13,9.5,中回调,37.96,37.07,36.51,37.1,40.71,74.3,54.3,0.3585,75.1,58.0,109.4,0.8,3.8,-0.6,1.23,2.4,小幅涨:近10日+4% | 回调至MA20(37.10):+2.3% | MACD红柱(已启动) | RSI14=54(回升区) | 乖离正常:BIAS20=2.3% | 量能健康(0.8xMA20)
002492,恒基达鑫,2026-04-13,9.5,中回调,7.8,7.67,7.54,7.61,8.35,59.9,65.5,0.0814,66.9,57.4,85.9,1.59,5.0,-5.2,0.33,1.7,小幅涨:近10日+5% | 回调至MA20(7.61):+2.4% | MACD红柱(已启动) | KDJ金叉(K=67) | 乖离正常:BIAS20=2.4% | 量能健康(1.6xMA20) | 量开始放大
002531,天顺风能,2026-04-13,9.5,布林撑,11.66,11.3,11.26,11.29,9.69,69.1,63.5,-0.0579,69.9,61.0,87.8,0.72,7.1,-6.1,0.63,3.2,上涨:近10日+7% | 布林下轨(10.64)获撑 | MACD绿柱(-0.0579) | RSI14=63(正常区) | RSI6金叉RSI14 | KDJ金叉(K=70) | 量能健康(0.7xMA20)
002637,赞宇科技,2026-04-13,9.5,中回调,12.19,12.16,11.85,12.18,12.95,65.2,52.7,0.0772,75.8,62.6,102.2,0.56,5.9,-23.2,0.54,0.2,小幅涨:近10日+6% | 回调至MA20(12.18):+0.1% | MACD红柱(已启动) | RSI14=53(回升区) | 乖离正常:BIAS20=0.1% | 量能健康(0.6xMA20)
300328,宜安科技,2026-04-13,9.5,中回调,16.86,17.1,17.05,17.25,17.51,52.3,53.5,-0.005,41.5,43.1,38.2,0.96,2.6,-13.5,1.01,-1.4,小幅涨:近10日+3% | 回调至MA20(17.25):-2.2% | MACD绿柱收窄(-0.0050) | RSI14=54(回升区) | 乖离正常:BIAS20=-2.2% | 量能健康(1.0xMA20)
300485,赛升药业,2026-04-13,9.5,中回调,11.16,11.52,11.37,10.99,11.17,37.9,64.2,0.0726,42.9,57.5,13.7,1.22,3.3,2.4,0.62,-3.1,小幅涨:近10日+3% | 回调至MA20(10.99):+1.5% | MACD红柱(已启动) | RSI14=64(正常区) | KDJ超卖J=14 | 乖离正常:BIAS20=1.5% | 量能健康(1.2xMA20)
300486,东杰智能,2026-04-13,9.5,中回调,24.94,24.66,24.5,24.41,23.33,43.1,68.0,0.0415,58.3,54.7,65.3,0.74,7.6,2.8,1.13,1.1,上涨:近10日+8% | 回调至MA20(24.41):+2.2% | MACD红柱(已启动) | KDJ金叉(K=58) | 乖离正常:BIAS20=2.2% | 量能健康(0.7xMA20)
300504,天邑股份,2026-04-13,9.5,中回调,16.0,15.91,15.42,15.65,15.58,89.2,67.0,0.0857,68.5,63.6,78.3,0.68,6.1,-9.8,0.68,0.5,上涨:近10日+6% | 回调至MA20(15.65):+2.2% | MACD红柱(已启动) | KDJ金叉(K=69) | 乖离正常:BIAS20=2.2% | 量能健康(0.7xMA20)
300559,佳发教育,2026-04-13,9.5,中回调,13.5,14.1,13.76,13.21,12.75,40.9,57.8,0.0601,58.6,68.9,38.1,0.9,-2.0,17.2,0.79,-4.2,强势:近20日+17% | 回调至MA20(13.21):+2.2% | MACD红柱(已启动) | RSI14=58(正常区) | 乖离正常:BIAS20=2.2% | 量能健康(0.9xMA20)
300571,平治信息,2026-04-13,9.5,布林撑,34.63,34.26,33.37,33.03,31.25,64.1,59.1,0.1613,64.2,55.8,80.9,0.83,6.6,14.5,2.15,1.1,强势:近20日+14% | 布林下轨(29.36)获撑 | MACD红柱(已启动) | RSI14=59(正常区) | KDJ金叉(K=64) | 量能健康(0.8xMA20)
300594,朗进科技,2026-04-13,9.5,布林撑,30.47,29.86,29.44,29.26,27.55,66.6,66.5,0.0771,50.0,45.5,59.0,0.69,6.2,-3.1,1.96,2.0,上涨:近10日+6% | 布林下轨(26.55)获撑 | MACD红柱(已启动) | RSI6金叉RSI14 | KDJ金叉(K=50) | 量能健康(0.7xMA20)
300699,光威复材,2026-04-13,9.5,中回调,34.91,34.25,34.09,34.35,38.21,65.4,72.8,0.2648,63.3,54.4,81.2,0.85,4.3,-8.6,1.13,1.9,小幅涨:近10日+4% | 回调至MA20(34.35):+1.6% | MACD红柱(已启动) | KDJ金叉(K=63) | 乖离正常:BIAS20=1.6% | 量能健康(0.8xMA20) | 量开始放大
300871,回盛生物,2026-04-13,9.5,中回调,24.39,24.95,24.9,24.66,26.22,18.0,61.1,0.1045,32.6,42.3,13.2,0.54,2.3,-3.1,1.11,-2.3,小幅涨:近10日+2% | 回调至MA20(24.66):-1.1% | MACD红柱(已启动) | RSI14=61(正常区) | KDJ超卖J=13 | 乖离正常:BIAS20=-1.1% | 量能健康(0.5xMA20)
300972,万辰集团,2026-04-13,9.5,中回调,193.85,198.34,194.82,191.9,200.26,39.7,58.2,1.6066,69.7,71.9,65.2,1.36,6.5,-2.0,7.4,-2.3,上涨:近10日+6% | 回调至MA20(191.90):+1.0% | MACD红柱(已启动) | RSI14=58(正常区) | 乖离正常:BIAS20=1.0% | 量能健康(1.4xMA20) | 量开始放大
600237,铜峰电子,2026-04-13,9.5,深回调,9.43,8.93,8.83,8.85,9.7,77.7,66.9,0.0949,65.9,53.7,90.3,1.52,10.6,-7.4,0.41,5.6,上涨:近10日+11% | 回调至MA60(9.70) | MACD红柱(已启动) | RSI6金叉RSI14 | KDJ金叉(K=66) | 量能健康(1.5xMA20) | 量开始放大
600331,宏达股份,2026-04-13,9.5,中回调,15.19,15.71,15.15,15.23,16.04,60.9,62.2,0.1586,60.9,62.1,58.5,1.2,6.1,-13.5,0.8,-3.3,上涨:近10日+6% | 回调至MA20(15.23):-0.2% | MACD红柱(已启动) | RSI14=62(正常区) | 乖离正常:BIAS20=-0.2% | 量能健康(1.2xMA20) | 量开始放大
600522,中天科技,2026-04-13,9.5,轻回调,28.52,30.13,29.89,28.21,25.11,43.1,62.5,-0.0271,52.6,66.7,24.3,1.36,5.4,-4.1,1.98,-5.4,小幅涨:近10日+5% | 回调至MA10下:-4.6% | MACD绿柱收窄(-0.0271) | RSI14=62(正常区) | 乖离正常:BIAS20=1.1% | 量能健康(1.4xMA20) | 量开始放大
600673,东阳光,2026-04-13,9.5,中回调,32.08,31.44,31.0,31.62,30.25,71.3,61.4,-0.0358,66.6,56.9,86.1,1.06,4.9,-7.9,1.54,2.0,小幅涨:近10日+5% | 回调至MA20(31.62):+1.4% | MACD绿柱(-0.0358) | RSI14=61(正常区) | KDJ金叉(K=67) | 乖离正常:BIAS20=1.4% | 量能健康(1.1xMA20) | 量开始放大
600710,苏美达,2026-04-13,9.5,中回调,12.99,13.02,12.8,12.73,12.41,61.6,65.5,0.0368,69.9,68.4,72.8,1.02,4.9,-3.6,0.51,-0.2,小幅涨:近10日+5% | 回调至MA20(12.73):+2.1% | MACD红柱(已启动) | KDJ金叉(K=70) | 乖离正常:BIAS20=2.1% | 量能健康(1.0xMA20) | 量开始放大
600770,综艺股份,2026-04-13,9.5,中回调,5.79,5.62,5.56,5.63,6.09,70.1,66.9,0.0431,67.4,55.5,91.3,1.84,3.6,-2.7,0.2,3.0,小幅涨:近10日+4% | 回调至MA20(5.63):+2.8% | MACD红柱(已启动) | KDJ金叉(K=67) | 乖离正常:BIAS20=2.8% | 量能健康(1.8xMA20) | 量开始放大
600855,航天长峰,2026-04-13,9.5,中回调,17.48,17.15,17.08,17.13,19.57,65.3,66.5,0.1602,62.5,53.1,81.3,1.19,3.7,-2.2,0.53,1.9,小幅涨:近10日+4% | 回调至MA20(17.13):+2.0% | MACD红柱(已启动) | KDJ金叉(K=63) | 乖离正常:BIAS20=2.0% | 量能健康(1.2xMA20) | 量开始放大
600827,百联股份,2026-04-13,9.5,中回调,8.51,8.46,8.47,8.44,8.81,48.9,70.7,0.0299,61.1,60.3,62.6,0.88,2.0,-1.8,0.13,0.5,小幅涨:近10日+2% | 回调至MA20(8.44):+0.8% | MACD红柱(已启动) | KDJ金叉(K=61) | 乖离正常:BIAS20=0.8% | 量能健康(0.9xMA20) | 量开始放大
600987,航民股份,2026-04-13,9.5,中回调,7.65,7.55,7.51,7.45,7.65,56.1,75.7,0.0417,68.1,67.8,68.6,1.45,4.4,-4.3,0.2,1.3,小幅涨:近10日+4% | 回调至MA20(7.45):+2.6% | MACD红柱(已启动) | KDJ金叉(K=68) | 乖离正常:BIAS20=2.6% | 量能健康(1.4xMA20) | 量开始放大
601999,出版传媒,2026-04-13,9.5,布林撑,8.29,7.93,7.82,7.74,7.52,65.8,64.8,0.0553,68.5,60.7,84.0,2.14,4.4,15.9,0.48,4.6,强势:近20日+16% | 布林下轨(7.00)获撑 | MACD红柱(已启动) | RSI14=65(正常区) | KDJ金叉(K=68) | 量开始放大
603211,晋拓股份,2026-04-13,9.5,布林撑,25.87,25.61,25.26,24.81,23.34,63.9,56.8,0.087,71.1,66.6,80.1,0.87,7.8,14.4,1.37,1.0,强势:近20日+14% | 布林下轨(23.01)获撑 | MACD红柱(已启动) | RSI14=57(正常区) | RSI6金叉RSI14 | 量能健康(0.9xMA20)
603790,雅运股份,2026-04-13,9.5,中回调,21.91,22.17,21.77,21.66,22.3,60.8,66.7,0.1274,58.1,56.1,62.2,0.62,6.7,-7.6,1.04,-1.2,上涨:近10日+7% | 回调至MA20(21.66):+1.2% | MACD红柱(已启动) | KDJ金叉(K=58) | 乖离正常:BIAS20=1.2% | 量能健康(0.6xMA20)
605080,浙江自然,2026-04-13,9.5,中回调,23.31,23.26,22.99,23.03,24.49,59.3,68.4,0.1669,66.4,64.7,69.8,1.38,2.8,-3.5,0.66,0.2,小幅涨:近10日+3% | 回调至MA20(23.03):+1.2% | MACD红柱(已启动) | KDJ金叉(K=66) | 乖离正常:BIAS20=1.2% | 量能健康(1.4xMA20) | 量开始放大
605268,王力安防,2026-04-13,9.5,中回调,12.48,12.43,12.28,12.33,11.9,68.1,66.8,-0.0078,62.6,59.4,69.1,0.93,2.3,-7.6,0.38,0.4,小幅涨:近10日+2% | 回调至MA20(12.33):+1.2% | MACD绿柱收窄(-0.0078) | KDJ金叉(K=63) | 乖离正常:BIAS20=1.2% | 量能健康(0.9xMA20) | 量开始放大
688200,华峰测控,2026-04-13,9.5,深回调,281.77,280.93,275.09,270.62,268.42,66.5,59.4,2.2577,61.1,57.7,67.9,0.88,5.0,12.2,16.03,0.3,强势:近20日+12% | 回调至MA60(268.42) | MACD红柱(已启动) | RSI14=59(正常区) | KDJ金叉(K=61) | 量能健康(0.9xMA20) | 量开始放大
688626,翔宇医疗,2026-04-13,9.5,中回调,59.17,58.23,57.53,58.23,66.02,61.7,65.6,0.5061,69.1,58.9,89.7,0.83,4.2,-18.1,2.36,1.6,小幅涨:近10日+4% | 回调至MA20(58.23):+1.6% | MACD红柱(已启动) | KDJ金叉(K=69) | 乖离正常:BIAS20=1.6% | 量能健康(0.8xMA20) | 量开始放大
688619,罗普特,2026-04-13,9.5,布林撑,15.8,15.03,14.84,14.89,14.74,76.5,64.2,0.0761,63.4,47.9,94.6,1.3,6.3,1.3,0.82,5.2,上涨:近10日+6% | 布林下轨(13.81)获撑 | MACD红柱(已启动) | RSI14=64(正常区) | KDJ金叉(K=63) | 量能健康(1.3xMA20) | 量开始放大
000060,中金岭南,2026-04-13,9.0,中回调,6.35,6.29,6.21,6.25,6.97,66.7,66.5,0.0532,71.9,64.3,87.2,0.63,3.4,-11.6,0.21,1.0,小幅涨:近10日+3% | 回调至MA20(6.25):+1.6% | MACD红柱(已启动) | RSI6金叉RSI14 | 乖离正常:BIAS20=1.6% | 量能健康(0.6xMA20)
000570,苏常柴Ａ,2026-04-13,9.0,中回调,5.74,5.65,5.62,5.64,5.83,60.0,66.3,0.0221,60.1,52.8,74.7,0.58,2.5,-5.9,0.21,1.7,小幅涨:近10日+3% | 回调至MA20(5.64):+1.8% | MACD红柱(已启动) | KDJ金叉(K=60) | 乖离正常:BIAS20=1.8% | 量能健康(0.6xMA20)
000633,合金投资,2026-04-13,9.0,中回调,6.91,6.85,6.75,6.75,7.4,66.3,67.4,0.0667,65.2,59.7,76.2,0.66,2.8,-4.8,0.27,0.9,小幅涨:近10日+3% | 回调至MA20(6.75):+2.3% | MACD红柱(已启动) | KDJ金叉(K=65) | 乖离正常:BIAS20=2.3% | 量能健康(0.7xMA20)
000720,新能泰山,2026-04-13,9.0,轻回调,5.37,6.01,5.67,4.98,4.2,49.4,62.4,0.0343,51.0,65.9,21.1,1.36,-2.5,29.1,0.61,-10.7,强势:近20日+29% | 回调至MA10下:-5.3% | MACD红柱(已启动) | RSI14=62(正常区) | 量能健康(1.4xMA20)
000728,国元证券,2026-04-13,9.0,中回调,7.8,7.69,7.67,7.68,8.08,61.4,68.0,0.0397,59.8,51.9,75.8,0.9,2.9,-2.0,0.18,1.4,小幅涨:近10日+3% | 回调至MA20(7.68):+1.6% | MACD红柱(已启动) | KDJ金叉(K=60) | 乖离正常:BIAS20=1.6% | 量能健康(0.9xMA20)
000758,中色股份,2026-04-13,9.0,中回调,6.73,6.71,6.63,6.65,7.39,64.6,65.8,0.0561,69.2,63.1,81.4,0.58,2.6,-10.0,0.21,0.3,小幅涨:近10日+3% | 回调至MA20(6.65):+1.1% | MACD红柱(已启动) | KDJ金叉(K=69) | 乖离正常:BIAS20=1.1% | 量能健康(0.6xMA20)
000782,恒申新材,2026-04-13,9.0,中回调,5.47,5.4,5.41,5.43,5.74,58.0,65.8,0.0227,49.6,47.3,54.2,0.73,3.0,-8.4,0.22,1.3,小幅涨:近10日+3% | 回调至MA20(5.43):+0.8% | MACD红柱(已启动) | KDJ金叉(K=50) | 乖离正常:BIAS20=0.8% | 量能健康(0.7xMA20)
000786,北新建材,2026-04-13,9.0,中回调,25.56,25.87,25.94,25.77,26.92,30.3,62.1,0.0596,54.8,60.7,43.1,1.21,2.5,-2.0,0.83,-1.2,小幅涨:近10日+2% | 回调至MA20(25.77):-0.8% | MACD红柱(已启动) | RSI14=62(正常区) | 乖离正常:BIAS20=-0.8% | 量能健康(1.2xMA20) | 量开始放大
000901,航天科技,2026-04-13,9.0,中回调,22.55,22.2,22.15,22.25,25.51,65.9,66.0,0.2149,60.0,50.7,78.7,0.76,2.7,-4.2,0.78,1.6,小幅涨:近10日+3% | 回调至MA20(22.25):+1.3% | MACD红柱(已启动) | KDJ金叉(K=60) | 乖离正常:BIAS20=1.3% | 量能健康(0.8xMA20)
001314,亿道信息,2026-04-13,9.0,中回调,42.42,41.47,40.42,41.56,45.36,85.9,61.3,0.4056,78.4,58.7,118.0,0.66,6.4,-8.0,1.33,2.3,上涨:近10日+6% | 回调至MA20(41.56):+2.1% | MACD红柱(已启动) | RSI14=61(正常区) | 乖离正常:BIAS20=2.1% | 量能健康(0.7xMA20)
001339,智微智能,2026-04-13,9.0,中回调,64.3,62.5,61.37,63.63,60.41,89.1,56.0,-0.0639,69.5,50.7,107.2,0.7,5.1,-12.2,3.31,2.9,小幅涨:近10日+5% | 回调至MA20(63.63):+1.1% | MACD绿柱(-0.0639) | RSI14=56(正常区) | KDJ金叉(K=70) | 乖离正常:BIAS20=1.1% | 量能健康(0.7xMA20)
002034,旺能环境,2026-04-13,9.0,布林撑,18.8,17.88,17.5,17.77,17.34,86.9,63.4,0.0854,62.7,44.7,98.5,1.32,4.1,-0.4,0.67,5.2,小幅涨:近10日+4% | 布林下轨(16.56)获撑 | MACD红柱(已启动) | RSI14=63(正常区) | KDJ金叉(K=63) | 量能健康(1.3xMA20) | 量开始放大
002082,万邦德,2026-04-13,9.0,轻回调,28.7,32.36,32.13,26.02,20.17,21.4,70.0,0.1021,52.4,73.6,10.0,1.05,10.2,55.1,2.84,-11.3,强势:近20日+55% | 回调至MA10下:-10.7% | MACD红柱(已启动) | KDJ超卖J=10 | 量能健康(1.1xMA20)
002130,沃尔核材,2026-04-13,9.0,中回调,25.13,24.3,23.86,24.4,26.91,84.9,64.9,0.2502,76.2,56.6,115.4,0.84,5.6,-1.8,0.81,3.4,小幅涨:近10日+6% | 回调至MA20(24.40):+3.0% | MACD红柱(已启动) | RSI14=65(正常区) | 乖离正常:BIAS20=3.0% | 量能健康(0.8xMA20) | 量开始放大
002170,芭田股份,2026-04-13,9.0,中回调,13.42,13.27,13.08,13.08,13.35,74.1,64.6,0.0692,82.4,70.0,107.0,0.9,2.1,-7.8,0.39,1.1,小幅涨:近10日+2% | 回调至MA20(13.08):+2.6% | MACD红柱(已启动) | RSI14=65(正常区) | 乖离正常:BIAS20=2.6% | 量能健康(0.9xMA20) | 量开始放大
002182,宝武镁业,2026-04-13,9.0,中回调,16.4,16.25,16.03,16.22,18.12,58.5,61.9,0.1353,72.1,63.9,88.6,0.85,5.7,-15.0,0.66,0.9,小幅涨:近10日+6% | 回调至MA20(16.22):+1.1% | MACD红柱(已启动) | RSI14=62(正常区) | 乖离正常:BIAS20=1.1% | 量能健康(0.9xMA20) | 量开始放大
002183,怡 亚 通,2026-04-13,9.0,布林撑,5.73,5.74,5.62,5.51,5.36,68.8,63.2,0.0223,78.3,74.1,86.8,1.35,2.3,11.0,0.3,-0.1,小幅涨:近10日+2% | 布林下轨(5.11)获撑 | MACD红柱(已启动) | RSI14=63(正常区) | RSI6金叉RSI14 | 量能健康(1.4xMA20) | 量开始放大
002331,皖通科技,2026-04-13,9.0,中回调,8.34,8.28,8.17,8.2,9.02,67.0,67.2,0.0703,69.1,62.2,82.9,0.77,4.4,-4.4,0.24,0.7,小幅涨:近10日+4% | 回调至MA20(8.20):+1.7% | MACD红柱(已启动) | KDJ金叉(K=69) | 乖离正常:BIAS20=1.7% | 量能健康(0.8xMA20)
002521,齐峰新材,2026-04-13,9.0,中回调,8.29,8.3,8.2,8.14,8.34,69.1,68.7,0.0397,62.5,59.2,69.0,0.62,4.3,2.3,0.26,-0.1,小幅涨:近10日+4% | 回调至MA20(8.14):+1.9% | MACD红柱(已启动) | KDJ金叉(K=62) | 乖离正常:BIAS20=1.9% | 量能健康(0.6xMA20)
002553,南方精工,2026-04-13,9.0,中回调,24.97,25.55,25.08,24.5,26.5,52.4,63.0,0.2346,65.9,68.1,61.5,0.73,6.5,-1.2,0.94,-2.3,上涨:近10日+6% | 回调至MA20(24.50):+1.9% | MACD红柱(已启动) | RSI14=63(正常区) | 乖离正常:BIAS20=1.9% | 量能健康(0.7xMA20)
002578,闽发铝业,2026-04-13,9.0,轻回调,4.05,4.1,4.19,4.03,4.33,40.2,60.5,0.0156,38.7,44.6,26.8,0.58,4.7,-4.5,0.27,-1.2,小幅涨:近10日+5% | 回调至MA10下:-3.3% | MACD红柱(已启动) | RSI14=61(正常区) | 乖离正常:BIAS20=0.5% | 量能健康(0.6xMA20)
002634,棒杰股份,2026-04-13,9.0,轻回调,8.29,8.96,8.95,7.78,6.92,33.2,69.8,0.0589,54.4,75.1,12.9,1.21,12.2,20.8,0.64,-7.5,强势:近20日+21% | 回调至MA10下:-7.4% | MACD红柱(已启动) | KDJ超卖J=13 | 量能健康(1.2xMA20)
002736,国信证券,2026-04-13,9.0,中回调,11.94,11.55,11.4,11.61,12.2,76.5,65.5,0.0811,66.7,47.3,105.6,0.7,5.4,-2.2,0.28,3.3,小幅涨:近10日+5% | 回调至MA20(11.61):+2.9% | MACD红柱(已启动) | KDJ金叉(K=67) | 乖离正常:BIAS20=2.9% | 量能健康(0.7xMA20)
002778,中晟高科,2026-04-13,9.0,中回调,20.41,20.91,20.37,20.14,21.36,53.4,64.6,0.2127,67.8,69.4,64.5,1.36,5.0,-2.7,0.85,-2.4,小幅涨:近10日+5% | 回调至MA20(20.14):+1.4% | MACD红柱(已启动) | RSI14=65(正常区) | 乖离正常:BIAS20=1.4% | 量能健康(1.4xMA20) | 量开始放大
002796,世嘉科技,2026-04-13,9.0,中回调,49.78,50.23,48.82,50.47,48.78,65.9,50.2,-0.034,70.6,62.1,87.7,0.93,11.3,-13.8,3.27,-0.9,上涨:近10日+11% | 回调至MA20(50.47):-1.4% | MACD绿柱(-0.0340) | RSI14=50(回升区) | 乖离正常:BIAS20=-1.4% | 量能健康(0.9xMA20)
002792,通宇通讯,2026-04-13,9.0,深回调,45.21,46.94,45.13,42.67,47.25,67.0,64.3,0.6955,59.0,66.4,44.2,0.8,11.4,12.2,3.06,-3.7,强势:近20日+12% | 回调至MA60(47.25) | MACD红柱(已启动) | RSI14=64(正常区) | RSI6金叉RSI14 | 量能健康(0.8xMA20)
002859,洁美科技,2026-04-13,9.0,布林撑,42.72,42.06,41.23,41.3,37.04,84.1,60.7,0.0053,65.1,55.1,85.2,0.51,7.2,0.7,2.64,1.6,上涨:近10日+7% | 布林下轨(37.76)获撑 | MACD红柱(已启动) | RSI14=61(正常区) | KDJ金叉(K=65) | 量能健康(0.5xMA20)
002935,天奥电子,2026-04-13,9.0,中回调,18.51,18.38,18.32,18.31,20.68,59.0,66.3,0.1611,54.9,51.6,61.4,0.77,3.9,-4.0,0.54,0.7,小幅涨:近10日+4% | 回调至MA20(18.31):+1.1% | MACD红柱(已启动) | KDJ金叉(K=55) | 乖离正常:BIAS20=1.1% | 量能健康(0.8xMA20)
002982,湘佳股份,2026-04-13,9.0,中回调,14.03,13.86,13.73,13.86,14.26,52.4,64.9,0.047,70.4,62.4,86.4,1.11,2.8,-6.2,0.48,1.3,小幅涨:近10日+3% | 回调至MA20(13.86):+1.3% | MACD红柱(已启动) | RSI14=65(正常区) | 乖离正常:BIAS20=1.3% | 量能健康(1.1xMA20) | 量开始放大
300033,同花顺,2026-04-13,9.0,深回调,235.06,222.13,216.19,217.91,235.05,76.2,62.1,2.9417,66.3,50.0,98.8,1.94,11.2,5.2,9.73,5.8,上涨:近10日+11% | 回调至MA60(235.05) | MACD红柱(已启动) | RSI14=62(正常区) | KDJ金叉(K=66) | 量能健康(1.9xMA20) | 量开始放大
300066,三川智慧,2026-04-13,9.0,中回调,6.51,6.42,6.3,6.42,6.93,77.1,64.5,0.0493,72.2,59.1,98.5,1.17,3.2,-9.0,0.21,1.4,小幅涨:近10日+3% | 回调至MA20(6.42):+1.4% | MACD红柱(已启动) | RSI14=64(正常区) | 乖离正常:BIAS20=1.4% | 量能健康(1.2xMA20) | 量开始放大
300103,达刚控股,2026-04-13,9.0,中回调,7.18,7.05,7.0,7.1,7.64,62.7,65.4,0.0401,59.7,52.0,75.1,0.84,2.9,-7.5,0.31,1.8,小幅涨:近10日+3% | 回调至MA20(7.10):+1.2% | MACD红柱(已启动) | KDJ金叉(K=60) | 乖离正常:BIAS20=1.2% | 量能健康(0.8xMA20)
300151,昌红科技,2026-04-13,9.0,中回调,16.4,16.06,15.64,15.92,16.77,72.0,63.9,0.1465,70.4,59.6,91.9,1.36,5.1,-7.0,0.71,2.1,小幅涨:近10日+5% | 回调至MA20(15.92):+3.0% | MACD红柱(已启动) | RSI14=64(正常区) | 乖离正常:BIAS20=3.0% | 量能健康(1.4xMA20) | 量开始放大
300192,科德教育,2026-04-13,9.0,中回调,19.13,19.23,18.89,18.75,20.36,59.9,65.6,0.1614,69.8,66.6,76.2,0.9,2.5,-0.1,0.8,-0.5,小幅涨:近10日+3% | 回调至MA20(18.75):+2.0% | MACD红柱(已启动) | KDJ金叉(K=70) | 乖离正常:BIAS20=2.0% | 量能健康(0.9xMA20)
300204,舒泰神,2026-04-13,9.0,轻回调,29.38,29.55,30.36,27.44,27.14,14.1,71.0,0.1795,34.7,50.8,2.6,0.98,5.8,15.3,2.26,-0.6,强势:近20日+15% | 回调至MA10下:-3.2% | MACD红柱(已启动) | KDJ超卖J=3 | 量能健康(1.0xMA20)
300263,隆华科技,2026-04-13,9.0,中回调,10.03,9.77,9.61,9.84,10.57,82.5,61.4,0.0664,73.1,54.5,110.3,1.03,3.3,-9.7,0.34,2.6,小幅涨:近10日+3% | 回调至MA20(9.84):+1.9% | MACD红柱(已启动) | RSI14=61(正常区) | 乖离正常:BIAS20=1.9% | 量能健康(1.0xMA20) | 量开始放大
300302,同有科技,2026-04-13,9.0,布林撑,22.75,21.63,20.7,21.73,20.46,86.8,51.4,0.0899,71.3,50.6,112.6,0.62,7.7,16.5,1.32,5.2,强势:近20日+17% | 布林下轨(17.85)获撑 | MACD红柱(已启动) | RSI14=51(回升区) | 量能健康(0.6xMA20)
300349,金卡智能,2026-04-13,9.0,中回调,14.11,14.04,13.89,13.92,16.12,61.9,65.2,0.1524,67.1,61.1,79.2,0.62,2.2,-4.3,0.44,0.5,小幅涨:近10日+2% | 回调至MA20(13.92):+1.4% | MACD红柱(已启动) | KDJ金叉(K=67) | 乖离正常:BIAS20=1.4% | 量能健康(0.6xMA20)
300415,伊之密,2026-04-13,9.0,中回调,24.99,24.75,24.35,24.7,26.1,71.5,65.3,0.1652,66.1,55.0,88.4,0.64,2.6,-7.9,0.74,1.0,小幅涨:近10日+3% | 回调至MA20(24.70):+1.2% | MACD红柱(已启动) | KDJ金叉(K=66) | 乖离正常:BIAS20=1.2% | 量能健康(0.6xMA20)
300479,神思电子,2026-04-13,9.0,中回调,18.93,18.48,18.26,18.78,20.35,67.3,59.3,0.1137,73.2,53.1,113.3,1.04,4.0,-7.2,0.65,2.4,小幅涨:近10日+4% | 回调至MA20(18.78):+0.8% | MACD红柱(已启动) | RSI14=59(正常区) | 乖离正常:BIAS20=0.8% | 量能健康(1.0xMA20) | 量开始放大
300572,安车检测,2026-04-13,9.0,布林撑,30.13,29.0,28.21,27.05,27.97,92.9,83.9,0.4171,82.4,80.5,86.4,1.78,9.9,13.8,1.1,3.9,强势:近20日+14% | 布林下轨(23.76)获撑 | MACD红柱(已启动) | RSI6金叉RSI14 | 量能健康(1.8xMA20) | 量开始放大
300573,兴齐眼药,2026-04-13,9.0,中回调,67.8,67.64,67.13,66.98,70.64,52.0,65.2,0.38,66.8,64.5,71.2,0.59,2.4,-4.5,1.86,0.2,小幅涨:近10日+2% | 回调至MA20(66.98):+1.2% | MACD红柱(已启动) | KDJ金叉(K=67) | 乖离正常:BIAS20=1.2% | 量能健康(0.6xMA20)
300593,新雷能,2026-04-13,9.0,中回调,24.77,24.29,23.69,24.06,28.46,77.3,64.2,0.3754,70.7,56.0,100.1,0.9,8.3,-8.6,0.98,2.0,上涨:近10日+8% | 回调至MA20(24.06):+2.9% | MACD红柱(已启动) | RSI14=64(正常区) | 乖离正常:BIAS20=2.9% | 量能健康(0.9xMA20)
300597,吉大通信,2026-04-13,9.0,中回调,9.29,9.22,9.1,9.18,9.75,70.8,68.5,0.0579,61.0,57.8,67.2,0.58,2.2,-5.6,0.33,0.7,小幅涨:近10日+2% | 回调至MA20(9.18):+1.2% | MACD红柱(已启动) | KDJ金叉(K=61) | 乖离正常:BIAS20=1.2% | 量能健康(0.6xMA20)
300627,华测导航,2026-04-13,9.0,中回调,33.56,33.42,33.25,33.21,36.62,59.4,66.3,0.2475,67.9,64.0,75.6,0.83,2.3,-5.9,0.85,0.4,小幅涨:近10日+2% | 回调至MA20(33.21):+1.0% | MACD红柱(已启动) | KDJ金叉(K=68) | 乖离正常:BIAS20=1.0% | 量能健康(0.8xMA20)
300645,正元智慧,2026-04-13,9.0,中回调,17.22,17.09,16.85,17.2,18.86,63.2,59.5,0.123,73.9,59.9,102.0,0.84,2.9,-8.8,0.67,0.8,小幅涨:近10日+3% | 回调至MA20(17.20):+0.1% | MACD红柱(已启动) | RSI14=60(正常区) | 乖离正常:BIAS20=0.1% | 量能健康(0.8xMA20) | 量开始放大
300685,艾德生物,2026-04-13,9.0,中回调,22.86,22.92,22.83,22.37,21.72,45.7,61.6,0.0631,65.4,70.2,55.9,0.98,2.1,8.3,0.81,-0.3,小幅涨:近10日+2% | 回调至MA20(22.37):+2.2% | MACD红柱(已启动) | RSI14=62(正常区) | 乖离正常:BIAS20=2.2% | 量能健康(1.0xMA20) | 量开始放大
300693,盛弘股份,2026-04-13,9.0,布林撑,46.99,46.53,45.52,45.24,42.91,64.9,60.9,0.1528,60.6,58.6,64.6,0.98,6.6,-1.7,2.34,1.0,上涨:近10日+7% | 布林下轨(42.49)获撑 | MACD红柱(已启动) | RSI14=61(正常区) | KDJ金叉(K=61) | 量能健康(1.0xMA20)
300726,宏达电子,2026-04-13,9.0,中回调,43.48,42.77,42.24,43.25,48.36,77.3,58.3,0.3361,71.3,51.1,111.8,0.96,3.0,-8.3,1.24,1.7,小幅涨:近10日+3% | 回调至MA20(43.25):+0.5% | MACD红柱(已启动) | RSI14=58(正常区) | 乖离正常:BIAS20=0.5% | 量能健康(1.0xMA20) | 量开始放大
300798,锦鸡股份,2026-04-13,9.0,布林撑,10.03,9.96,9.76,9.73,9.22,64.0,55.7,0.0335,71.1,60.2,93.0,0.75,7.4,2.7,0.63,0.7,上涨:近10日+7% | 布林下轨(9.06)获撑 | MACD红柱(已启动) | RSI14=56(正常区) | RSI6金叉RSI14 | 量能健康(0.8xMA20)
300804,广康生化,2026-04-13,9.0,中回调,46.9,50.07,47.84,46.99,43.38,52.3,58.5,0.2932,58.5,61.2,53.2,1.84,5.2,-12.7,3.77,-6.3,小幅涨:近10日+5% | 回调至MA20(46.99):-0.2% | MACD红柱(已启动) | RSI14=58(正常区) | 乖离正常:BIAS20=-0.2% | 量能健康(1.8xMA20) | 量开始放大
300906,日月明,2026-04-13,9.0,中回调,32.34,32.18,32.02,31.86,34.37,75.8,65.5,0.2271,47.7,46.4,50.2,0.58,3.9,-2.6,1.37,0.5,小幅涨:近10日+4% | 回调至MA20(31.86):+1.5% | MACD红柱(已启动) | KDJ金叉(K=48) | 乖离正常:BIAS20=1.5% | 量能健康(0.6xMA20)
300901,中胤时尚,2026-04-13,9.0,深回调,16.48,15.8,15.57,15.72,16.95,67.5,64.8,0.1543,68.4,52.7,99.8,0.84,8.1,-0.3,0.57,4.3,上涨:近10日+8% | 回调至MA60(16.95) | MACD红柱(已启动) | RSI14=65(正常区) | KDJ金叉(K=68) | 量能健康(0.8xMA20) | 量开始放大
300967,晓鸣股份,2026-04-13,9.0,中回调,18.74,18.24,18.04,18.35,20.01,52.7,62.5,0.1356,71.0,57.0,99.0,1.53,4.4,-7.8,0.71,2.7,小幅涨:近10日+4% | 回调至MA20(18.35):+2.1% | MACD红柱(已启动) | RSI14=62(正常区) | 乖离正常:BIAS20=2.1% | 量能健康(1.5xMA20) | 量开始放大
600031,三一重工,2026-04-13,9.0,中回调,20.36,20.41,20.04,19.89,21.72,56.1,64.3,0.2211,76.7,72.7,84.7,0.83,6.3,-4.4,0.63,-0.3,上涨:近10日+6% | 回调至MA20(19.89):+2.4% | MACD红柱(已启动) | RSI14=64(正常区) | 乖离正常:BIAS20=2.4% | 量能健康(0.8xMA20)
600346,恒力石化,2026-04-13,9.0,中回调,22.11,22.94,22.43,21.9,23.8,47.9,62.6,0.2368,62.7,71.5,45.0,1.32,3.5,-3.7,0.95,-3.6,小幅涨:近10日+4% | 回调至MA20(21.90):+1.0% | MACD红柱(已启动) | RSI14=63(正常区) | 乖离正常:BIAS20=1.0% | 量能健康(1.3xMA20) | 量开始放大
600339,中油工程,2026-04-13,9.0,中回调,4.34,4.53,4.39,4.27,4.13,40.9,61.2,0.0207,55.3,60.4,45.1,1.52,5.3,-1.6,0.26,-4.2,小幅涨:近10日+5% | 回调至MA20(4.27):+1.7% | MACD红柱(已启动) | RSI14=61(正常区) | 乖离正常:BIAS20=1.7% | 量能健康(1.5xMA20) | 量开始放大
600343,航天动力,2026-04-13,9.0,中回调,31.81,32.17,32.48,31.51,34.75,42.7,58.3,0.2178,41.1,47.8,27.8,0.57,7.4,-1.6,1.83,-1.1,上涨:近10日+7% | 回调至MA20(31.51):+0.9% | MACD红柱(已启动) | RSI14=58(正常区) | 乖离正常:BIAS20=0.9% | 量能健康(0.6xMA20)
600362,江西铜业,2026-04-13,9.0,中回调,45.54,44.79,44.1,44.84,53.5,71.3,62.6,0.5689,73.8,56.5,108.4,1.12,3.8,-10.2,1.4,1.7,小幅涨:近10日+4% | 回调至MA20(44.84):+1.6% | MACD红柱(已启动) | RSI14=63(正常区) | 乖离正常:BIAS20=1.6% | 量能健康(1.1xMA20) | 量开始放大
600493,凤竹纺织,2026-04-13,9.0,中回调,7.46,7.4,7.4,7.33,7.65,56.4,69.6,0.0349,58.8,57.8,60.8,0.7,2.1,-3.4,0.31,0.8,小幅涨:近10日+2% | 回调至MA20(7.33):+1.8% | MACD红柱(已启动) | KDJ金叉(K=59) | 乖离正常:BIAS20=1.8% | 量能健康(0.7xMA20)
600590,泰豪科技,2026-04-13,9.0,布林撑,14.48,14.15,13.8,14.03,13.0,65.2,49.6,0.0275,70.8,58.1,96.0,0.87,11.5,-0.1,1.05,2.3,上涨:近10日+11% | 布林下轨(12.54)获撑 | MACD红柱(已启动) | RSI14=50(回升区) | 量能健康(0.9xMA20) | 量开始放大
600739,辽宁成大,2026-04-13,9.0,中回调,11.73,11.48,11.38,11.43,11.95,69.4,69.5,0.0749,64.8,57.8,78.8,0.79,5.7,-3.6,0.3,2.2,小幅涨:近10日+6% | 回调至MA20(11.43):+2.6% | MACD红柱(已启动) | KDJ金叉(K=65) | 乖离正常:BIAS20=2.6% | 量能健康(0.8xMA20)
600776,东方通信,2026-04-13,9.0,中回调,15.35,15.4,15.21,15.18,17.63,69.1,68.4,0.1728,67.9,65.9,71.8,0.9,3.6,-4.7,0.46,-0.3,小幅涨:近10日+4% | 回调至MA20(15.18):+1.1% | MACD红柱(已启动) | KDJ金叉(K=68) | 乖离正常:BIAS20=1.1% | 量能健康(0.9xMA20)
600841,动力新科,2026-04-13,9.0,深回调,9.35,9.01,8.75,8.62,8.92,84.0,73.7,0.1166,69.2,63.4,81.0,2.09,7.2,3.0,0.51,3.8,上涨:近10日+7% | 回调至MA60(8.92) | MACD红柱(已启动) | RSI6金叉RSI14 | KDJ金叉(K=69) | 量开始放大
600999,招商证券,2026-04-13,9.0,中回调,15.82,15.74,15.64,15.6,16.37,57.5,65.8,0.0858,66.5,66.2,67.0,0.85,3.3,-1.0,0.29,0.5,小幅涨:近10日+3% | 回调至MA20(15.60):+1.4% | MACD红柱(已启动) | KDJ金叉(K=66) | 乖离正常:BIAS20=1.4% | 量能健康(0.9xMA20)
601609,金田股份,2026-04-13,9.0,深回调,10.26,10.11,10.04,9.91,10.93,76.2,74.3,0.1035,66.7,61.1,77.9,0.83,5.0,-2.6,0.28,1.5,小幅涨:近10日+5% | 回调至MA60(10.93) | MACD红柱(已启动) | RSI6金叉RSI14 | KDJ金叉(K=67) | 量能健康(0.8xMA20) | 量开始放大
601633,长城汽车,2026-04-13,9.0,中回调,21.36,21.01,20.83,20.9,20.95,67.1,58.4,0.0664,72.1,59.7,97.1,1.02,2.3,1.4,0.47,1.7,小幅涨:近10日+2% | 回调至MA20(20.90):+2.2% | MACD红柱(已启动) | RSI14=58(正常区) | 乖离正常:BIAS20=2.2% | 量能健康(1.0xMA20) | 量开始放大
601872,招商轮船,2026-04-13,9.0,轻回调,18.22,19.49,18.87,18.04,14.78,29.8,56.2,-0.0492,60.2,66.6,47.3,0.88,6.5,16.9,1.41,-6.5,强势:近20日+17% | 回调至MA10下:-3.5% | MACD绿柱(-0.0492) | RSI14=56(正常区) | 乖离正常:BIAS20=1.0% | 量能健康(0.9xMA20)
603045,福达合金,2026-04-13,9.0,布林撑,32.6,31.66,30.18,30.13,28.84,75.0,64.2,0.3575,68.4,55.2,94.8,2.26,12.6,4.2,1.58,3.0,上涨:近10日+13% | 布林下轨(26.79)获撑 | MACD红柱(已启动) | RSI14=64(正常区) | KDJ金叉(K=68) | 量开始放大
603111,康尼机电,2026-04-13,9.0,中回调,6.79,6.72,6.7,6.65,6.94,67.4,71.0,0.0368,56.3,52.8,63.1,0.42,4.0,-1.6,0.19,1.0,小幅涨:近10日+4% | 回调至MA20(6.65):+2.2% | MACD红柱(已启动) | KDJ金叉(K=56) | 乖离正常:BIAS20=2.2% | 量能健康(0.4xMA20)
603158,腾龙股份,2026-04-13,9.0,布林撑,12.74,12.48,12.09,11.95,11.24,62.1,64.3,0.0993,69.7,63.2,82.5,0.85,9.1,-0.5,0.72,2.1,上涨:近10日+9% | 布林下轨(10.71)获撑 | MACD红柱(已启动) | RSI14=64(正常区) | KDJ金叉(K=70) | 量能健康(0.8xMA20)
603197,保隆科技,2026-04-13,9.0,中回调,33.19,32.62,32.29,32.61,35.34,66.7,65.2,0.2645,63.2,53.6,82.5,0.9,3.4,-2.7,0.74,1.7,小幅涨:近10日+3% | 回调至MA20(32.61):+1.8% | MACD红柱(已启动) | KDJ金叉(K=63) | 乖离正常:BIAS20=1.8% | 量能健康(0.9xMA20)
603220,中贝通信,2026-04-13,9.0,深回调,26.98,26.75,26.15,25.92,25.78,73.8,62.5,0.1402,79.1,70.9,95.6,1.01,8.3,2.9,1.48,0.9,上涨:近10日+8% | 回调至MA60(25.78) | MACD红柱(已启动) | RSI14=62(正常区) | RSI6金叉RSI14 | 量能健康(1.0xMA20) | 量开始放大
603231,索宝蛋白,2026-04-13,9.0,中回调,17.61,17.44,17.38,17.46,18.61,54.7,69.1,0.086,68.5,60.8,83.8,1.03,2.0,-5.9,0.45,1.0,小幅涨:近10日+2% | 回调至MA20(17.46):+0.9% | MACD红柱(已启动) | KDJ金叉(K=68) | 乖离正常:BIAS20=0.9% | 量能健康(1.0xMA20)
603226,菲林格尔,2026-04-13,9.0,布林撑,39.15,38.22,37.27,37.97,33.22,66.9,62.7,-0.0107,66.9,52.7,95.3,0.55,7.0,0.4,1.86,2.4,上涨:近10日+7% | 布林下轨(34.18)获撑 | MACD绿柱收窄(-0.0107) | RSI14=63(正常区) | KDJ金叉(K=67) | 量能健康(0.6xMA20)
603281,江瀚新材,2026-04-13,9.0,布林撑,36.22,35.25,34.1,32.65,31.88,95.4,89.2,0.3874,84.3,85.2,82.5,1.81,10.9,12.0,1.33,2.8,强势:近20日+12% | 布林下轨(28.88)获撑 | MACD红柱(已启动) | RSI6金叉RSI14 | 量能健康(1.8xMA20) | 量开始放大
603282,亚光股份,2026-04-13,9.0,中回调,20.97,20.75,20.71,20.55,21.34,54.9,68.2,0.0851,63.3,61.0,67.8,0.86,3.4,-3.1,0.73,1.1,小幅涨:近10日+3% | 回调至MA20(20.55):+2.0% | MACD红柱(已启动) | KDJ金叉(K=63) | 乖离正常:BIAS20=2.0% | 量能健康(0.9xMA20)
603390,通达电气,2026-04-13,9.0,中回调,11.85,11.79,11.76,11.72,12.57,52.9,69.5,0.0764,63.5,62.1,66.4,0.87,3.4,-2.7,0.31,0.5,小幅涨:近10日+3% | 回调至MA20(11.72):+1.1% | MACD红柱(已启动) | KDJ金叉(K=63) | 乖离正常:BIAS20=1.1% | 量能健康(0.9xMA20)
603500,祥和实业,2026-04-13,9.0,中回调,11.34,11.24,11.15,11.07,12.35,61.2,70.6,0.1216,64.1,59.5,73.3,0.72,3.9,-2.6,0.33,0.9,小幅涨:近10日+4% | 回调至MA20(11.07):+2.5% | MACD红柱(已启动) | KDJ金叉(K=64) | 乖离正常:BIAS20=2.5% | 量能健康(0.7xMA20)
603601,再升科技,2026-04-13,9.0,轻回调,13.72,13.73,14.16,12.97,12.11,41.3,67.0,-0.0186,34.1,48.0,6.2,0.7,4.1,18.2,1.14,-0.1,强势:近20日+18% | 回调至MA10下:-3.1% | MACD绿柱收窄(-0.0186) | KDJ超卖J=6 | 量能健康(0.7xMA20)
603660,苏州科达,2026-04-13,9.0,深回调,10.02,9.49,9.36,9.34,10.12,73.5,64.1,0.1094,64.8,51.2,92.1,1.66,12.5,5.5,0.46,5.6,上涨:近10日+12% | 回调至MA60(10.12) | MACD红柱(已启动) | RSI14=64(正常区) | KDJ金叉(K=65) | 量能健康(1.7xMA20) | 量开始放大
603895,天永智能,2026-04-13,9.0,中回调,27.47,26.81,26.37,26.77,30.35,73.2,61.1,0.3309,71.0,56.0,101.1,1.37,4.2,-4.5,1.04,2.5,小幅涨:近10日+4% | 回调至MA20(26.77):+2.6% | MACD红柱(已启动) | RSI14=61(正常区) | 乖离正常:BIAS20=2.6% | 量能健康(1.4xMA20) | 量开始放大
605218,伟时电子,2026-04-13,9.0,中回调,18.21,17.54,17.2,17.73,18.81,83.5,63.4,0.136,79.3,60.6,116.7,0.93,5.6,-4.5,0.66,3.8,小幅涨:近10日+6% | 回调至MA20(17.73):+2.7% | MACD红柱(已启动) | RSI14=63(正常区) | 乖离正常:BIAS20=2.7% | 量能健康(0.9xMA20) | 量开始放大
688035,德邦科技,2026-04-13,9.0,深回调,60.7,59.52,57.09,58.46,59.45,75.9,61.6,0.5433,65.7,52.1,93.1,1.43,7.0,-9.8,2.98,2.0,上涨:近10日+7% | 回调至MA60(59.45) | MACD红柱(已启动) | RSI14=62(正常区) | KDJ金叉(K=66) | 量能健康(1.4xMA20) | 量开始放大
688139,海尔生物,2026-04-13,9.0,深回调,33.22,31.52,31.52,31.56,32.61,67.6,67.2,0.1727,61.3,51.5,80.9,2.06,8.4,3.8,1.08,5.4,上涨:近10日+8% | 回调至MA60(32.61) | MACD红柱(已启动) | RSI6金叉RSI14 | KDJ金叉(K=61) | 量开始放大
688173,希荻微,2026-04-13,9.0,中回调,14.38,14.04,13.77,14.11,15.5,75.0,59.7,0.1267,71.1,53.0,107.2,0.97,2.7,-4.5,0.52,2.4,小幅涨:近10日+3% | 回调至MA20(14.11):+1.9% | MACD红柱(已启动) | RSI14=60(正常区) | 乖离正常:BIAS20=1.9% | 量能健康(1.0xMA20) | 量开始放大
688310,迈得医疗,2026-04-13,9.0,中回调,15.85,15.62,15.43,15.56,16.38,59.9,61.6,0.0917,73.1,64.1,91.3,0.99,3.7,-5.0,0.61,1.5,小幅涨:近10日+4% | 回调至MA20(15.56):+1.9% | MACD红柱(已启动) | RSI14=62(正常区) | 乖离正常:BIAS20=1.9% | 量能健康(1.0xMA20) | 量开始放大
688409,富创精密,2026-04-13,9.0,中回调,91.54,94.44,92.72,89.45,92.82,58.6,63.1,0.7817,55.4,63.4,39.2,1.35,3.7,0.5,5.25,-3.1,小幅涨:近10日+4% | 回调至MA20(89.45):+2.3% | MACD红柱(已启动) | RSI14=63(正常区) | 乖离正常:BIAS20=2.3% | 量能健康(1.3xMA20) | 量开始放大
688418,震有科技,2026-04-13,9.0,深回调,42.71,41.33,41.0,40.55,44.47,73.1,67.4,0.3414,66.0,59.7,78.4,1.56,3.1,6.1,2.11,3.3,小幅涨:近10日+3% | 回调至MA60(44.47) | MACD红柱(已启动) | RSI6金叉RSI14 | KDJ金叉(K=66) | 量能健康(1.6xMA20) | 量开始放大
688669,聚石化学,2026-04-13,9.0,中回调,26.84,26.75,26.15,26.3,26.7,73.1,65.3,0.1442,49.4,46.9,54.4,1.07,3.1,-2.1,1.29,0.4,小幅涨:近10日+3% | 回调至MA20(26.30):+2.0% | MACD红柱(已启动) | KDJ金叉(K=49) | 乖离正常:BIAS20=2.0% | 量能健康(1.1xMA20)
688682,霍莱沃,2026-04-13,9.0,中回调,43.97,43.83,43.67,43.64,49.79,58.3,65.3,0.4064,51.1,48.7,55.7,0.83,3.2,-2.4,1.99,0.3,小幅涨:近10日+3% | 回调至MA20(43.64):+0.8% | MACD红柱(已启动) | KDJ金叉(K=51) | 乖离正常:BIAS20=0.8% | 量能健康(0.8xMA20)
688699,明微电子,2026-04-13,9.0,中回调,45.87,44.71,43.73,44.69,50.49,81.5,61.1,0.5423,71.6,55.2,104.5,1.18,4.4,-3.3,1.88,2.6,小幅涨:近10日+4% | 回调至MA20(44.69):+2.6% | MACD红柱(已启动) | RSI14=61(正常区) | 乖离正常:BIAS20=2.6% | 量能健康(1.2xMA20) | 量开始放大
688733,壹石通,2026-04-13,9.0,中回调,27.64,27.06,26.55,27.26,29.71,79.1,60.0,0.1979,74.5,58.9,105.5,0.75,2.8,-13.4,1.03,2.1,小幅涨:近10日+3% | 回调至MA20(27.26):+1.4% | MACD红柱(已启动) | RSI14=60(正常区) | 乖离正常:BIAS20=1.4% | 量能健康(0.7xMA20) | 量开始放大
688719,爱科赛博,2026-04-13,9.0,布林撑,48.4,46.02,44.71,42.16,45.51,85.9,82.1,0.911,85.8,82.9,91.7,1.68,11.6,23.2,2.31,5.2,强势:近20日+23% | 布林下轨(35.45)获撑 | MACD红柱(已启动) | RSI6金叉RSI14 | 量能健康(1.7xMA20) | 量开始放大
000506,招金黄金,2026-04-13,8.5,中回调,17.39,18.15,17.58,17.11,18.85,55.2,60.3,0.2352,57.1,64.9,41.4,1.0,5.8,-4.1,1.04,-4.2,小幅涨:近10日+6% | 回调至MA20(17.11):+1.6% | MACD红柱(已启动) | RSI14=60(正常区) | 乖离正常:BIAS20=1.6% | 量能健康(1.0xMA20)
000559,万向钱潮,2026-04-13,8.5,深回调,16.15,15.66,15.49,15.61,17.58,65.7,64.3,0.1655,58.4,48.9,77.4,1.68,4.7,-4.7,0.62,3.1,小幅涨:近10日+5% | 回调至MA60(17.58) | MACD红柱(已启动) | RSI14=64(正常区) | KDJ金叉(K=58) | 量能健康(1.7xMA20) | 量开始放大
000878,云南铜业,2026-04-13,8.5,中回调,18.99,18.59,18.31,18.75,22.03,71.8,61.1,0.2086,75.2,56.4,112.8,0.78,2.8,-15.4,0.66,2.2,小幅涨:近10日+3% | 回调至MA20(18.75):+1.3% | MACD红柱(已启动) | RSI14=61(正常区) | 乖离正常:BIAS20=1.3% | 量能健康(0.8xMA20)
000890,法尔胜,2026-04-13,8.5,轻回调,13.15,15.33,15.41,14.29,9.12,27.7,50.0,-0.3285,39.4,63.1,-8.0,0.73,-2.4,18.6,1.31,-14.2,强势:近20日+19% | 回调至MA10下:-14.7% | RSI14=50(回升区) | KDJ超卖J=-8 | 量能健康(0.7xMA20)
001218,丽臣实业,2026-04-13,8.5,中回调,25.1,24.95,24.71,24.95,25.26,71.5,62.5,0.0643,71.8,60.0,95.2,0.7,2.3,-4.2,0.8,0.6,小幅涨:近10日+2% | 回调至MA20(24.95):+0.6% | MACD红柱(已启动) | RSI14=63(正常区) | 乖离正常:BIAS20=0.6% | 量能健康(0.7xMA20)
001223,欧克科技,2026-04-13,8.5,深回调,51.78,53.14,51.01,49.95,54.04,55.2,63.0,0.724,68.7,68.2,69.9,0.87,8.2,-1.3,2.49,-2.6,上涨:近10日+8% | 回调至MA60(54.04) | MACD红柱(已启动) | RSI14=63(正常区) | KDJ金叉(K=69) | 量能健康(0.9xMA20)
001298,好上好,2026-04-13,8.5,中回调,29.71,29.12,28.56,29.19,30.49,82.1,59.6,0.1669,78.1,59.5,115.4,0.71,3.1,-3.4,1.05,2.0,小幅涨:近10日+3% | 回调至MA20(29.19):+1.8% | MACD红柱(已启动) | RSI14=60(正常区) | 乖离正常:BIAS20=1.8% | 量能健康(0.7xMA20)
001287,中电港,2026-04-13,8.5,布林撑,26.95,25.43,24.54,24.58,24.24,85.6,60.2,0.2616,74.0,57.0,108.1,1.07,9.6,21.2,1.41,6.0,强势:近20日+21% | 布林下轨(21.94)获撑 | MACD红柱(已启动) | RSI14=60(正常区) | 量能健康(1.1xMA20) | 量开始放大
001389,广合科技,2026-04-13,8.5,布林撑,132.0,125.15,121.25,116.09,106.88,86.5,82.8,1.4011,79.0,74.0,89.2,1.27,14.9,10.4,7.37,5.5,上涨:近10日+15% | 布林下轨(99.75)获撑 | MACD红柱(已启动) | RSI6金叉RSI14 | 量能健康(1.3xMA20) | 量开始放大
002042,华孚时尚,2026-04-13,8.5,深回调,4.51,4.43,4.37,4.32,4.36,67.6,66.7,0.0301,69.7,67.7,73.7,0.8,2.0,-0.9,0.24,1.9,小幅涨:近10日+2% | 回调至MA60(4.36) | MACD红柱(已启动) | RSI6金叉RSI14 | KDJ金叉(K=70) | 量能健康(0.8xMA20)
002119,康强电子,2026-04-13,8.5,中回调,21.44,21.57,20.8,21.03,22.3,73.7,59.5,0.2026,70.9,61.5,89.7,0.74,5.8,0.6,0.92,-0.6,小幅涨:近10日+6% | 回调至MA20(21.03):+1.9% | MACD红柱(已启动) | RSI14=60(正常区) | 乖离正常:BIAS20=1.9% | 量能健康(0.7xMA20)
002128,电投能源,2026-04-13,8.5,中回调,31.54,31.79,31.15,30.71,30.22,61.6,64.0,0.1196,67.1,68.0,65.1,0.9,5.5,-6.2,1.12,-0.8,小幅涨:近10日+5% | 回调至MA20(30.71):+2.7% | MACD红柱(已启动) | RSI14=64(正常区) | 乖离正常:BIAS20=2.7% | 量能健康(0.9xMA20)
002152,广电运通,2026-04-13,8.5,中回调,11.94,11.74,11.58,11.89,12.84,79.4,57.9,0.0691,73.8,56.3,108.8,0.96,3.8,-7.6,0.33,1.7,小幅涨:近10日+4% | 回调至MA20(11.89):+0.4% | MACD红柱(已启动) | RSI14=58(正常区) | 乖离正常:BIAS20=0.4% | 量能健康(1.0xMA20)
002160,常铝股份,2026-04-13,8.5,中回调,5.11,5.1,5.14,5.06,5.63,45.7,62.6,0.0345,39.6,41.0,36.7,0.44,2.4,-8.6,0.29,0.2,小幅涨:近10日+2% | 回调至MA20(5.06):+1.0% | MACD红柱(已启动) | RSI14=63(正常区) | 乖离正常:BIAS20=1.0% | 量能健康(0.4xMA20)
002167,东方锆业,2026-04-13,8.5,中回调,12.69,12.44,12.26,12.46,13.48,71.1,63.5,0.0878,77.9,62.1,109.4,0.78,2.0,-9.0,0.4,2.0,小幅涨:近10日+2% | 回调至MA20(12.46):+1.8% | MACD红柱(已启动) | RSI14=63(正常区) | 乖离正常:BIAS20=1.8% | 量能健康(0.8xMA20)
002237,恒邦股份,2026-04-13,8.5,中回调,15.01,15.1,14.97,14.99,16.69,56.2,63.1,0.1191,58.5,60.4,54.7,0.56,2.5,-10.6,0.54,-0.6,小幅涨:近10日+2% | 回调至MA20(14.99):+0.1% | MACD红柱(已启动) | RSI14=63(正常区) | 乖离正常:BIAS20=0.1% | 量能健康(0.6xMA20)
002234,民和股份,2026-04-13,8.5,中回调,8.56,8.43,8.33,8.48,8.97,60.5,64.4,0.0411,75.0,62.0,101.0,0.79,2.4,-8.4,0.28,1.5,小幅涨:近10日+2% | 回调至MA20(8.48):+1.0% | MACD红柱(已启动) | RSI14=64(正常区) | 乖离正常:BIAS20=1.0% | 量能健康(0.8xMA20)
002248,华东数控,2026-04-13,8.5,中回调,12.58,12.34,12.14,12.39,12.9,71.3,62.4,0.0549,77.4,59.4,113.5,0.58,4.0,-11.0,0.41,1.9,小幅涨:近10日+4% | 回调至MA20(12.39):+1.5% | MACD红柱(已启动) | RSI14=62(正常区) | 乖离正常:BIAS20=1.5% | 量能健康(0.6xMA20)
002266,浙富控股,2026-04-13,8.5,深回调,4.41,4.25,4.2,4.28,4.66,69.1,62.2,0.0307,65.8,50.2,97.1,1.98,4.8,-9.1,0.12,3.9,小幅涨:近10日+5% | 回调至MA60(4.66) | MACD红柱(已启动) | RSI14=62(正常区) | KDJ金叉(K=66) | 量能健康(2.0xMA20) | 量开始放大
002349,精华制药,2026-04-13,8.5,中回调,7.46,7.68,7.56,7.43,7.58,41.7,67.0,0.041,42.3,56.4,14.2,1.07,2.8,-2.7,0.31,-2.9,小幅涨:近10日+3% | 回调至MA20(7.43):+0.4% | MACD红柱(已启动) | KDJ超卖J=14 | 乖离正常:BIAS20=0.4% | 量能健康(1.1xMA20)
002370,亚太药业,2026-04-13,8.5,轻回调,7.16,7.46,7.5,6.91,7.04,24.1,72.5,0.0552,46.6,63.5,12.7,0.7,9.6,9.1,0.5,-4.0,上涨:近10日+10% | 回调至MA10下:-4.6% | MACD红柱(已启动) | KDJ超卖J=13 | 量能健康(0.7xMA20)
002408,齐翔腾达,2026-04-13,8.5,布林撑,7.02,6.83,6.48,6.17,5.9,76.5,69.8,0.1044,87.4,81.6,99.2,0.78,15.3,12.1,0.37,2.8,强势:近20日+12% | 布林下轨(5.28)获撑 | MACD红柱(已启动) | RSI6金叉RSI14 | 量能健康(0.8xMA20)
002413,雷科防务,2026-04-13,8.5,中回调,13.09,13.26,13.26,13.18,14.34,37.3,59.5,0.0535,40.0,44.2,31.5,0.55,2.8,-5.4,0.65,-1.3,小幅涨:近10日+3% | 回调至MA20(13.18):-0.6% | MACD红柱(已启动) | RSI14=59(正常区) | 乖离正常:BIAS20=-0.6% | 量能健康(0.5xMA20)
002797,第一创业,2026-04-13,8.5,布林撑,7.89,7.63,7.4,7.48,7.27,85.8,60.6,0.0444,68.2,54.1,96.2,1.09,5.8,4.6,0.33,3.4,小幅涨:近10日+6% | 布林下轨(6.94)获撑 | MACD红柱(已启动) | RSI14=61(正常区) | KDJ金叉(K=68) | 量能健康(1.1xMA20)
002845,同兴达,2026-04-13,8.5,中回调,13.91,13.76,13.53,13.9,14.68,85.8,63.6,0.0689,72.5,57.0,103.6,0.5,2.5,-10.7,0.42,1.1,小幅涨:近10日+3% | 回调至MA20(13.90):+0.1% | MACD红柱(已启动) | RSI14=64(正常区) | 乖离正常:BIAS20=0.1% | 量能健康(0.5xMA20)
002858,力盛体育,2026-04-13,8.5,中回调,15.06,15.1,15.11,15.0,15.87,57.4,59.7,0.0522,42.4,43.9,39.3,0.69,2.2,-2.1,0.97,-0.3,小幅涨:近10日+2% | 回调至MA20(15.00):+0.4% | MACD红柱(已启动) | RSI14=60(正常区) | 乖离正常:BIAS20=0.4% | 量能健康(0.7xMA20)
002877,智能自控,2026-04-13,8.5,中回调,8.98,8.83,8.69,8.86,9.44,72.9,65.0,0.0521,80.2,64.1,112.5,0.42,2.9,-7.3,0.28,1.7,小幅涨:近10日+3% | 回调至MA20(8.86):+1.3% | MACD红柱(已启动) | RSI14=65(正常区) | 乖离正常:BIAS20=1.3% | 量能健康(0.4xMA20)
002949,华阳国际,2026-04-13,8.5,中回调,14.01,13.8,13.65,13.77,14.95,63.2,64.4,0.1023,72.3,61.7,93.5,0.88,2.6,-3.4,0.5,1.5,小幅涨:近10日+3% | 回调至MA20(13.77):+1.7% | MACD红柱(已启动) | RSI14=64(正常区) | 乖离正常:BIAS20=1.7% | 量能健康(0.9xMA20)
002945,华林证券,2026-04-13,8.5,中回调,15.93,15.87,15.78,15.82,17.41,53.3,58.8,0.109,58.9,59.4,57.8,0.91,3.4,-2.2,0.44,0.4,小幅涨:近10日+3% | 回调至MA20(15.82):+0.7% | MACD红柱(已启动) | RSI14=59(正常区) | 乖离正常:BIAS20=0.7% | 量能健康(0.9xMA20)
002907,华森制药,2026-04-13,8.5,中回调,14.16,14.3,14.32,13.97,14.56,24.5,71.1,0.0713,47.0,60.8,19.3,1.17,3.0,0.4,0.53,-1.0,小幅涨:近10日+3% | 回调至MA20(13.97):+1.4% | MACD红柱(已启动) | KDJ超卖J=19 | 乖离正常:BIAS20=1.4% | 量能健康(1.2xMA20)
300016,北陆药业,2026-04-13,8.5,中回调,10.1,10.17,10.19,10.05,9.97,34.0,64.2,0.0085,58.8,64.5,47.5,0.59,2.7,-4.7,0.49,-0.6,小幅涨:近10日+3% | 回调至MA20(10.05):+0.5% | MACD红柱(已启动) | RSI14=64(正常区) | 乖离正常:BIAS20=0.5% | 量能健康(0.6xMA20)
300057,万顺新材,2026-04-13,8.5,布林撑,7.21,6.94,6.78,6.39,6.17,77.7,77.6,0.0902,74.8,65.6,93.2,1.14,9.1,14.3,0.44,3.8,强势:近20日+14% | 布林下轨(5.35)获撑 | MACD红柱(已启动) | RSI6金叉RSI14 | 量能健康(1.1xMA20)
300142,沃森生物,2026-04-13,8.5,中回调,12.53,12.64,12.6,12.33,12.29,43.4,62.3,0.0369,62.3,68.9,49.1,0.66,3.9,5.1,0.42,-0.9,小幅涨:近10日+4% | 回调至MA20(12.33):+1.6% | MACD红柱(已启动) | RSI14=62(正常区) | 乖离正常:BIAS20=1.6% | 量能健康(0.7xMA20)
300149,睿智医药,2026-04-13,8.5,轻回调,11.04,11.37,11.47,10.67,10.81,0.6,67.4,0.0677,44.5,57.2,19.3,0.75,7.5,8.9,0.73,-2.9,上涨:近10日+7% | 回调至MA10下:-3.8% | MACD红柱(已启动) | KDJ超卖J=19 | 量能健康(0.7xMA20)
300176,鸿特科技,2026-04-13,8.5,中回调,7.19,7.21,7.13,7.16,7.37,55.2,63.5,0.0277,71.6,65.9,82.9,0.81,2.1,-4.9,0.24,-0.2,小幅涨:近10日+2% | 回调至MA20(7.16):+0.4% | MACD红柱(已启动) | RSI14=63(正常区) | 乖离正常:BIAS20=0.4% | 量能健康(0.8xMA20)
300310,宜通世纪,2026-04-13,8.5,中回调,6.18,6.13,6.03,6.17,6.58,71.4,58.5,0.0359,70.7,60.0,92.0,0.55,5.5,-7.3,0.23,0.9,小幅涨:近10日+5% | 回调至MA20(6.17):+0.2% | MACD红柱(已启动) | RSI14=59(正常区) | 乖离正常:BIAS20=0.2% | 量能健康(0.6xMA20)
300346,南大光电,2026-04-13,8.5,中回调,47.72,47.36,46.36,46.48,52.47,85.4,63.7,0.5157,75.4,64.9,96.2,1.05,2.9,-5.3,1.55,0.8,小幅涨:近10日+3% | 回调至MA20(46.48):+2.7% | MACD红柱(已启动) | RSI14=64(正常区) | 乖离正常:BIAS20=2.7% | 量能健康(1.1xMA20)
300364,中文在线,2026-04-13,8.5,中回调,27.36,27.94,27.23,26.69,30.35,57.2,61.7,0.377,54.9,58.0,48.7,0.71,5.5,1.4,1.47,-2.1,小幅涨:近10日+5% | 回调至MA20(26.69):+2.5% | MACD红柱(已启动) | RSI14=62(正常区) | 乖离正常:BIAS20=2.5% | 量能健康(0.7xMA20)
300385,雪浪环境,2026-04-10,8.5,轻回调,14.8,15.48,17.08,16.08,11.8,13.9,53.8,-0.5288,13.6,27.7,-14.7,0.7,-17.3,19.5,2.57,-4.4,强势:近20日+19% | 回调至MA10下:-13.4% | RSI14=54(回升区) | KDJ超卖J=-15 | 量能健康(0.7xMA20)
300348,长亮科技,2026-04-13,8.5,深回调,13.96,13.83,13.36,13.49,14.06,74.6,56.4,0.1406,65.8,56.7,84.0,1.72,5.3,3.3,0.6,1.0,小幅涨:近10日+5% | 回调至MA60(14.06) | MACD红柱(已启动) | RSI14=56(正常区) | KDJ金叉(K=66) | 量能健康(1.7xMA20) | 量开始放大
300424,航新科技,2026-04-13,8.5,深回调,17.35,16.75,16.57,16.76,18.27,71.7,61.5,0.1198,70.1,56.1,98.1,1.71,3.9,-2.4,0.56,3.6,小幅涨:近10日+4% | 回调至MA60(18.27) | MACD红柱(已启动) | RSI14=62(正常区) | RSI6金叉RSI14 | 量能健康(1.7xMA20) | 量开始放大
300432,富临精工,2026-04-13,8.5,布林撑,25.25,24.05,23.6,22.67,19.63,73.3,65.1,0.1071,63.6,54.3,82.2,0.72,0.8,43.1,1.43,5.0,强势:近20日+43% | 布林下轨(18.54)获撑 | MACD红柱(已启动) | KDJ金叉(K=64) | 量能健康(0.7xMA20)
300502,新易盛,2026-04-13,8.5,布林撑,512.72,497.08,475.0,460.5,413.58,80.3,62.5,5.1107,78.7,68.3,99.6,0.93,14.6,30.1,25.5,3.1,强势:近20日+30% | 布林下轨(397.29)获撑 | MACD红柱(已启动) | RSI14=62(正常区) | 量能健康(0.9xMA20) | 量开始放大
300517,海波重科,2026-04-13,8.5,中回调,11.56,11.42,11.21,11.33,11.97,63.0,62.1,0.0768,79.3,67.0,104.1,0.81,2.6,-6.0,0.46,1.2,小幅涨:近10日+3% | 回调至MA20(11.33):+2.1% | MACD红柱(已启动) | RSI14=62(正常区) | 乖离正常:BIAS20=2.1% | 量能健康(0.8xMA20)
300578,会畅科技,2026-04-13,8.5,深回调,21.23,20.67,20.26,20.53,23.54,72.0,62.7,0.2378,67.3,54.8,92.2,1.58,4.4,-0.1,0.9,2.7,小幅涨:近10日+4% | 回调至MA60(23.54) | MACD红柱(已启动) | RSI14=63(正常区) | KDJ金叉(K=67) | 量能健康(1.6xMA20) | 量开始放大
300606,金太阳,2026-04-13,8.5,布林撑,38.77,38.57,36.73,37.01,34.39,75.6,67.8,0.2894,67.4,58.2,85.7,0.56,7.6,14.2,2.72,0.5,强势:近20日+14% | 布林下轨(31.52)获撑 | MACD红柱(已启动) | KDJ金叉(K=67) | 量能健康(0.6xMA20)
300657,弘信电子,2026-04-13,8.5,深回调,30.82,29.61,29.25,29.78,30.89,84.4,60.9,0.1577,67.9,51.2,101.3,1.14,5.4,-2.4,1.53,4.1,小幅涨:近10日+5% | 回调至MA60(30.89) | MACD红柱(已启动) | RSI14=61(正常区) | KDJ金叉(K=68) | 量能健康(1.1xMA20) | 量开始放大
300664,鹏鹞环保,2026-04-13,8.5,布林撑,6.21,6.01,5.81,5.91,5.84,72.3,61.1,0.0402,68.1,54.0,96.3,1.05,3.5,-2.2,0.3,3.4,小幅涨:近10日+3% | 布林下轨(5.33)获撑 | MACD红柱(已启动) | RSI14=61(正常区) | KDJ金叉(K=68) | 量能健康(1.1xMA20)
300743,天地数码,2026-04-13,8.5,中回调,17.91,17.86,17.6,17.82,19.63,64.8,64.0,0.1449,74.2,63.2,96.1,0.55,2.6,-7.9,0.61,0.3,小幅涨:近10日+3% | 回调至MA20(17.82):+0.5% | MACD红柱(已启动) | RSI14=64(正常区) | 乖离正常:BIAS20=0.5% | 量能健康(0.6xMA20)
300766,每日互动,2026-04-13,8.5,中回调,35.2,36.1,36.19,35.48,40.98,38.7,58.4,0.3003,43.9,55.8,20.2,0.76,3.0,-13.6,1.85,-2.5,小幅涨:近10日+3% | 回调至MA20(35.48):-0.8% | MACD红柱(已启动) | RSI14=58(正常区) | 乖离正常:BIAS20=-0.8% | 量能健康(0.8xMA20)
300787,海能实业,2026-04-13,8.5,中回调,12.08,11.89,11.7,11.86,12.43,75.0,62.5,0.0756,76.8,61.1,108.0,0.59,3.6,-3.4,0.38,1.6,小幅涨:近10日+4% | 回调至MA20(11.86):+1.9% | MACD红柱(已启动) | RSI14=62(正常区) | 乖离正常:BIAS20=1.9% | 量能健康(0.6xMA20)
300866,安克创新,2026-04-13,8.5,布林撑,116.36,108.06,107.34,106.3,102.78,76.0,57.7,0.7314,64.3,49.1,94.8,0.99,2.6,19.8,5.91,7.7,"强势:近20日+20% | 布林下轨(93.53)获撑 | MACD红柱(已启动) | RSI14=58(正常区) | KDJ金叉(K=64) | 量能健康(1.0xMA20) | 量开始放大 | 偏离MA5过大,追高风险"
300881,盛德鑫泰,2026-04-13,8.5,深回调,46.16,44.62,43.15,43.73,43.99,68.3,64.3,0.4362,63.3,53.4,83.1,2.64,6.3,-1.0,2.22,3.4,上涨:近10日+6% | 回调至MA60(43.99) | MACD红柱(已启动) | RSI14=64(正常区) | KDJ金叉(K=63) | 量开始放大
300932,三友联众,2026-04-13,8.5,中回调,13.57,13.38,13.14,13.54,13.84,72.9,57.0,0.0315,71.4,54.0,106.2,0.68,2.6,-14.7,0.54,1.4,小幅涨:近10日+3% | 回调至MA20(13.54):+0.3% | MACD红柱(已启动) | RSI14=57(正常区) | 乖离正常:BIAS20=0.3% | 量能健康(0.7xMA20)
300985,致远新能,2026-04-13,8.5,中回调,21.48,21.15,20.79,21.34,22.38,67.0,64.3,0.1185,76.0,59.7,108.5,0.46,4.9,-18.0,0.77,1.6,小幅涨:近10日+5% | 回调至MA20(21.34):+0.7% | MACD红柱(已启动) | RSI14=64(正常区) | 乖离正常:BIAS20=0.7% | 量能健康(0.5xMA20)
300996,普联软件,2026-04-13,8.5,中回调,16.43,16.48,16.18,16.22,17.15,68.6,63.2,0.1172,38.0,40.2,33.6,0.95,5.2,-3.6,0.79,-0.3,小幅涨:近10日+5% | 回调至MA20(16.22):+1.3% | MACD红柱(已启动) | RSI14=63(正常区) | 乖离正常:BIAS20=1.3% | 量能健康(0.9xMA20)
300964,本川智能,2026-04-13,8.5,布林撑,76.05,73.82,70.7,68.81,63.36,75.0,67.8,0.6686,79.8,69.7,100.0,0.87,15.5,20.7,4.53,3.0,强势:近20日+21% | 布林下轨(61.16)获撑 | MACD红柱(已启动) | RSI6金叉RSI14 | 量能健康(0.9xMA20)
600056,中国医药,2026-04-13,8.5,中回调,10.59,10.94,10.78,10.5,10.63,51.1,62.4,0.0598,54.1,65.4,31.5,1.15,4.4,0.0,0.37,-3.2,小幅涨:近10日+4% | 回调至MA20(10.50):+0.9% | MACD红柱(已启动) | RSI14=62(正常区) | 乖离正常:BIAS20=0.9% | 量能健康(1.1xMA20)
600060,海信视像,2026-04-13,8.5,中回调,22.46,22.45,22.41,22.23,23.11,35.7,60.7,0.1105,65.2,66.6,62.5,0.71,5.1,0.6,0.68,0.0,小幅涨:近10日+5% | 回调至MA20(22.23):+1.0% | MACD红柱(已启动) | RSI14=61(正常区) | 乖离正常:BIAS20=1.0% | 量能健康(0.7xMA20)
600150,中国船舶,2026-04-13,8.5,中回调,32.66,32.39,31.58,32.15,34.7,80.1,62.9,0.2697,83.0,67.6,113.7,0.7,5.9,-7.2,0.79,0.8,小幅涨:近10日+6% | 回调至MA20(32.15):+1.6% | MACD红柱(已启动) | RSI14=63(正常区) | 乖离正常:BIAS20=1.6% | 量能健康(0.7xMA20)
600158,中体产业,2026-04-13,8.5,中回调,11.25,11.67,11.51,11.08,10.24,43.4,60.4,0.0003,59.6,67.7,43.3,0.86,4.1,3.6,0.75,-3.6,小幅涨:近10日+4% | 回调至MA20(11.08):+1.5% | MACD红柱(已启动) | RSI14=60(正常区) | 乖离正常:BIAS20=1.5% | 量能健康(0.9xMA20)
600195,中牧股份,2026-04-13,8.5,中回调,7.86,8.27,7.99,7.79,7.98,43.7,62.0,0.0667,57.6,64.9,43.1,1.28,5.4,-2.7,0.35,-4.9,小幅涨:近10日+5% | 回调至MA20(7.79):+0.9% | MACD红柱(已启动) | RSI14=62(正常区) | 乖离正常:BIAS20=0.9% | 量能健康(1.3xMA20)
600235,民丰特纸,2026-04-13,8.5,中回调,6.76,6.75,6.68,6.67,6.92,56.9,64.3,0.0379,76.4,70.1,88.9,0.88,2.3,-5.7,0.25,0.1,小幅涨:近10日+2% | 回调至MA20(6.67):+1.4% | MACD红柱(已启动) | RSI14=64(正常区) | 乖离正常:BIAS20=1.4% | 量能健康(0.9xMA20)
600299,安迪苏,2026-04-13,8.5,布林撑,15.18,14.37,13.97,14.04,11.71,73.1,57.6,-0.0472,69.1,57.0,93.2,1.04,9.1,-1.8,0.88,5.7,上涨:近10日+9% | 布林下轨(12.86)获撑 | MACD绿柱(-0.0472) | RSI14=58(正常区) | KDJ金叉(K=69) | 量能健康(1.0xMA20) | 量开始放大
600359,新农开发,2026-04-13,8.5,中回调,7.09,7.08,7.16,7.12,7.43,41.0,62.3,0.0136,44.1,46.0,40.4,0.66,2.0,-7.8,0.33,0.2,小幅涨:近10日+2% | 回调至MA20(7.12):-0.4% | MACD红柱(已启动) | RSI14=62(正常区) | 乖离正常:BIAS20=-0.4% | 量能健康(0.7xMA20)
600356,恒丰纸业,2026-04-13,8.5,中回调,8.86,9.03,8.8,8.78,9.24,58.6,64.0,0.0751,61.0,62.1,58.8,1.36,2.4,-5.4,0.32,-1.8,小幅涨:近10日+2% | 回调至MA20(8.78):+0.9% | MACD红柱(已启动) | RSI14=64(正常区) | 乖离正常:BIAS20=0.9% | 量能健康(1.4xMA20)
600378,昊华科技,2026-04-13,8.5,中回调,32.32,33.26,32.17,31.99,35.13,70.1,62.5,0.3591,67.6,68.6,65.8,1.42,2.8,-6.0,1.21,-2.8,小幅涨:近10日+3% | 回调至MA20(31.99):+1.0% | MACD红柱(已启动) | RSI14=63(正常区) | 乖离正常:BIAS20=1.0% | 量能健康(1.4xMA20)
600547,山东黄金,2026-04-13,8.5,中回调,39.5,40.63,40.55,40.5,45.83,45.9,57.9,0.2532,45.2,56.8,22.1,0.7,2.4,-15.1,1.81,-2.8,小幅涨:近10日+2% | 回调至MA20(40.50):-2.5% | MACD红柱(已启动) | RSI14=58(正常区) | 乖离正常:BIAS20=-2.5% | 量能健康(0.7xMA20)
600589,大位科技,2026-04-13,8.5,深回调,11.2,10.79,10.67,10.7,10.81,76.1,64.8,0.0517,71.8,58.6,98.2,1.04,4.0,3.1,0.63,3.8,小幅涨:近10日+4% | 回调至MA60(10.81) | MACD红柱(已启动) | RSI14=65(正常区) | RSI6金叉RSI14 | 量能健康(1.0xMA20) | 量开始放大
600594,益佰制药,2026-04-13,8.5,轻回调,4.42,4.78,4.56,4.18,4.11,40.1,64.6,0.0738,62.3,71.4,44.3,1.83,15.1,10.8,0.35,-7.5,上涨:近10日+15% | 回调至MA10下:-3.2% | MACD红柱(已启动) | RSI14=65(正常区) | 量能健康(1.8xMA20)
600602,云赛智联,2026-04-13,8.5,布林撑,24.4,24.39,23.84,22.72,21.49,73.0,67.1,0.1699,73.4,76.9,66.4,0.88,15.0,18.7,1.37,0.0,强势:近20日+19% | 布林下轨(19.95)获撑 | MACD红柱(已启动) | RSI6金叉RSI14 | 量能健康(0.9xMA20)
600720,中交设计,2026-04-13,8.5,中回调,6.93,7.01,7.01,6.99,7.22,40.4,63.1,0.018,52.3,64.4,28.0,0.59,2.7,-6.1,0.15,-1.2,小幅涨:近10日+3% | 回调至MA20(6.99):-0.8% | MACD红柱(已启动) | RSI14=63(正常区) | 乖离正常:BIAS20=-0.8% | 量能健康(0.6xMA20)
600893,航发动力,2026-04-13,8.5,深回调,51.42,49.87,49.38,49.9,50.72,58.1,63.4,0.2615,68.1,53.6,97.1,0.72,7.1,-4.6,2.27,3.1,上涨:近10日+7% | 回调至MA60(50.72) | MACD红柱(已启动) | RSI14=63(正常区) | KDJ金叉(K=68) | 量能健康(0.7xMA20)
600936,北投科技,2026-04-13,8.5,中回调,4.06,4.06,4.04,3.96,4.17,55.3,64.9,0.0304,46.3,49.1,40.8,0.79,5.7,1.5,0.16,-0.0,小幅涨:近10日+6% | 回调至MA20(3.96):+2.5% | MACD红柱(已启动) | RSI14=65(正常区) | 乖离正常:BIAS20=2.5% | 量能健康(0.8xMA20)
601899,紫金矿业,2026-04-13,8.5,中回调,33.66,33.67,33.4,33.16,36.69,57.0,64.1,0.2919,63.2,63.8,62.2,0.58,3.7,-5.9,1.23,-0.0,小幅涨:近10日+4% | 回调至MA20(33.16):+1.5% | MACD红柱(已启动) | RSI14=64(正常区) | 乖离正常:BIAS20=1.5% | 量能健康(0.6xMA20)
601988,中国银行,2026-04-13,8.5,中回调,5.69,5.71,5.77,5.64,5.46,12.1,66.7,-0.0071,40.4,56.0,9.3,0.67,2.2,5.6,0.12,-0.4,小幅涨:近10日+2% | 回调至MA20(5.64):+0.9% | MACD绿柱收窄(-0.0071) | KDJ超卖J=9 | 乖离正常:BIAS20=0.9% | 量能健康(0.7xMA20)
603005,晶方科技,2026-04-13,8.5,中回调,28.08,27.77,27.19,27.73,30.07,90.0,59.9,0.2299,72.1,57.7,100.9,0.75,4.4,-7.3,0.87,1.1,小幅涨:近10日+4% | 回调至MA20(27.73):+1.2% | MACD红柱(已启动) | RSI14=60(正常区) | 乖离正常:BIAS20=1.2% | 量能健康(0.8xMA20)
603006,联明股份,2026-04-13,8.5,中回调,12.82,12.83,12.78,12.8,13.51,49.3,64.5,0.062,77.6,70.5,91.8,0.91,2.4,-6.1,0.45,-0.1,小幅涨:近10日+2% | 回调至MA20(12.80):+0.1% | MACD红柱(已启动) | RSI14=65(正常区) | 乖离正常:BIAS20=0.1% | 量能健康(0.9xMA20)
603077,和邦生物,2026-04-13,8.5,布林撑,2.99,2.93,2.86,2.86,2.69,76.1,64.8,0.0077,67.7,57.2,88.6,0.74,4.5,-8.8,0.13,2.2,小幅涨:近10日+5% | 布林下轨(2.60)获撑 | MACD红柱(已启动) | RSI14=65(正常区) | KDJ金叉(K=68) | 量能健康(0.7xMA20)
603078,江化微,2026-04-13,8.5,中回调,22.78,22.67,22.23,22.48,23.59,83.1,64.5,0.1513,72.3,61.9,93.3,0.61,2.2,-1.9,0.68,0.5,小幅涨:近10日+2% | 回调至MA20(22.48):+1.3% | MACD红柱(已启动) | RSI14=65(正常区) | 乖离正常:BIAS20=1.3% | 量能健康(0.6xMA20)
603206,嘉环科技,2026-04-13,8.5,中回调,15.79,16.04,15.82,15.75,16.63,63.8,64.5,0.0941,54.8,58.3,47.6,0.94,2.5,-1.2,0.45,-1.5,小幅涨:近10日+3% | 回调至MA20(15.75):+0.3% | MACD红柱(已启动) | RSI14=65(正常区) | 乖离正常:BIAS20=0.3% | 量能健康(0.9xMA20)
603262,技源集团,2026-04-13,8.5,中回调,26.03,25.38,25.07,25.59,27.17,64.5,63.1,0.1544,72.4,54.2,108.7,0.97,4.4,-3.2,0.74,2.6,小幅涨:近10日+4% | 回调至MA20(25.59):+1.7% | MACD红柱(已启动) | RSI14=63(正常区) | 乖离正常:BIAS20=1.7% | 量能健康(1.0xMA20)
603320,迪贝电气,2026-04-13,8.5,深回调,21.42,20.46,20.23,20.26,22.05,74.2,68.2,0.1825,64.5,53.1,87.4,2.23,5.6,-7.4,0.78,4.7,小幅涨:近10日+6% | 回调至MA60(22.05) | MACD红柱(已启动) | RSI6金叉RSI14 | KDJ金叉(K=65) | 量开始放大
603351,威尔药业,2026-04-13,8.5,中回调,25.41,25.6,25.82,25.42,26.64,31.4,63.4,0.0894,43.8,53.4,24.4,0.71,2.5,-3.2,0.98,-0.8,小幅涨:近10日+3% | 回调至MA20(25.42):-0.0% | MACD红柱(已启动) | RSI14=63(正常区) | 乖离正常:BIAS20=-0.0% | 量能健康(0.7xMA20)
603608,天创时尚,2026-04-13,8.5,深回调,10.5,10.31,9.96,10.15,10.72,72.8,60.4,0.1002,65.9,52.2,93.4,0.72,6.3,-8.4,0.5,1.8,上涨:近10日+6% | 回调至MA60(10.72) | MACD红柱(已启动) | RSI14=60(正常区) | KDJ金叉(K=66) | 量能健康(0.7xMA20)
603618,杭电股份,2026-04-13,8.5,轻回调,23.64,25.4,26.61,23.68,16.85,7.6,60.6,-0.4355,31.9,54.1,-12.4,0.7,-2.6,24.6,2.39,-6.9,强势:近20日+25% | 回调至MA10下:-11.2% | RSI14=61(正常区) | KDJ超卖J=-12 | 乖离正常:BIAS20=-0.2% | 量能健康(0.7xMA20)
603650,彤程新材,2026-04-13,8.5,中回调,51.54,51.2,50.38,50.64,55.54,84.7,63.7,0.4311,71.8,63.2,89.0,0.87,2.0,-6.4,1.63,0.7,小幅涨:近10日+2% | 回调至MA20(50.64):+1.8% | MACD红柱(已启动) | RSI14=64(正常区) | 乖离正常:BIAS20=1.8% | 量能健康(0.9xMA20)
603667,五洲新春,2026-04-13,8.5,中回调,69.35,68.57,67.75,67.42,76.19,62.4,64.6,0.7507,56.2,57.4,53.6,0.97,4.0,-3.9,2.85,1.1,小幅涨:近10日+4% | 回调至MA20(67.42):+2.9% | MACD红柱(已启动) | RSI14=65(正常区) | 乖离正常:BIAS20=2.9% | 量能健康(1.0xMA20)
603726,朗迪集团,2026-04-13,8.5,中回调,23.15,22.87,22.57,23.13,25.02,70.8,61.1,0.1481,70.3,52.1,106.5,0.67,2.9,-8.1,0.69,1.2,小幅涨:近10日+3% | 回调至MA20(23.13):+0.1% | MACD红柱(已启动) | RSI14=61(正常区) | 乖离正常:BIAS20=0.1% | 量能健康(0.7xMA20)
603881,数据港,2026-04-13,8.5,布林撑,40.19,38.79,38.25,37.67,37.64,80.2,67.5,0.3016,77.6,65.7,101.3,1.0,7.6,13.1,2.0,3.6,强势:近20日+13% | 布林下轨(34.54)获撑 | MACD红柱(已启动) | RSI6金叉RSI14 | 量能健康(1.0xMA20)
603920,世运电路,2026-04-13,8.5,深回调,54.44,54.09,52.09,52.16,58.36,73.5,61.8,0.8604,61.4,51.2,81.8,1.44,6.5,-1.1,2.28,0.6,上涨:近10日+7% | 回调至MA60(58.36) | MACD红柱(已启动) | RSI14=62(正常区) | KDJ金叉(K=61) | 量能健康(1.4xMA20)
603985,恒润股份,2026-04-13,8.5,布林撑,21.69,21.14,20.4,19.62,17.77,67.8,66.8,0.1453,80.9,74.9,92.8,1.17,13.7,20.3,1.2,2.6,强势:近20日+20% | 布林下轨(17.27)获撑 | MACD红柱(已启动) | RSI6金叉RSI14 | 量能健康(1.2xMA20)
605299,舒华体育,2026-04-13,8.5,轻回调,18.17,20.85,21.04,18.31,14.17,24.0,59.8,-0.1656,42.0,64.3,-2.5,0.92,-5.6,43.8,2.62,-12.8,强势:近20日+44% | 回调至MA10下:-13.7% | RSI14=60(正常区) | KDJ超卖J=-3 | 乖离正常:BIAS20=-0.8% | 量能健康(0.9xMA20)
605488,福莱新材,2026-04-13,8.5,深回调,34.48,33.53,33.01,33.28,37.7,82.9,64.8,0.3914,73.0,60.5,98.0,1.26,6.0,-9.0,1.25,2.8,小幅涨:近10日+6% | 回调至MA60(37.70) | MACD红柱(已启动) | RSI14=65(正常区) | RSI6金叉RSI14 | 量能健康(1.3xMA20) | 量开始放大
688080,映翰通,2026-04-13,8.5,中回调,53.67,53.19,52.18,52.69,57.39,72.5,64.8,0.4229,70.4,58.2,94.7,0.68,3.6,-6.3,1.75,0.9,小幅涨:近10日+4% | 回调至MA20(52.69):+1.9% | MACD红柱(已启动) | RSI14=65(正常区) | 乖离正常:BIAS20=1.9% | 量能健康(0.7xMA20)
688071,华依科技,2026-04-13,8.5,中回调,32.5,32.24,31.64,31.74,35.91,68.5,64.8,0.4295,73.3,61.0,97.8,0.99,5.1,-5.2,1.34,0.8,小幅涨:近10日+5% | 回调至MA20(31.74):+2.4% | MACD红柱(已启动) | RSI14=65(正常区) | 乖离正常:BIAS20=2.4% | 量能健康(1.0xMA20)
688120,华海清科,2026-04-13,8.5,深回调,179.09,178.24,176.46,172.65,180.76,65.0,63.7,1.5999,61.4,58.3,67.4,0.97,4.8,4.4,8.13,0.5,小幅涨:近10日+5% | 回调至MA60(180.76) | MACD红柱(已启动) | RSI14=64(正常区) | KDJ金叉(K=61) | 量能健康(1.0xMA20) | 量开始放大
688138,清溢光电,2026-04-13,8.5,中回调,27.37,27.28,26.75,27.02,29.22,87.1,60.6,0.2298,71.8,62.1,91.2,0.85,3.3,-3.5,0.91,0.3,小幅涨:近10日+3% | 回调至MA20(27.02):+1.3% | MACD红柱(已启动) | RSI14=61(正常区) | 乖离正常:BIAS20=1.3% | 量能健康(0.9xMA20)
688158,优刻得,2026-04-13,8.5,布林撑,44.99,44.4,42.99,43.33,39.1,71.4,53.6,0.0515,71.1,58.7,95.8,0.73,8.9,4.6,2.86,1.3,上涨:近10日+9% | 布林下轨(38.67)获撑 | MACD红柱(已启动) | RSI14=54(回升区) | 量能健康(0.7xMA20)
688176,亚虹医药,2026-04-13,8.5,中回调,13.91,14.02,13.92,13.82,13.47,35.8,63.8,-0.0108,62.3,63.9,59.0,0.52,2.3,-8.8,0.72,-0.8,小幅涨:近10日+2% | 回调至MA20(13.82):+0.7% | MACD绿柱收窄(-0.0108) | RSI14=64(正常区) | 乖离正常:BIAS20=0.7% | 量能健康(0.5xMA20)
688195,腾景科技,2026-04-13,8.5,布林撑,328.81,330.6,311.86,278.94,232.89,74.1,70.1,4.3739,79.2,82.4,72.8,0.86,11.8,38.4,25.98,-0.5,强势:近20日+38% | 布林下轨(192.44)获撑 | MACD红柱(已启动) | RSI6金叉RSI14 | 量能健康(0.9xMA20)
688270,臻镭科技,2026-04-13,8.5,深回调,151.7,147.86,146.11,145.5,170.29,66.0,62.0,1.978,65.1,53.3,88.6,1.16,9.0,2.1,9.12,2.6,上涨:近10日+9% | 回调至MA60(170.29) | MACD红柱(已启动) | RSI14=62(正常区) | KDJ金叉(K=65) | 量能健康(1.2xMA20)
688300,联瑞新材,2026-04-13,8.5,布林撑,96.5,93.74,90.04,87.58,75.54,95.5,74.4,0.37,81.9,76.1,93.5,0.94,9.9,6.0,5.4,2.9,上涨:近10日+10% | 布林下轨(77.58)获撑 | MACD红柱(已启动) | RSI6金叉RSI14 | 量能健康(0.9xMA20) | 量开始放大
688347,华虹公司,2026-04-13,8.5,中回调,119.02,118.41,113.91,116.45,126.67,75.5,58.8,1.4368,71.9,59.1,97.5,0.84,5.7,-0.1,5.94,0.5,小幅涨:近10日+6% | 回调至MA20(116.45):+2.2% | MACD红柱(已启动) | RSI14=59(正常区) | 乖离正常:BIAS20=2.2% | 量能健康(0.8xMA20)
688361,中科飞测,2026-04-13,8.5,深回调,165.6,164.81,159.54,159.97,179.05,79.7,58.9,2.3812,61.3,52.6,78.8,1.18,5.4,1.1,8.1,0.5,小幅涨:近10日+5% | 回调至MA60(179.05) | MACD红柱(已启动) | RSI14=59(正常区) | KDJ金叉(K=61) | 量能健康(1.2xMA20) | 量开始放大
688589,力合微,2026-04-13,8.5,中回调,22.81,22.78,22.14,22.35,23.89,76.4,61.8,0.2064,76.0,64.9,98.1,0.73,4.7,-2.7,0.79,0.1,小幅涨:近10日+5% | 回调至MA20(22.35):+2.1% | MACD红柱(已启动) | RSI14=62(正常区) | 乖离正常:BIAS20=2.1% | 量能健康(0.7xMA20)
688786,悦安新材,2026-04-13,8.5,中回调,31.16,31.01,30.61,31.17,32.07,71.6,64.0,0.109,70.7,62.1,87.7,0.62,3.2,-8.4,1.12,0.5,小幅涨:近10日+3% | 回调至MA20(31.17):-0.0% | MACD红柱(已启动) | RSI14=64(正常区) | 乖离正常:BIAS20=-0.0% | 量能健康(0.6xMA20)
688799,华纳药厂,2026-04-13,8.5,轻回调,58.95,61.7,60.78,53.42,48.7,16.3,78.2,0.6977,70.8,80.8,50.9,1.35,9.2,35.8,3.77,-4.5,强势:近20日+36% | 回调至MA10下:-3.0% | MACD红柱(已启动) | 量能健康(1.4xMA20) | 量开始放大
000678,襄阳轴承,2026-04-13,8.0,中回调,12.68,13.19,12.93,12.37,13.38,38.1,65.3,0.1461,57.5,65.7,41.0,0.9,9.6,2.7,0.63,-3.9,上涨:近10日+10% | 回调至MA20(12.37):+2.5% | MACD红柱(已启动) | 乖离正常:BIAS20=2.5% | 量能健康(0.9xMA20)
000829,天音控股,2026-04-13,8.0,中回调,10.7,10.54,10.42,10.4,10.61,93.9,81.7,0.0559,74.7,67.9,88.4,1.03,3.1,-1.6,0.39,1.5,小幅涨:近10日+3% | 回调至MA20(10.40):+2.9% | MACD红柱(已启动) | 乖离正常:BIAS20=2.9% | 量能健康(1.0xMA20) | 量开始放大
000811,冰轮环境,2026-04-13,8.0,深回调,18.6,18.23,17.74,17.92,17.95,90.0,64.4,0.1144,67.4,55.0,92.3,1.1,2.8,-3.1,0.86,2.0,小幅涨:近10日+3% | 回调至MA60(17.95) | MACD红柱(已启动) | RSI14=64(正常区) | KDJ金叉(K=67) | 量能健康(1.1xMA20)
000876,新 希 望,2026-04-13,8.0,中回调,8.55,8.42,8.34,8.39,8.67,67.8,68.4,0.0366,73.3,66.4,87.1,1.62,3.8,-3.6,0.16,1.6,小幅涨:近10日+4% | 回调至MA20(8.39):+1.9% | MACD红柱(已启动) | 乖离正常:BIAS20=1.9% | 量能健康(1.6xMA20) | 量开始放大
001215,千味央厨,2026-04-13,8.0,中回调,38.2,38.48,38.66,37.22,40.78,25.6,72.5,0.3657,58.0,67.5,39.1,0.88,5.4,7.7,1.42,-0.7,小幅涨:近10日+5% | 回调至MA20(37.22):+2.6% | MACD红柱(已启动) | 乖离正常:BIAS20=2.6% | 量能健康(0.9xMA20) | 量开始放大
001219,青岛食品,2026-04-13,8.0,中回调,14.56,14.59,14.6,14.42,14.69,41.6,72.8,0.0445,57.9,62.7,48.4,0.83,2.7,-2.5,0.43,-0.2,小幅涨:近10日+3% | 回调至MA20(14.42):+1.0% | MACD红柱(已启动) | 乖离正常:BIAS20=1.0% | 量能健康(0.8xMA20) | 量开始放大
001267,汇绿生态,2026-04-13,8.0,布林撑,42.81,42.92,41.14,40.86,33.62,70.3,63.8,-0.0376,68.9,61.7,83.3,0.84,9.9,-0.9,2.82,-0.2,上涨:近10日+10% | 布林下轨(37.04)获撑 | MACD绿柱(-0.0376) | RSI14=64(正常区) | KDJ金叉(K=69) | 量能健康(0.8xMA20)
002057,中钢天源,2026-04-13,8.0,中回调,9.65,9.47,9.34,9.41,10.43,74.2,72.0,0.0869,82.4,71.4,104.2,0.78,2.9,-11.3,0.23,1.9,小幅涨:近10日+3% | 回调至MA20(9.41):+2.6% | MACD红柱(已启动) | 乖离正常:BIAS20=2.6% | 量能健康(0.8xMA20) | 量开始放大
002100,天康生物,2026-04-13,8.0,布林撑,7.75,7.75,7.58,7.5,7.29,56.2,69.1,0.0324,68.2,66.4,71.8,0.95,6.2,0.9,0.31,-0.0,上涨:近10日+6% | 布林下轨(6.96)获撑 | MACD红柱(已启动) | KDJ金叉(K=68) | 量能健康(0.9xMA20)
002232,启明信息,2026-04-13,8.0,中回调,17.82,17.65,17.65,17.46,18.49,55.4,66.5,0.0966,56.3,57.7,53.5,1.03,3.4,0.3,0.53,0.9,小幅涨:近10日+3% | 回调至MA20(17.46):+2.0% | MACD红柱(已启动) | 乖离正常:BIAS20=2.0% | 量能健康(1.0xMA20) | 量开始放大
002379,宏桥控股,2026-04-13,8.0,中回调,28.09,28.67,28.09,27.92,29.37,52.0,67.3,0.2079,65.9,67.6,62.5,0.74,3.8,-11.4,1.25,-2.0,小幅涨:近10日+4% | 回调至MA20(27.92):+0.6% | MACD红柱(已启动) | 乖离正常:BIAS20=0.6% | 量能健康(0.7xMA20) | 量开始放大
002443,金洲管道,2026-04-13,8.0,深回调,9.07,8.51,8.52,8.72,8.96,68.5,61.2,0.02,56.7,40.7,88.7,2.15,5.0,-5.2,0.4,6.6,"小幅涨:近10日+5% | 回调至MA60(8.96) | MACD红柱(已启动) | RSI14=61(正常区) | RSI6金叉RSI14 | KDJ金叉(K=57) | 量开始放大 | 偏离MA5过大,追高风险"
002484,江海股份,2026-04-13,8.0,深回调,30.65,30.08,29.56,28.92,30.27,69.2,68.2,0.3205,70.4,67.2,76.8,1.97,10.1,0.2,1.53,1.9,上涨:近10日+10% | 回调至MA60(30.27) | MACD红柱(已启动) | RSI6金叉RSI14 | 量能健康(2.0xMA20) | 量开始放大
002557,洽洽食品,2026-04-13,8.0,中回调,21.88,21.97,21.69,21.6,22.62,53.9,70.6,0.1441,73.1,76.2,67.0,1.26,3.2,-2.3,0.52,-0.4,小幅涨:近10日+3% | 回调至MA20(21.60):+1.3% | MACD红柱(已启动) | 乖离正常:BIAS20=1.3% | 量能健康(1.3xMA20) | 量开始放大
002638,勤上股份,2026-04-13,8.0,布林撑,4.51,4.32,4.28,4.18,3.54,67.6,68.9,-0.0126,63.1,54.6,80.2,1.28,2.0,10.0,0.25,4.4,小幅涨:近10日+2% | 布林下轨(3.81)获撑 | MACD绿柱收窄(-0.0126) | KDJ金叉(K=63) | 量能健康(1.3xMA20) | 量开始放大
002863,今飞凯达,2026-04-13,8.0,中回调,5.51,5.52,5.48,5.48,5.83,51.6,66.9,0.029,50.0,50.3,49.2,0.86,2.6,-6.6,0.19,-0.1,小幅涨:近10日+3% | 回调至MA20(5.48):+0.5% | MACD红柱(已启动) | 乖离正常:BIAS20=0.5% | 量能健康(0.9xMA20) | 量开始放大
002843,泰嘉股份,2026-04-13,8.0,布林撑,24.06,23.39,22.13,22.28,22.06,78.3,58.7,0.2755,73.5,60.2,100.0,1.28,11.9,3.0,1.45,2.9,上涨:近10日+12% | 布林下轨(19.59)获撑 | MACD红柱(已启动) | RSI14=59(正常区) | 量能健康(1.3xMA20) | 量开始放大
002886,沃特股份,2026-04-13,8.0,中回调,21.86,21.46,20.85,21.29,22.75,87.8,68.1,0.214,80.2,63.7,113.1,0.55,6.6,-6.7,0.75,1.9,上涨:近10日+7% | 回调至MA20(21.29):+2.7% | MACD红柱(已启动) | 乖离正常:BIAS20=2.7% | 量能健康(0.6xMA20)
002992,宝明科技,2026-04-13,8.0,中回调,51.91,50.74,49.99,50.98,52.33,75.9,68.2,0.284,76.5,61.5,106.5,0.88,4.4,-2.0,1.6,2.3,小幅涨:近10日+4% | 回调至MA20(50.98):+1.8% | MACD红柱(已启动) | 乖离正常:BIAS20=1.8% | 量能健康(0.9xMA20) | 量开始放大
300246,宝莱特,2026-04-13,8.0,中回调,14.71,14.42,14.53,14.34,13.68,64.6,69.2,-0.0287,36.3,37.9,32.9,0.64,2.9,-0.9,0.9,2.0,小幅涨:近10日+3% | 回调至MA20(14.34):+2.5% | MACD绿柱收窄(-0.0287) | 乖离正常:BIAS20=2.5% | 量能健康(0.6xMA20) | 量开始放大
300285,国瓷材料,2026-04-13,8.0,深回调,34.23,32.49,31.59,32.39,33.15,92.9,68.6,0.2301,69.1,53.8,99.6,1.36,11.5,-9.9,1.59,5.4,上涨:近10日+11% | 回调至MA60(33.15) | MACD红柱(已启动) | KDJ金叉(K=69) | 量能健康(1.4xMA20) | 量开始放大
300342,天银机电,2026-04-13,8.0,布林撑,53.89,56.29,55.21,50.7,49.5,42.4,60.8,0.3475,56.9,69.3,32.2,0.85,7.8,33.2,4.32,-4.3,强势:近20日+33% | 布林下轨(39.93)获撑 | MACD红柱(已启动) | RSI14=61(正常区) | 量能健康(0.9xMA20)
300446,航天智造,2026-04-13,8.0,中回调,20.73,20.25,20.07,20.2,22.89,72.1,67.7,0.2113,72.8,57.8,102.9,1.06,4.0,-5.8,0.58,2.4,小幅涨:近10日+4% | 回调至MA20(20.20):+2.6% | MACD红柱(已启动) | 乖离正常:BIAS20=2.6% | 量能健康(1.1xMA20) | 量开始放大
300442,润泽科技,2026-04-13,8.0,布林撑,89.22,85.99,83.94,84.58,82.46,86.0,56.2,0.3822,72.9,55.2,108.2,1.25,6.9,6.8,4.07,3.8,上涨:近10日+7% | 布林下轨(78.53)获撑 | MACD红柱(已启动) | RSI14=56(正常区) | 量能健康(1.3xMA20) | 量开始放大
300545,联得装备,2026-04-13,8.0,中回调,32.47,32.6,31.51,31.79,32.88,80.0,66.2,0.2493,73.2,64.1,91.4,0.6,7.8,-8.8,1.38,-0.4,上涨:近10日+8% | 回调至MA20(31.79):+2.1% | MACD红柱(已启动) | 乖离正常:BIAS20=2.1% | 量能健康(0.6xMA20)
300580,贝斯特,2026-04-13,8.0,深回调,24.55,24.15,23.43,22.54,23.81,76.3,69.4,0.3739,82.7,80.7,86.8,0.92,14.3,12.2,1.03,1.7,强势:近20日+12% | 回调至MA60(23.81) | MACD红柱(已启动) | RSI6金叉RSI14 | 量能健康(0.9xMA20)
300661,圣邦股份,2026-04-13,8.0,深回调,74.6,75.81,72.39,72.32,71.54,70.5,56.1,0.6268,65.1,57.8,79.8,0.91,4.7,2.6,4.41,-1.6,小幅涨:近10日+5% | 回调至MA60(71.54) | MACD红柱(已启动) | RSI14=56(正常区) | KDJ金叉(K=65) | 量能健康(0.9xMA20)
300696,爱乐达,2026-04-13,8.0,深回调,29.12,28.62,27.83,28.16,30.45,71.0,62.7,0.3595,63.0,50.4,88.2,1.1,4.7,-0.2,1.19,1.8,小幅涨:近10日+5% | 回调至MA60(30.45) | MACD红柱(已启动) | RSI14=63(正常区) | KDJ金叉(K=63) | 量能健康(1.1xMA20)
300691,联合光电,2026-04-13,8.0,中回调,16.57,16.36,15.9,16.12,17.1,90.8,68.3,0.1625,72.4,58.1,101.1,0.56,6.4,-6.0,0.52,1.3,上涨:近10日+6% | 回调至MA20(16.12):+2.8% | MACD红柱(已启动) | 乖离正常:BIAS20=2.8% | 量能健康(0.6xMA20)
300738,奥飞数据,2026-04-13,8.0,深回调,23.04,22.37,22.09,22.28,23.17,72.9,60.6,0.1331,75.1,60.1,105.0,0.83,5.4,1.6,1.33,3.0,小幅涨:近10日+5% | 回调至MA60(23.17) | MACD红柱(已启动) | RSI14=61(正常区) | RSI6金叉RSI14 | 量能健康(0.8xMA20)
300776,帝尔激光,2026-04-13,8.0,深回调,78.95,77.84,75.58,76.11,81.79,80.3,58.0,0.8758,59.9,50.3,79.1,1.27,4.0,-4.5,3.89,1.4,小幅涨:近10日+4% | 回调至MA60(81.79) | MACD红柱(已启动) | RSI14=58(正常区) | KDJ金叉(K=60) | 量能健康(1.3xMA20)
300780,德恩精工,2026-04-13,8.0,深回调,23.31,22.47,22.08,21.4,23.72,69.0,70.3,0.354,67.4,59.2,83.8,1.37,15.3,3.6,1.39,3.7,上涨:近10日+15% | 回调至MA60(23.72) | MACD红柱(已启动) | KDJ金叉(K=67) | 量能健康(1.4xMA20) | 量开始放大
300826,测绘股份,2026-04-13,8.0,中回调,16.8,16.42,16.32,16.38,16.86,74.2,70.2,0.069,72.6,61.8,94.1,1.3,2.6,-0.7,0.46,2.3,小幅涨:近10日+3% | 回调至MA20(16.38):+2.6% | MACD红柱(已启动) | 乖离正常:BIAS20=2.6% | 量能健康(1.3xMA20) | 量开始放大
300854,中兰环保,2026-04-13,8.0,布林撑,28.8,30.66,29.66,27.4,23.92,50.2,63.5,0.2884,60.9,68.9,44.8,2.17,1.9,20.2,2.77,-6.1,强势:近20日+20% | 布林下轨(21.29)获撑 | MACD红柱(已启动) | RSI14=63(正常区) | 量开始放大
300931,通用电梯,2026-04-13,8.0,中回调,13.0,13.02,12.88,12.64,12.22,53.2,71.8,0.0559,65.1,71.6,52.0,1.21,2.8,1.3,0.54,-0.2,小幅涨:近10日+3% | 回调至MA20(12.64):+2.9% | MACD红柱(已启动) | 乖离正常:BIAS20=2.9% | 量能健康(1.2xMA20) | 量开始放大
600030,中信证券,2026-04-13,8.0,深回调,26.09,24.95,24.55,24.78,26.55,78.2,66.1,0.2669,63.6,46.2,98.4,1.59,7.5,1.3,0.64,4.6,上涨:近10日+8% | 回调至MA60(26.55) | MACD红柱(已启动) | KDJ金叉(K=64) | 量能健康(1.6xMA20) | 量开始放大
600099,林海股份,2026-04-13,8.0,深回调,11.48,11.27,11.2,10.97,11.03,57.4,72.8,0.0707,68.0,63.0,78.1,0.81,8.2,1.7,0.49,1.9,上涨:近10日+8% | 回调至MA60(11.03) | MACD红柱(已启动) | KDJ金叉(K=68) | 量能健康(0.8xMA20) | 量开始放大
600288,大恒科技,2026-04-13,8.0,中回调,14.89,14.7,14.43,14.47,15.25,85.2,68.0,0.1109,77.7,65.7,101.6,0.91,4.6,-1.2,0.36,1.3,小幅涨:近10日+5% | 回调至MA20(14.47):+2.9% | MACD红柱(已启动) | 乖离正常:BIAS20=2.9% | 量能健康(0.9xMA20) | 量开始放大
600382,广东明珠,2026-04-13,8.0,布林撑,9.34,9.09,8.88,8.55,8.7,90.3,82.4,0.1109,64.6,62.3,69.2,1.4,5.8,7.6,0.48,2.7,小幅涨:近10日+6% | 布林下轨(7.53)获撑 | MACD红柱(已启动) | KDJ金叉(K=65) | 量能健康(1.4xMA20) | 量开始放大
600444,国机通用,2026-04-13,8.0,中回调,17.85,17.73,17.41,17.44,18.52,67.1,68.4,0.1302,76.5,69.6,90.4,1.7,4.4,-5.4,0.6,0.7,小幅涨:近10日+4% | 回调至MA20(17.44):+2.3% | MACD红柱(已启动) | 乖离正常:BIAS20=2.3% | 量能健康(1.7xMA20) | 量开始放大
600487,亨通光电,2026-04-13,8.0,轻回调,53.49,57.25,55.62,50.4,41.78,50.4,71.0,0.1725,59.4,72.8,32.6,1.32,9.3,7.7,3.95,-6.6,上涨:近10日+9% | 回调至MA10下:-3.8% | MACD红柱(已启动) | 量能健康(1.3xMA20) | 量开始放大
600497,驰宏锌锗,2026-04-13,8.0,中回调,8.34,8.18,8.03,8.15,9.08,76.3,68.9,0.0757,79.9,68.4,103.0,0.79,4.9,-15.6,0.28,2.0,小幅涨:近10日+5% | 回调至MA20(8.15):+2.3% | MACD红柱(已启动) | 乖离正常:BIAS20=2.3% | 量能健康(0.8xMA20) | 量开始放大
600601,方正科技,2026-04-13,8.0,深回调,10.49,10.18,10.02,10.05,11.01,76.9,68.4,0.1045,69.9,60.5,88.5,1.82,6.1,-0.3,0.36,3.0,上涨:近10日+6% | 回调至MA60(11.01) | MACD红柱(已启动) | KDJ金叉(K=70) | 量能健康(1.8xMA20) | 量开始放大
600726,华电能源,2026-04-13,8.0,中回调,4.86,4.88,5.31,5.37,3.59,18.9,44.8,-0.2238,9.7,19.5,-10.1,0.68,-27.2,13.8,0.57,-0.4,强势:近20日+14% | 回调至MA20(5.37):-9.4% | RSI14=45(回升区) | KDJ超卖J=-10 | 超跌:BIAS20=-9.4% | 量能健康(0.7xMA20) | 量开始放大
600901,江苏金租,2026-04-13,8.0,中回调,6.75,6.73,6.7,6.61,6.41,56.7,67.6,0.0116,73.8,75.1,71.2,1.13,4.2,4.0,0.17,0.2,小幅涨:近10日+4% | 回调至MA20(6.61):+2.1% | MACD红柱(已启动) | 乖离正常:BIAS20=2.1% | 量能健康(1.1xMA20) | 量开始放大
600955,维远股份,2026-04-13,8.0,深回调,18.43,18.18,17.79,16.94,18.68,67.9,68.5,0.2711,64.2,63.2,66.0,1.27,8.1,-1.8,1.04,1.4,上涨:近10日+8% | 回调至MA60(18.68) | MACD红柱(已启动) | KDJ金叉(K=64) | 量能健康(1.3xMA20) | 量开始放大
601002,晋亿实业,2026-04-13,8.0,布林撑,5.89,5.76,5.67,5.51,5.49,66.9,66.3,0.0536,65.8,61.6,74.4,0.89,8.3,7.1,0.31,2.3,上涨:近10日+8% | 布林下轨(4.90)获撑 | MACD红柱(已启动) | KDJ金叉(K=66) | 量能健康(0.9xMA20)
600975,新五丰,2026-04-13,8.0,中回调,5.56,5.46,5.42,5.46,5.66,59.0,65.2,0.0216,77.6,66.6,99.8,1.46,3.2,-3.6,0.14,1.8,小幅涨:近10日+3% | 回调至MA20(5.46):+1.8% | MACD红柱(已启动) | 乖离正常:BIAS20=1.8% | 量能健康(1.5xMA20) | 量开始放大
601231,环旭电子,2026-04-13,8.0,深回调,37.38,35.53,34.62,34.89,35.86,71.7,66.1,0.3777,69.4,55.6,97.0,1.62,12.8,-7.2,2.08,5.2,上涨:近10日+13% | 回调至MA60(35.86) | MACD红柱(已启动) | KDJ金叉(K=69) | 量能健康(1.6xMA20) | 量开始放大
601598,中国外运,2026-04-13,8.0,中回调,6.17,6.25,6.22,6.02,5.94,41.3,70.1,0.0248,58.1,68.2,37.9,0.87,6.0,2.5,0.2,-1.3,上涨:近10日+6% | 回调至MA20(6.02):+2.6% | MACD红柱(已启动) | 乖离正常:BIAS20=2.6% | 量能健康(0.9xMA20)
601798,蓝科高新,2026-04-13,8.0,中回调,9.29,9.25,9.14,9.07,9.46,59.2,72.2,0.0593,82.8,77.9,92.6,0.75,2.2,-1.0,0.3,0.5,小幅涨:近10日+2% | 回调至MA20(9.07):+2.4% | MACD红柱(已启动) | 乖离正常:BIAS20=2.4% | 量能健康(0.8xMA20) | 量开始放大
601956,东贝集团,2026-04-13,8.0,中回调,6.73,6.6,6.55,6.55,7.03,64.5,72.3,0.0491,77.6,66.9,99.0,1.41,4.0,-3.2,0.17,1.9,小幅涨:近10日+4% | 回调至MA20(6.55):+2.8% | MACD红柱(已启动) | 乖离正常:BIAS20=2.8% | 量能健康(1.4xMA20) | 量开始放大
601996,丰林集团,2026-04-13,8.0,布林撑,2.61,2.51,2.5,2.46,2.44,59.0,66.4,0.0127,60.1,53.4,73.5,1.07,6.1,4.0,0.14,4.0,上涨:近10日+6% | 布林下轨(2.26)获撑 | MACD红柱(已启动) | KDJ金叉(K=60) | 量能健康(1.1xMA20)
603031,安孚科技,2026-04-13,8.0,深回调,51.28,50.8,49.2,49.1,52.41,78.0,69.2,0.5802,67.5,59.9,82.7,1.1,6.8,-5.9,2.31,1.0,上涨:近10日+7% | 回调至MA60(52.41) | MACD红柱(已启动) | KDJ金叉(K=68) | 量能健康(1.1xMA20) | 量开始放大
603058,永吉股份,2026-04-13,8.0,深回调,12.42,12.2,11.99,12.03,11.95,65.1,62.5,0.0555,66.0,56.4,85.2,1.01,4.5,-2.2,0.53,1.8,小幅涨:近10日+5% | 回调至MA60(11.95) | MACD红柱(已启动) | RSI14=63(正常区) | KDJ金叉(K=66) | 量能健康(1.0xMA20)
603089,正裕工业,2026-04-13,8.0,中回调,12.7,12.38,12.27,12.37,13.23,71.4,69.8,0.0893,79.5,65.6,107.3,1.09,3.0,-3.1,0.37,2.6,小幅涨:近10日+3% | 回调至MA20(12.37):+2.7% | MACD红柱(已启动) | 乖离正常:BIAS20=2.7% | 量能健康(1.1xMA20) | 量开始放大
603129,春风动力,2026-04-13,8.0,中回调,247.0,245.92,240.3,239.9,250.59,59.2,65.7,2.5049,78.2,71.4,91.9,0.66,9.0,-1.3,9.83,0.4,上涨:近10日+9% | 回调至MA20(239.90):+3.0% | MACD红柱(已启动) | 乖离正常:BIAS20=3.0% | 量能健康(0.7xMA20)
603177,德创环保,2026-04-13,8.0,深回调,12.1,11.19,11.17,11.32,11.77,64.5,63.2,0.0573,69.6,57.7,93.5,1.68,6.4,-1.2,0.57,8.2,"上涨:近10日+6% | 回调至MA60(11.77) | MACD红柱(已启动) | RSI14=63(正常区) | RSI6金叉RSI14 | KDJ金叉(K=70) | 量能健康(1.7xMA20) | 量开始放大 | 偏离MA5过大,追高风险 | 突破MA5较多,追涨风险"
603400,华之杰,2026-04-13,8.0,布林撑,69.7,68.87,67.8,67.49,63.98,65.6,68.0,0.124,69.7,61.3,86.5,0.88,5.2,3.5,2.46,1.2,小幅涨:近10日+5% | 布林下轨(63.60)获撑 | MACD红柱(已启动) | KDJ金叉(K=70) | 量能健康(0.9xMA20) | 量开始放大
603590,康辰药业,2026-04-13,8.0,深回调,39.3,37.79,37.89,37.09,40.16,53.5,72.8,0.3571,63.3,60.6,68.6,1.49,6.9,3.2,1.66,4.0,上涨:近10日+7% | 回调至MA60(40.16) | MACD红柱(已启动) | KDJ金叉(K=63) | 量能健康(1.5xMA20) | 量开始放大
603598,引力传媒,2026-04-13,8.0,深回调,21.08,20.63,20.09,19.87,23.86,72.4,69.0,0.3839,74.0,65.8,90.4,1.52,8.2,7.2,0.8,2.2,上涨:近10日+8% | 回调至MA60(23.86) | MACD红柱(已启动) | RSI6金叉RSI14 | 量能健康(1.5xMA20) | 量开始放大
603687,大胜达,2026-04-13,8.0,布林撑,16.99,17.13,16.41,14.87,12.26,56.7,59.2,0.1291,67.6,70.9,61.0,0.74,8.7,71.4,1.68,-0.8,强势:近20日+71% | 布林下轨(10.11)获撑 | MACD红柱(已启动) | RSI14=59(正常区) | 量能健康(0.7xMA20)
603708,家家悦,2026-04-13,8.0,中回调,11.27,11.48,11.41,11.21,12.21,31.2,71.4,0.0875,61.5,70.9,42.8,1.08,3.2,-2.3,0.31,-1.9,小幅涨:近10日+3% | 回调至MA20(11.21):+0.5% | MACD红柱(已启动) | 乖离正常:BIAS20=0.5% | 量能健康(1.1xMA20) | 量开始放大
603716,塞力医疗,2026-04-13,8.0,中回调,23.15,23.22,23.54,22.51,23.27,25.9,68.4,0.1079,45.5,56.5,23.6,0.54,11.9,-4.7,1.46,-0.3,上涨:近10日+12% | 回调至MA20(22.51):+2.8% | MACD红柱(已启动) | 乖离正常:BIAS20=2.8% | 量能健康(0.5xMA20)
603727,博迈科,2026-04-13,8.0,布林撑,20.42,20.3,20.28,19.6,17.88,39.9,54.0,-0.0589,54.8,58.9,46.5,0.69,-3.1,15.4,1.33,0.6,强势:近20日+15% | 布林下轨(16.96)获撑 | MACD绿柱(-0.0589) | RSI14=54(回升区) | 量能健康(0.7xMA20)
603776,永安行,2026-04-13,8.0,中回调,18.75,18.54,18.33,18.52,18.79,61.3,65.8,0.0591,70.0,58.6,92.9,1.18,4.8,-7.4,0.54,1.1,小幅涨:近10日+5% | 回调至MA20(18.52):+1.3% | MACD红柱(已启动) | 乖离正常:BIAS20=1.3% | 量能健康(1.2xMA20) | 量开始放大
603959,百利科技,2026-04-13,8.0,深回调,6.35,6.23,6.19,6.12,6.13,56.9,64.1,0.018,66.1,63.2,71.7,1.49,2.9,3.8,0.3,2.0,小幅涨:近10日+3% | 回调至MA60(6.13) | MACD红柱(已启动) | RSI14=64(正常区) | KDJ金叉(K=66) | 量能健康(1.5xMA20)
603997,继峰股份,2026-04-13,8.0,中回调,12.69,12.49,12.23,12.36,13.64,68.8,66.1,0.1436,76.7,65.2,99.7,0.88,6.3,-3.1,0.39,1.6,上涨:近10日+6% | 回调至MA20(12.36):+2.7% | MACD红柱(已启动) | 乖离正常:BIAS20=2.7% | 量能健康(0.9xMA20)
605089,味知香,2026-04-13,8.0,中回调,25.02,25.08,24.48,24.38,26.92,66.1,72.3,0.3195,81.6,78.5,87.6,2.26,8.1,-4.5,0.73,-0.2,上涨:近10日+8% | 回调至MA20(24.38):+2.6% | MACD红柱(已启动) | 乖离正常:BIAS20=2.6% | 量开始放大
605098,行动教育,2026-04-13,8.0,中回调,54.71,56.08,54.87,54.06,49.81,56.3,65.5,0.0623,74.2,77.6,67.3,1.44,5.0,-1.8,2.08,-2.4,小幅涨:近10日+5% | 回调至MA20(54.06):+1.2% | MACD红柱(已启动) | 乖离正常:BIAS20=1.2% | 量能健康(1.4xMA20) | 量开始放大
688029,南微医学,2026-04-13,8.0,中回调,75.21,76.53,75.07,73.43,78.42,50.0,65.6,0.841,73.2,79.1,61.5,1.66,3.6,1.6,2.72,-1.7,小幅涨:近10日+4% | 回调至MA20(73.43):+2.4% | MACD红柱(已启动) | 乖离正常:BIAS20=2.4% | 量能健康(1.7xMA20) | 量开始放大
688125,安达智能,2026-04-13,8.0,布林撑,260.33,252.49,237.02,237.0,211.26,80.1,66.4,2.5804,68.0,55.8,92.2,0.98,8.2,-3.8,19.23,3.1,上涨:近10日+8% | 布林下轨(197.52)获撑 | MACD红柱(已启动) | KDJ金叉(K=68) | 量能健康(1.0xMA20)
688178,万德斯,2026-04-13,8.0,布林撑,30.39,30.91,30.79,28.84,26.55,33.8,63.5,0.1386,50.0,57.4,35.3,1.1,4.8,15.4,2.17,-1.7,强势:近20日+15% | 布林下轨(24.05)获撑 | MACD红柱(已启动) | RSI14=63(正常区) | 量能健康(1.1xMA20)
688203,海正生材,2026-04-13,8.0,中回调,12.39,12.3,12.11,12.09,12.93,67.3,68.7,0.096,71.0,67.1,78.9,0.96,2.4,-4.8,0.48,0.7,小幅涨:近10日+2% | 回调至MA20(12.09):+2.5% | MACD红柱(已启动) | 乖离正常:BIAS20=2.5% | 量能健康(1.0xMA20) | 量开始放大
688230,芯导科技,2026-04-13,8.0,中回调,64.36,63.71,62.43,62.84,69.48,88.4,67.6,0.6619,75.7,65.3,96.6,1.08,3.0,-5.9,2.17,1.0,小幅涨:近10日+3% | 回调至MA20(62.84):+2.4% | MACD红柱(已启动) | 乖离正常:BIAS20=2.4% | 量能健康(1.1xMA20) | 量开始放大
688257,新锐股份,2026-04-13,8.0,布林撑,73.38,71.97,70.36,68.75,61.1,95.9,67.8,0.114,70.4,61.6,87.9,0.6,12.2,-3.4,4.93,2.0,上涨:近10日+12% | 布林下轨(60.39)获撑 | MACD红柱(已启动) | RSI6金叉RSI14 | 量能健康(0.6xMA20)
688226,威腾电气,2026-04-13,8.0,布林撑,51.68,50.69,47.65,45.84,42.8,71.2,63.7,0.6117,73.8,68.4,84.7,1.57,10.6,17.5,3.96,1.9,强势:近20日+18% | 布林下轨(38.59)获撑 | MACD红柱(已启动) | RSI14=64(正常区) | 量能健康(1.6xMA20)
688322,奥比中光,2026-04-13,8.0,深回调,82.41,79.05,77.57,76.97,87.06,73.8,65.8,1.193,73.6,64.5,91.6,1.66,8.9,2.1,3.5,4.3,上涨:近10日+9% | 回调至MA60(87.06) | MACD红柱(已启动) | RSI6金叉RSI14 | 量能健康(1.7xMA20) | 量开始放大
688345,博力威,2026-04-13,8.0,布林撑,53.25,51.24,45.73,44.25,39.08,82.6,58.6,0.9715,77.3,65.8,100.2,1.36,21.3,28.6,4.29,3.9,强势:近20日+29% | 布林下轨(34.61)获撑 | MACD红柱(已启动) | RSI14=59(正常区) | 量能健康(1.4xMA20)
688351,微电生理,2026-04-13,8.0,中回调,23.32,24.06,23.63,22.67,23.67,27.4,68.0,0.2302,70.5,75.3,61.0,1.17,10.1,-0.3,0.99,-3.1,上涨:近10日+10% | 回调至MA20(22.67):+2.9% | MACD红柱(已启动) | 乖离正常:BIAS20=2.9% | 量能健康(1.2xMA20)
688419,耐科装备,2026-04-13,8.0,布林撑,48.4,48.79,45.42,44.71,44.37,81.5,70.2,0.7637,68.7,64.4,77.3,1.14,13.6,2.8,2.82,-0.8,上涨:近10日+14% | 布林下轨(38.30)获撑 | MACD红柱(已启动) | KDJ金叉(K=69) | 量能健康(1.1xMA20)
688629,华丰科技,2026-04-13,8.0,布林撑,124.53,124.05,116.55,112.15,107.97,89.6,64.5,1.8431,82.6,77.0,93.8,0.79,14.2,16.9,7.17,0.4,强势:近20日+17% | 布林下轨(96.37)获撑 | MACD红柱(已启动) | RSI14=64(正常区) | 量能健康(0.8xMA20)
688655,迅捷兴,2026-04-13,8.0,布林撑,28.49,27.42,25.59,26.01,23.06,80.5,58.6,0.1825,71.4,53.1,108.1,1.23,11.9,6.1,1.87,3.9,上涨:近10日+12% | 布林下轨(22.46)获撑 | MACD红柱(已启动) | RSI14=59(正常区) | 量能健康(1.2xMA20) | 量开始放大
000153,丰原药业,2026-04-13,7.5,中回调,6.56,6.68,6.66,6.51,6.57,40.7,67.0,0.0202,50.6,65.5,20.9,1.0,2.0,-1.6,0.23,-1.9,小幅涨:近10日+2% | 回调至MA20(6.51):+0.8% | MACD红柱(已启动) | 乖离正常:BIAS20=0.8% | 量能健康(1.0xMA20)
000301,东方盛虹,2026-04-13,7.5,中回调,11.16,11.37,11.14,10.98,11.85,54.1,65.8,0.109,72.8,74.8,68.7,0.86,3.7,-3.5,0.41,-1.8,小幅涨:近10日+4% | 回调至MA20(10.98):+1.6% | MACD红柱(已启动) | 乖离正常:BIAS20=1.6% | 量能健康(0.9xMA20)
000409,云鼎科技,2026-04-13,7.5,中回调,10.66,10.53,10.39,10.4,11.29,72.2,70.3,0.0946,79.6,69.5,99.7,0.67,4.5,-2.4,0.28,1.2,小幅涨:近10日+5% | 回调至MA20(10.40):+2.5% | MACD红柱(已启动) | 乖离正常:BIAS20=2.5% | 量能健康(0.7xMA20)
000420,吉林化纤,2026-04-13,7.5,布林撑,5.06,4.93,4.81,4.82,4.7,70.2,68.3,0.0291,70.7,63.5,85.1,0.61,4.8,5.0,0.24,2.7,小幅涨:近10日+5% | 布林下轨(4.31)获撑 | MACD红柱(已启动) | RSI6金叉RSI14 | 量能健康(0.6xMA20)
000419,通程控股,2026-04-13,7.5,深回调,6.15,5.93,5.89,5.9,6.27,62.7,70.2,0.0414,67.7,57.0,89.0,1.68,5.9,-1.1,0.2,3.7,小幅涨:近10日+6% | 回调至MA60(6.27) | MACD红柱(已启动) | KDJ金叉(K=68) | 量能健康(1.7xMA20) | 量开始放大
000519,中兵红箭,2026-04-13,7.5,深回调,17.64,17.09,16.99,17.06,18.55,72.3,70.2,0.1265,68.1,54.8,94.6,0.94,2.3,-3.5,0.55,3.2,小幅涨:近10日+2% | 回调至MA60(18.55) | MACD红柱(已启动) | KDJ金叉(K=68) | 量能健康(0.9xMA20) | 量开始放大
000592,平潭发展,2026-04-13,7.5,深回调,11.69,11.88,12.01,11.29,11.51,33.7,58.2,0.0529,50.3,63.5,23.9,1.3,10.7,6.0,0.84,-1.6,上涨:近10日+11% | 回调至MA60(11.51) | MACD红柱(已启动) | RSI14=58(正常区) | 量能健康(1.3xMA20) | 量开始放大
000603,盛达资源,2026-04-13,7.5,深回调,40.84,40.71,39.84,39.6,45.63,70.3,72.8,0.5416,66.6,64.7,70.3,0.6,6.1,-7.8,1.81,0.3,上涨:近10日+6% | 回调至MA60(45.63) | MACD红柱(已启动) | KDJ金叉(K=67) | 量能健康(0.6xMA20)
000650,仁和药业,2026-04-13,7.5,中回调,5.84,5.87,5.84,5.76,5.92,39.1,80.5,0.0247,67.2,74.1,53.3,0.73,2.5,-1.4,0.12,-0.4,小幅涨:近10日+2% | 回调至MA20(5.76):+1.4% | MACD红柱(已启动) | 乖离正常:BIAS20=1.4% | 量能健康(0.7xMA20)
000703,恒逸石化,2026-04-13,7.5,布林撑,15.29,15.16,13.86,12.84,12.31,83.9,79.3,0.3694,84.6,84.8,84.0,1.69,23.0,19.5,0.84,0.9,强势:近20日+19% | 布林下轨(9.77)获撑 | MACD红柱(已启动) | 量能健康(1.7xMA20) | 量开始放大
000798,中水渔业,2026-04-13,7.5,中回调,10.4,10.31,10.24,10.26,11.01,55.1,68.4,0.0701,81.4,71.6,101.1,0.48,2.8,-3.1,0.29,0.9,小幅涨:近10日+3% | 回调至MA20(10.26):+1.3% | MACD红柱(已启动) | 乖离正常:BIAS20=1.3% | 量能健康(0.5xMA20)
000957,中通客车,2026-04-13,7.5,深回调,11.88,11.41,11.31,11.19,11.46,74.2,77.3,0.0829,50.8,44.5,63.5,2.55,6.8,6.0,0.41,4.1,上涨:近10日+7% | 回调至MA60(11.46) | MACD红柱(已启动) | KDJ金叉(K=51) | 量开始放大
000973,佛塑科技,2026-04-13,7.5,布林撑,19.36,18.09,18.08,17.42,14.72,77.9,67.7,-0.0335,58.9,51.3,74.2,0.86,-1.2,13.1,1.19,7.0,"强势:近20日+13% | 布林下轨(14.91)获撑 | MACD绿柱(-0.0335) | RSI6金叉RSI14 | KDJ金叉(K=59) | 量能健康(0.9xMA20) | 偏离MA5过大,追高风险"
001230,劲旅环境,2026-04-13,7.5,中回调,24.83,25.21,25.22,24.41,24.79,38.9,71.2,0.1056,52.7,66.7,24.6,0.64,5.4,-0.1,0.92,-1.5,小幅涨:近10日+5% | 回调至MA20(24.41):+1.7% | MACD红柱(已启动) | 乖离正常:BIAS20=1.7% | 量能健康(0.6xMA20)
001296,长江材料,2026-04-13,7.5,中回调,24.91,24.64,24.4,24.52,26.87,64.9,67.5,0.1962,80.7,68.7,104.6,0.8,2.4,-3.6,0.64,1.1,小幅涨:近10日+2% | 回调至MA20(24.52):+1.6% | MACD红柱(已启动) | 乖离正常:BIAS20=1.6% | 量能健康(0.8xMA20)
001308,康冠科技,2026-04-13,7.5,中回调,20.25,20.29,20.12,20.0,20.98,53.5,70.7,0.1248,73.1,70.8,77.6,0.66,3.4,-2.2,0.49,-0.2,小幅涨:近10日+3% | 回调至MA20(20.00):+1.2% | MACD红柱(已启动) | 乖离正常:BIAS20=1.2% | 量能健康(0.7xMA20)
001359,平安电工,2026-04-13,7.5,深回调,77.0,74.85,73.41,72.5,75.04,92.6,71.9,0.7408,79.3,70.3,97.5,2.04,9.8,3.4,2.93,2.9,上涨:近10日+10% | 回调至MA60(75.04) | MACD红柱(已启动) | RSI6金叉RSI14 | 量开始放大
001378,德冠新材,2026-04-13,7.5,中回调,23.9,23.69,23.42,23.8,24.59,61.8,67.7,0.0846,80.6,66.8,108.4,0.47,2.9,-9.4,0.64,0.9,小幅涨:近10日+3% | 回调至MA20(23.80):+0.4% | MACD红柱(已启动) | 乖离正常:BIAS20=0.4% | 量能健康(0.5xMA20)
002032,苏 泊 尔,2026-04-13,7.5,中回调,45.38,45.63,45.18,44.68,44.38,59.1,74.0,0.1327,69.1,73.8,59.7,0.89,3.4,0.7,0.84,-0.5,小幅涨:近10日+3% | 回调至MA20(44.68):+1.6% | MACD红柱(已启动) | 乖离正常:BIAS20=1.6% | 量能健康(0.9xMA20)
002051,中工国际,2026-04-13,7.5,布林撑,9.84,10.82,10.03,9.32,8.96,49.1,63.8,0.1704,59.2,71.2,35.2,1.82,13.9,7.0,0.75,-9.0,上涨:近10日+14% | 布林下轨(7.29)获撑 | MACD红柱(已启动) | RSI14=64(正常区) | 量能健康(1.8xMA20)
002072,凯瑞德,2026-04-13,7.5,中回调,7.52,7.61,7.51,7.39,7.5,42.9,65.3,0.0369,55.8,58.8,49.7,0.62,4.6,1.5,0.37,-1.1,小幅涨:近10日+5% | 回调至MA20(7.39):+1.7% | MACD红柱(已启动) | 乖离正常:BIAS20=1.7% | 量能健康(0.6xMA20)
002131,利欧股份,2026-04-13,7.5,深回调,8.05,7.84,7.71,7.66,8.33,73.4,66.3,0.0826,74.6,61.1,101.6,1.17,4.0,4.1,0.37,2.6,小幅涨:近10日+4% | 回调至MA60(8.33) | MACD红柱(已启动) | RSI6金叉RSI14 | 量能健康(1.2xMA20) | 量开始放大
002164,宁波东力,2026-04-13,7.5,深回调,13.04,12.8,12.4,12.3,13.35,77.5,74.2,0.1938,68.8,64.3,77.7,1.47,8.6,2.2,0.48,1.9,上涨:近10日+9% | 回调至MA60(13.35) | MACD红柱(已启动) | KDJ金叉(K=69) | 量能健康(1.5xMA20)
002192,融捷股份,2026-04-13,7.5,布林撑,78.32,73.5,74.0,67.05,59.52,87.1,75.1,0.4412,49.9,49.6,50.5,1.47,0.4,37.2,5.76,6.6,"强势:近20日+37% | 布林下轨(47.90)获撑 | MACD红柱(已启动) | KDJ金叉(K=50) | 量能健康(1.5xMA20) | 量开始放大 | 偏离MA5过大,追高风险"
002206,海 利 得,2026-04-13,7.5,中回调,6.3,6.3,6.2,6.25,6.75,64.1,66.9,0.0462,73.7,66.7,87.8,0.74,3.8,-8.4,0.2,0.1,小幅涨:近10日+4% | 回调至MA20(6.25):+0.8% | MACD红柱(已启动) | 乖离正常:BIAS20=0.8% | 量能健康(0.7xMA20)
002204,大连重工,2026-04-13,7.5,中回调,6.74,6.78,6.71,6.68,7.18,61.5,68.7,0.0442,60.9,62.3,58.1,0.69,2.3,-7.3,0.19,-0.6,小幅涨:近10日+2% | 回调至MA20(6.68):+0.8% | MACD红柱(已启动) | 乖离正常:BIAS20=0.8% | 量能健康(0.7xMA20)
002216,三全食品,2026-04-13,7.5,中回调,12.71,12.79,12.76,12.38,12.1,36.7,79.7,0.0278,63.1,73.6,42.1,0.54,2.6,4.4,0.34,-0.7,小幅涨:近10日+3% | 回调至MA20(12.38):+2.6% | MACD红柱(已启动) | 乖离正常:BIAS20=2.6% | 量能健康(0.5xMA20)
002225,濮耐股份,2026-04-13,7.5,中回调,5.52,5.44,5.35,5.37,6.05,56.6,69.3,0.0637,71.6,61.3,92.1,0.68,5.1,-6.9,0.21,1.5,小幅涨:近10日+5% | 回调至MA20(5.37):+2.8% | MACD红柱(已启动) | 乖离正常:BIAS20=2.8% | 量能健康(0.7xMA20)
002286,保龄宝,2026-04-13,7.5,中回调,10.09,10.0,9.86,9.89,10.11,71.1,72.4,0.0518,71.5,65.8,82.8,0.63,2.1,-0.6,0.32,0.9,小幅涨:近10日+2% | 回调至MA20(9.89):+2.0% | MACD红柱(已启动) | 乖离正常:BIAS20=2.0% | 量能健康(0.6xMA20)
002351,漫步者,2026-04-13,7.5,中回调,11.46,11.35,11.27,11.19,11.94,73.1,75.9,0.0919,83.6,76.7,97.3,0.68,5.9,-1.9,0.25,1.0,小幅涨:近10日+6% | 回调至MA20(11.19):+2.4% | MACD红柱(已启动) | 乖离正常:BIAS20=2.4% | 量能健康(0.7xMA20)
002361,神剑股份,2026-04-13,7.5,布林撑,16.7,16.33,16.32,14.14,13.69,43.0,77.3,0.281,64.6,69.4,54.9,1.54,22.4,32.0,1.36,2.3,强势:近20日+32% | 布林下轨(9.39)获撑 | MACD红柱(已启动) | 量能健康(1.5xMA20) | 量开始放大
002376,新北洋,2026-04-13,7.5,中回调,7.11,7.05,6.97,7.06,7.59,67.8,67.4,0.0483,74.7,61.5,101.1,0.68,2.9,-5.8,0.19,0.9,小幅涨:近10日+3% | 回调至MA20(7.06):+0.7% | MACD红柱(已启动) | 乖离正常:BIAS20=0.7% | 量能健康(0.7xMA20)
002397,梦洁股份,2026-04-13,7.5,深回调,4.15,3.92,3.87,3.89,4.2,67.9,70.1,0.0397,63.2,53.9,81.9,2.31,6.4,1.0,0.17,5.9,上涨:近10日+6% | 回调至MA60(4.20) | MACD红柱(已启动) | KDJ金叉(K=63) | 量开始放大
002406,远东传动,2026-04-13,7.5,中回调,7.37,7.29,7.24,7.28,7.87,66.2,66.7,0.0493,75.6,64.9,96.8,0.72,4.4,-5.4,0.18,1.2,小幅涨:近10日+4% | 回调至MA20(7.28):+1.2% | MACD红柱(已启动) | 乖离正常:BIAS20=1.2% | 量能健康(0.7xMA20)
002432,九安医疗,2026-04-13,7.5,布林撑,85.93,87.43,82.94,72.13,53.94,62.9,77.9,1.2651,80.2,85.5,69.6,0.94,25.2,55.4,6.15,-1.7,强势:近20日+55% | 布林下轨(47.75)获撑 | MACD红柱(已启动) | 量能健康(0.9xMA20) | 量开始放大
002454,松芝股份,2026-04-13,7.5,布林撑,10.24,9.89,9.46,8.89,9.09,84.0,88.7,0.2053,86.0,83.0,92.1,1.65,22.5,15.1,0.45,3.6,强势:近20日+15% | 布林下轨(7.41)获撑 | MACD红柱(已启动) | 量能健康(1.6xMA20) | 量开始放大
002461,珠江啤酒,2026-04-13,7.5,中回调,9.86,9.87,9.64,9.61,9.56,85.1,75.6,0.0498,69.0,69.1,69.0,0.83,2.6,0.6,0.28,-0.1,小幅涨:近10日+3% | 回调至MA20(9.61):+2.6% | MACD红柱(已启动) | 乖离正常:BIAS20=2.6% | 量能健康(0.8xMA20)
002463,沪电股份,2026-04-13,7.5,布林撑,88.67,84.67,81.04,82.31,76.44,100.0,63.7,0.714,75.0,56.7,111.6,0.86,10.0,9.2,3.98,4.7,上涨:近10日+10% | 布林下轨(73.31)获撑 | MACD红柱(已启动) | RSI14=64(正常区) | 量能健康(0.9xMA20)
002491,通鼎互联,2026-04-13,7.5,布林撑,14.82,14.91,13.49,12.0,9.88,73.8,76.8,0.3381,78.2,82.1,70.4,1.47,32.1,31.7,1.33,-0.6,强势:近20日+32% | 布林下轨(8.12)获撑 | MACD红柱(已启动) | 量能健康(1.5xMA20) | 量开始放大
002460,赣锋锂业,2026-04-13,7.5,布林撑,84.38,82.07,80.59,75.1,71.02,76.5,81.8,0.8697,78.0,80.4,73.3,1.38,5.9,20.5,4.2,2.8,强势:近20日+20% | 布林下轨(61.98)获撑 | MACD红柱(已启动) | 量能健康(1.4xMA20) | 量开始放大
002550,千红制药,2026-04-13,7.5,中回调,7.74,7.77,7.8,7.56,7.78,33.7,69.8,0.0427,52.7,62.3,33.5,1.0,3.1,3.1,0.31,-0.3,小幅涨:近10日+3% | 回调至MA20(7.56):+2.4% | MACD红柱(已启动) | 乖离正常:BIAS20=2.4% | 量能健康(1.0xMA20)
002571,德力股份,2026-04-13,7.5,中回调,11.84,11.93,11.72,11.68,12.17,59.4,66.9,0.0698,70.5,67.8,75.8,0.66,3.7,-4.1,0.47,-0.8,小幅涨:近10日+4% | 回调至MA20(11.68):+1.4% | MACD红柱(已启动) | 乖离正常:BIAS20=1.4% | 量能健康(0.7xMA20)
002597,金禾实业,2026-04-13,7.5,中回调,23.73,23.68,23.5,23.15,23.91,37.5,70.0,0.1353,58.4,59.3,56.7,0.85,3.2,-7.0,0.96,0.2,小幅涨:近10日+3% | 回调至MA20(23.15):+2.5% | MACD红柱(已启动) | 乖离正常:BIAS20=2.5% | 量能健康(0.8xMA20)
002615,哈尔斯,2026-04-13,7.5,中回调,8.13,8.19,8.04,7.98,8.43,50.8,67.2,0.0687,75.3,72.6,80.6,0.84,5.3,-7.0,0.32,-0.8,小幅涨:近10日+5% | 回调至MA20(7.98):+1.8% | MACD红柱(已启动) | 乖离正常:BIAS20=1.8% | 量能健康(0.8xMA20)
002669,康达新材,2026-04-13,7.5,中回调,13.21,12.99,12.74,12.87,14.09,80.0,73.6,0.1352,84.4,73.0,107.3,0.46,5.0,-13.9,0.37,1.7,小幅涨:近10日+5% | 回调至MA20(12.87):+2.7% | MACD红柱(已启动) | 乖离正常:BIAS20=2.7% | 量能健康(0.5xMA20)
002722,物产金轮,2026-04-13,7.5,中回调,14.67,14.59,14.43,14.46,15.42,66.9,69.7,0.0957,79.1,71.0,95.2,0.66,3.0,-5.4,0.38,0.6,小幅涨:近10日+3% | 回调至MA20(14.46):+1.4% | MACD红柱(已启动) | 乖离正常:BIAS20=1.4% | 量能健康(0.7xMA20)
002752,昇兴股份,2026-04-13,7.5,中回调,6.4,6.65,6.44,6.29,6.51,59.3,65.9,0.0591,60.9,71.4,39.8,1.28,3.7,2.2,0.24,-3.7,小幅涨:近10日+4% | 回调至MA20(6.29):+1.8% | MACD红柱(已启动) | 乖离正常:BIAS20=1.8% | 量能健康(1.3xMA20)
002767,先锋电子,2026-04-13,7.5,中回调,21.45,21.24,20.89,21.07,22.66,75.6,66.7,0.1708,76.4,66.0,97.3,0.64,3.2,-9.3,0.67,1.0,小幅涨:近10日+3% | 回调至MA20(21.07):+1.8% | MACD红柱(已启动) | 乖离正常:BIAS20=1.8% | 量能健康(0.6xMA20)
002795,永和智控,2026-04-13,7.5,布林撑,8.12,7.96,7.95,7.75,7.48,54.5,81.9,0.0209,64.7,62.4,69.4,0.69,4.0,6.0,0.35,2.0,小幅涨:近10日+4% | 布林下轨(7.06)获撑 | MACD红柱(已启动) | KDJ金叉(K=65) | 量能健康(0.7xMA20)
002793,罗欣药业,2026-04-13,7.5,中回调,4.97,5.05,5.03,4.85,4.88,24.1,76.1,0.0264,53.7,68.7,23.7,0.79,4.0,3.3,0.23,-1.5,小幅涨:近10日+4% | 回调至MA20(4.85):+2.5% | MACD红柱(已启动) | 乖离正常:BIAS20=2.5% | 量能健康(0.8xMA20)
002810,山东赫达,2026-04-13,7.5,布林撑,24.63,23.55,23.35,21.65,19.21,71.7,75.8,0.161,74.0,69.3,83.4,1.22,18.3,28.4,1.23,4.6,强势:近20日+28% | 布林下轨(17.80)获撑 | MACD红柱(已启动) | 量能健康(1.2xMA20) | 量开始放大
002853,皮阿诺,2026-04-13,7.5,中回调,25.15,24.76,24.55,24.87,26.71,60.7,65.7,0.1705,73.0,59.0,101.2,0.9,3.6,-7.4,1.02,1.6,小幅涨:近10日+4% | 回调至MA20(24.87):+1.1% | MACD红柱(已启动) | 乖离正常:BIAS20=1.1% | 量能健康(0.9xMA20)
002878,元隆雅图,2026-04-13,7.5,中回调,17.33,17.58,17.34,17.08,18.49,53.8,65.6,0.1331,60.1,66.4,47.3,0.7,2.0,4.4,0.63,-1.4,小幅涨:近10日+2% | 回调至MA20(17.08):+1.5% | MACD红柱(已启动) | 乖离正常:BIAS20=1.5% | 量能健康(0.7xMA20)
002850,科达利,2026-04-13,7.5,布林撑,184.9,181.41,180.68,167.9,165.83,52.7,80.0,2.0267,75.1,76.7,71.9,0.83,14.7,13.1,8.25,1.9,强势:近20日+13% | 布林下轨(140.70)获撑 | MACD红柱(已启动) | 量能健康(0.8xMA20) | 量开始放大
002890,弘宇股份,2026-04-13,7.5,中回调,16.1,16.33,16.07,15.72,16.07,39.1,71.1,0.1212,54.5,59.6,44.4,0.92,4.7,-0.8,0.7,-1.4,小幅涨:近10日+5% | 回调至MA20(15.72):+2.4% | MACD红柱(已启动) | 乖离正常:BIAS20=2.4% | 量能健康(0.9xMA20)
002902,铭普光磁,2026-04-13,7.5,布林撑,30.88,28.77,28.22,26.24,22.93,71.0,69.0,0.2372,71.4,65.8,82.6,1.29,10.5,39.9,2.4,7.3,"强势:近20日+40% | 布林下轨(20.53)获撑 | MACD红柱(已启动) | RSI6金叉RSI14 | 量能健康(1.3xMA20) | 量开始放大 | 偏离MA5过大,追高风险"
002897,意华股份,2026-04-13,7.5,布林撑,64.92,64.77,62.46,62.57,60.08,78.7,56.7,0.355,75.7,66.6,93.8,0.86,6.8,0.1,3.18,0.2,上涨:近10日+7% | 布林下轨(57.42)获撑 | MACD红柱(已启动) | RSI14=57(正常区) | 量能健康(0.9xMA20)
002952,亚世光电,2026-04-13,7.5,布林撑,26.13,26.31,25.04,25.07,23.89,80.3,56.7,0.1802,77.5,68.0,96.4,0.63,8.3,-3.8,1.39,-0.7,上涨:近10日+8% | 布林下轨(22.63)获撑 | MACD红柱(已启动) | RSI14=57(正常区) | 量能健康(0.6xMA20)
002971,和远气体,2026-04-13,7.5,中回调,30.25,30.55,29.69,29.45,31.06,77.1,66.5,0.2919,71.0,70.0,73.1,0.94,2.3,-3.9,1.18,-1.0,小幅涨:近10日+2% | 回调至MA20(29.45):+2.7% | MACD红柱(已启动) | 乖离正常:BIAS20=2.7% | 量能健康(0.9xMA20)
002996,顺博合金,2026-04-13,7.5,中回调,7.37,7.27,7.21,7.21,7.81,67.1,70.5,0.0572,71.6,61.6,91.6,0.59,3.2,-8.0,0.23,1.3,小幅涨:近10日+3% | 回调至MA20(7.21):+2.3% | MACD红柱(已启动) | 乖离正常:BIAS20=2.3% | 量能健康(0.6xMA20)
003036,泰坦股份,2026-04-13,7.5,布林撑,27.75,25.35,25.71,23.46,19.33,75.6,72.9,0.096,53.5,50.4,59.7,2.31,12.6,50.8,1.99,9.5,"强势:近20日+51% | 布林下轨(17.44)获撑 | MACD红柱(已启动) | RSI6金叉RSI14 | KDJ金叉(K=53) | 量开始放大 | 偏离MA5过大,追高风险 | 突破MA5较多,追涨风险"
300009,安科生物,2026-04-13,7.5,中回调,9.77,9.84,9.75,9.49,9.86,35.8,77.6,0.0744,71.3,76.4,61.2,0.7,5.6,2.1,0.27,-0.7,小幅涨:近10日+6% | 回调至MA20(9.49):+3.0% | MACD红柱(已启动) | 乖离正常:BIAS20=3.0% | 量能健康(0.7xMA20)
300031,宝通科技,2026-04-13,7.5,中回调,21.06,20.96,20.69,20.55,22.23,67.8,72.8,0.1884,75.9,73.0,81.7,0.76,4.2,-3.1,0.51,0.5,小幅涨:近10日+4% | 回调至MA20(20.55):+2.5% | MACD红柱(已启动) | 乖离正常:BIAS20=2.5% | 量能健康(0.8xMA20)
300041,回天新材,2026-04-13,7.5,中回调,10.86,10.81,10.66,10.71,11.79,63.6,68.1,0.0931,81.1,73.8,95.5,0.65,3.4,-10.4,0.29,0.5,小幅涨:近10日+3% | 回调至MA20(10.71):+1.4% | MACD红柱(已启动) | 乖离正常:BIAS20=1.4% | 量能健康(0.6xMA20)
300034,钢研高纳,2026-04-13,7.5,深回调,19.05,18.36,18.13,18.44,20.59,72.7,66.7,0.1729,65.4,50.7,95.0,1.75,5.3,-5.8,0.62,3.8,小幅涨:近10日+5% | 回调至MA60(20.59) | MACD红柱(已启动) | KDJ金叉(K=65) | 量能健康(1.8xMA20) | 量开始放大
300077,国民技术,2026-04-13,7.5,深回调,22.72,21.41,20.62,21.22,21.9,77.8,61.0,0.2359,61.8,44.8,95.7,1.78,9.2,-2.2,1.51,6.1,"上涨:近10日+9% | 回调至MA60(21.90) | MACD红柱(已启动) | RSI14=61(正常区) | KDJ金叉(K=62) | 量能健康(1.8xMA20) | 量开始放大 | 偏离MA5过大,追高风险"
300210,森远股份,2026-04-13,7.5,深回调,9.03,9.17,8.88,8.75,9.52,70.2,65.0,0.1149,60.3,57.5,66.0,0.83,6.1,0.4,0.39,-1.5,上涨:近10日+6% | 回调至MA60(9.52) | MACD红柱(已启动) | KDJ金叉(K=60) | 量能健康(0.8xMA20)
300233,金城医药,2026-04-13,7.5,深回调,15.38,15.12,14.76,14.57,15.05,65.6,69.1,0.1657,60.9,59.3,64.1,1.36,8.3,1.1,0.61,1.7,上涨:近10日+8% | 回调至MA60(15.05) | MACD红柱(已启动) | KDJ金叉(K=61) | 量能健康(1.4xMA20)
300243,瑞丰高材,2026-04-13,7.5,布林撑,14.6,13.99,13.5,13.98,12.47,80.6,59.7,0.0066,75.7,56.4,114.3,0.83,6.0,-3.9,0.78,4.4,小幅涨:近10日+6% | 布林下轨(11.82)获撑 | MACD红柱(已启动) | RSI14=60(正常区) | 量能健康(0.8xMA20) | 量开始放大
300303,聚飞光电,2026-04-13,7.5,布林撑,9.78,9.8,9.35,9.33,8.54,76.3,64.4,0.0475,75.0,64.5,95.9,0.91,8.4,-6.0,0.46,-0.2,上涨:近10日+8% | 布林下轨(8.42)获撑 | MACD红柱(已启动) | RSI14=64(正常区) | 量能健康(0.9xMA20)
300331,苏大维格,2026-04-13,7.5,中回调,43.57,43.92,43.21,42.51,45.05,63.2,69.3,0.3292,65.6,68.4,60.1,0.98,2.7,0.2,2.14,-0.8,小幅涨:近10日+3% | 回调至MA20(42.51):+2.5% | MACD红柱(已启动) | 乖离正常:BIAS20=2.5% | 量能健康(1.0xMA20)
300404,博济医药,2026-04-13,7.5,中回调,10.1,10.2,10.14,9.9,10.38,39.2,70.6,0.0645,55.6,62.5,41.7,0.73,4.2,-0.4,0.36,-0.9,小幅涨:近10日+4% | 回调至MA20(9.90):+2.0% | MACD红柱(已启动) | 乖离正常:BIAS20=2.0% | 量能健康(0.7xMA20)
300428,立中集团,2026-04-13,7.5,中回调,21.32,21.09,20.81,21.0,23.04,73.4,67.3,0.1782,74.9,66.0,92.7,0.61,3.4,-11.8,0.57,1.1,小幅涨:近10日+3% | 回调至MA20(21.00):+1.5% | MACD红柱(已启动) | 乖离正常:BIAS20=1.5% | 量能健康(0.6xMA20)
300447,全信股份,2026-04-13,7.5,深回调,19.38,19.37,19.03,18.71,20.04,73.8,72.4,0.1861,68.9,67.6,71.5,0.7,8.0,-2.9,0.79,0.1,上涨:近10日+8% | 回调至MA60(20.04) | MACD红柱(已启动) | KDJ金叉(K=69) | 量能健康(0.7xMA20)
300497,富祥药业,2026-04-13,7.5,布林撑,18.98,18.66,18.62,17.45,16.48,56.7,71.2,0.0636,45.8,48.0,41.3,1.02,-0.6,21.6,1.34,1.7,强势:近20日+22% | 布林下轨(14.08)获撑 | MACD红柱(已启动) | 量能健康(1.0xMA20) | 量开始放大
300501,海顺新材,2026-04-13,7.5,布林撑,19.06,18.37,17.98,17.25,16.29,77.3,77.6,0.1189,73.1,65.4,88.6,1.12,6.9,17.3,1.01,3.8,强势:近20日+17% | 布林下轨(15.27)获撑 | MACD红柱(已启动) | 量能健康(1.1xMA20) | 量开始放大
300565,科信技术,2026-04-13,7.5,布林撑,14.95,15.0,14.62,14.15,13.48,54.7,61.1,0.0886,67.7,68.7,65.7,0.76,9.0,9.6,0.79,-0.4,上涨:近10日+9% | 布林下轨(12.81)获撑 | MACD红柱(已启动) | RSI14=61(正常区) | 量能健康(0.8xMA20)
300585,奥联电子,2026-04-13,7.5,深回调,17.03,16.09,16.09,15.77,16.86,69.0,71.8,0.187,69.7,63.7,81.8,2.5,12.2,3.6,0.75,5.8,上涨:近10日+12% | 回调至MA60(16.86) | MACD红柱(已启动) | KDJ金叉(K=70) | 量开始放大
300590,移为通信,2026-04-13,7.5,中回调,11.7,11.61,11.47,11.45,12.26,71.7,73.1,0.0935,74.4,69.3,84.6,0.66,4.2,-2.1,0.34,0.8,小幅涨:近10日+4% | 回调至MA20(11.45):+2.2% | MACD红柱(已启动) | 乖离正常:BIAS20=2.2% | 量能健康(0.7xMA20)
300586,美联新材,2026-04-13,7.5,深回调,9.88,9.55,9.36,9.41,10.2,83.8,72.0,0.0961,68.0,61.0,82.0,1.98,5.9,-2.1,0.4,3.4,小幅涨:近10日+6% | 回调至MA60(10.20) | MACD红柱(已启动) | KDJ金叉(K=68) | 量能健康(2.0xMA20) | 量开始放大
300637,扬帆新材,2026-04-13,7.5,中回调,11.65,11.55,11.34,11.32,12.31,79.6,73.0,0.1157,83.1,75.4,98.4,0.75,4.4,-4.8,0.37,0.8,小幅涨:近10日+4% | 回调至MA20(11.32):+2.9% | MACD红柱(已启动) | 乖离正常:BIAS20=2.9% | 量能健康(0.7xMA20)
300636,同和药业,2026-04-13,7.5,中回调,8.1,8.14,8.14,7.97,8.09,37.1,75.0,0.0315,59.0,67.8,41.5,0.85,2.3,-0.2,0.24,-0.5,小幅涨:近10日+2% | 回调至MA20(7.97):+1.6% | MACD红柱(已启动) | 乖离正常:BIAS20=1.6% | 量能健康(0.9xMA20)
300632,光莆股份,2026-04-13,7.5,布林撑,16.52,16.19,15.29,14.9,14.71,66.0,64.4,0.2786,76.8,65.1,100.1,1.19,18.3,11.1,1.09,2.1,上涨:近10日+18% | 布林下轨(12.67)获撑 | MACD红柱(已启动) | RSI14=64(正常区) | 量能健康(1.2xMA20)
300694,蠡湖股份,2026-04-13,7.5,中回调,12.2,12.03,11.81,11.89,12.48,67.5,69.0,0.0944,82.7,70.3,107.5,0.72,5.7,-5.7,0.39,1.4,小幅涨:近10日+6% | 回调至MA20(11.89):+2.6% | MACD红柱(已启动) | 乖离正常:BIAS20=2.6% | 量能健康(0.7xMA20)
300701,森霸传感,2026-04-13,7.5,中回调,11.74,11.66,11.49,11.54,12.54,60.0,68.2,0.1012,76.3,67.7,93.4,0.73,3.4,-3.6,0.36,0.7,小幅涨:近10日+3% | 回调至MA20(11.54):+1.8% | MACD红柱(已启动) | 乖离正常:BIAS20=1.8% | 量能健康(0.7xMA20)
300731,科创新源,2026-04-13,7.5,布林撑,71.3,66.07,65.15,67.67,65.49,85.7,60.4,0.2213,64.3,44.4,104.1,0.97,3.0,-0.6,4.33,7.9,"小幅涨:近10日+3% | 布林下轨(58.38)获撑 | MACD红柱(已启动) | RSI14=60(正常区) | KDJ金叉(K=64) | 量能健康(1.0xMA20) | 量开始放大 | 偏离MA5过大,追高风险"
300777,中简科技,2026-04-13,7.5,中回调,37.49,36.62,35.99,36.59,40.96,81.4,72.3,0.3896,74.8,59.3,105.8,0.77,5.6,-7.2,1.1,2.4,小幅涨:近10日+6% | 回调至MA20(36.59):+2.5% | MACD红柱(已启动) | 乖离正常:BIAS20=2.5% | 量能健康(0.8xMA20)
300817,双飞集团,2026-04-13,7.5,深回调,18.94,17.99,17.81,18.04,20.0,72.9,68.7,0.1787,68.1,52.6,99.3,3.57,6.2,-1.6,0.61,5.3,上涨:近10日+6% | 回调至MA60(20.00) | MACD红柱(已启动) | KDJ金叉(K=68) | 量开始放大
300839,博汇股份,2026-04-13,7.5,布林撑,14.9,14.47,14.49,13.7,13.26,26.6,64.3,0.1197,44.3,48.6,35.6,1.04,17.2,9.4,1.04,3.0,上涨:近10日+17% | 布林下轨(11.58)获撑 | MACD红柱(已启动) | RSI14=64(正常区) | 量能健康(1.0xMA20)
300853,申昊科技,2026-04-13,7.5,深回调,20.36,19.32,18.91,19.45,21.2,77.6,63.7,0.2114,70.7,53.0,106.2,1.71,6.8,-6.0,0.83,5.4,上涨:近10日+7% | 回调至MA60(21.20) | MACD红柱(已启动) | RSI14=64(正常区) | 量能健康(1.7xMA20) | 量开始放大
300908,仲景食品,2026-04-13,7.5,中回调,27.96,27.85,27.8,27.31,28.11,50.0,78.4,0.1423,71.8,73.6,68.0,0.74,2.8,1.2,0.66,0.4,小幅涨:近10日+3% | 回调至MA20(27.31):+2.4% | MACD红柱(已启动) | 乖离正常:BIAS20=2.4% | 量能健康(0.7xMA20)
300966,共同药业,2026-04-13,7.5,中回调,21.19,21.38,21.26,20.87,21.08,46.0,69.1,0.0644,55.3,65.6,34.7,0.76,2.4,-0.2,0.84,-0.9,小幅涨:近10日+2% | 回调至MA20(20.87):+1.5% | MACD红柱(已启动) | 乖离正常:BIAS20=1.5% | 量能健康(0.8xMA20)
300971,博亚精工,2026-04-13,7.5,中回调,23.09,22.85,22.61,22.61,24.57,65.4,69.6,0.1936,77.9,70.1,93.4,0.59,3.6,-5.4,0.7,1.1,小幅涨:近10日+4% | 回调至MA20(22.61):+2.1% | MACD红柱(已启动) | 乖离正常:BIAS20=2.1% | 量能健康(0.6xMA20)
600007,中国国贸,2026-04-13,7.5,中回调,21.23,21.36,21.16,20.68,20.32,49.5,79.1,0.0867,77.4,83.5,65.2,0.98,5.4,5.8,0.45,-0.6,小幅涨:近10日+5% | 回调至MA20(20.68):+2.7% | MACD红柱(已启动) | 乖离正常:BIAS20=2.7% | 量能健康(1.0xMA20)
300055,万邦达,2026-04-13,7.5,布林撑,12.45,11.66,11.55,10.85,9.45,55.6,80.9,0.0604,66.6,64.4,71.1,1.28,10.8,15.9,0.67,6.8,"强势:近20日+16% | 布林下轨(9.02)获撑 | MACD红柱(已启动) | KDJ金叉(K=67) | 量能健康(1.3xMA20) | 量开始放大 | 偏离MA5过大,追高风险"
600184,光电股份,2026-04-13,7.5,布林撑,21.04,19.62,18.97,17.52,18.27,92.2,81.1,0.4595,79.6,74.8,89.3,1.63,28.5,22.3,1.36,7.3,"强势:近20日+22% | 布林下轨(13.99)获撑 | MACD红柱(已启动) | RSI6金叉RSI14 | 量能健康(1.6xMA20) | 量开始放大 | 偏离MA5过大,追高风险"
600201,生物股份,2026-04-13,7.5,中回调,14.48,14.99,14.76,14.58,15.8,42.2,66.9,0.1145,56.7,66.7,36.8,0.9,3.7,-4.1,0.54,-3.4,小幅涨:近10日+4% | 回调至MA20(14.58):-0.7% | MACD红柱(已启动) | 乖离正常:BIAS20=-0.7% | 量能健康(0.9xMA20)
600302,标准股份,2026-04-13,7.5,深回调,11.99,12.15,11.7,11.62,12.18,67.1,63.5,0.1391,73.3,70.3,79.3,0.85,4.4,16.9,0.63,-1.3,强势:近20日+17% | 回调至MA60(12.18) | MACD红柱(已启动) | RSI14=63(正常区) | 量能健康(0.9xMA20)
600335,国机汽车,2026-04-13,7.5,中回调,6.05,6.01,5.98,5.99,6.37,63.4,72.8,0.0336,74.6,68.1,87.4,0.74,2.5,-5.2,0.12,0.7,小幅涨:近10日+3% | 回调至MA20(5.99):+0.9% | MACD红柱(已启动) | 乖离正常:BIAS20=0.9% | 量能健康(0.7xMA20)
600396,华电辽能,2026-04-13,7.5,布林撑,7.3,7.26,7.47,7.07,4.51,49.2,53.0,-0.2024,23.6,29.3,12.1,1.02,-18.8,88.1,0.79,0.6,强势:近20日+88% | 布林下轨(4.47)获撑 | RSI14=53(回升区) | KDJ超卖J=12 | 量能健康(1.0xMA20)
600389,江山股份,2026-04-13,7.5,布林撑,31.13,30.94,30.02,29.65,27.87,80.4,63.9,0.1436,76.3,69.6,89.6,1.04,9.6,-1.3,1.44,0.6,上涨:近10日+10% | 布林下轨(27.40)获撑 | MACD红柱(已启动) | RSI14=64(正常区) | 量能健康(1.0xMA20)
600419,天润乳业,2026-04-13,7.5,中回调,9.62,9.61,9.57,9.37,9.73,54.8,84.7,0.0589,74.7,75.7,72.8,0.65,4.6,0.0,0.24,0.1,小幅涨:近10日+5% | 回调至MA20(9.37):+2.6% | MACD红柱(已启动) | 乖离正常:BIAS20=2.6% | 量能健康(0.6xMA20)
600488,津药药业,2026-04-13,7.5,轻回调,5.91,6.89,6.35,5.2,4.54,43.0,69.1,0.1448,57.3,73.7,24.3,2.2,36.5,40.0,0.54,-14.2,强势:近20日+40% | 回调至MA10下:-6.9% | MACD红柱(已启动)
600486,扬农化工,2026-04-13,7.5,深回调,79.8,80.46,78.07,75.91,75.99,72.2,68.7,0.647,77.7,76.3,80.3,0.97,7.8,-5.0,3.58,-0.8,上涨:近10日+8% | 回调至MA60(75.99) | MACD红柱(已启动) | RSI6金叉RSI14 | 量能健康(1.0xMA20)
600489,中金黄金,2026-04-13,7.5,中回调,26.94,27.36,27.06,26.78,29.52,56.2,65.8,0.248,56.1,61.7,44.7,0.53,5.5,-12.4,1.11,-1.5,小幅涨:近10日+5% | 回调至MA20(26.78):+0.6% | MACD红柱(已启动) | 乖离正常:BIAS20=0.6% | 量能健康(0.5xMA20)
600648,外高桥,2026-04-13,7.5,中回调,10.51,10.35,10.33,10.32,10.45,68.7,69.7,0.0284,75.5,63.1,100.3,0.78,2.5,1.0,0.2,1.5,小幅涨:近10日+3% | 回调至MA20(10.32):+1.8% | MACD红柱(已启动) | 乖离正常:BIAS20=1.8% | 量能健康(0.8xMA20)
600682,南京新百,2026-04-13,7.5,中回调,7.15,7.34,7.22,7.02,7.35,38.4,73.1,0.06,60.8,69.5,43.3,0.89,2.3,-0.4,0.29,-2.5,小幅涨:近10日+2% | 回调至MA20(7.02):+1.9% | MACD红柱(已启动) | 乖离正常:BIAS20=1.9% | 量能健康(0.9xMA20)
600757,长江传媒,2026-04-13,7.5,中回调,9.11,9.05,8.94,8.91,9.05,70.3,73.4,0.0496,78.4,75.5,84.2,1.0,4.7,-0.3,0.2,0.7,小幅涨:近10日+5% | 回调至MA20(8.91):+2.2% | MACD红柱(已启动) | 乖离正常:BIAS20=2.2% | 量能健康(1.0xMA20)
600851,海欣股份,2026-04-13,7.5,中回调,8.4,8.36,8.32,8.18,8.04,23.8,78.3,0.028,54.0,56.2,49.6,0.84,5.0,-5.0,0.39,0.4,小幅涨:近10日+5% | 回调至MA20(8.18):+2.7% | MACD红柱(已启动) | 乖离正常:BIAS20=2.7% | 量能健康(0.8xMA20)
600875,东方电气,2026-04-13,7.5,布林撑,39.72,38.13,37.39,37.46,33.29,66.3,62.4,0.0391,75.3,60.6,104.7,0.88,9.9,3.4,1.95,4.2,上涨:近10日+10% | 布林下轨(34.43)获撑 | MACD红柱(已启动) | RSI14=62(正常区) | 量能健康(0.9xMA20)
600926,杭州银行,2026-04-13,7.5,中回调,17.18,17.06,16.92,16.84,16.33,90.5,88.2,0.0286,83.3,79.4,91.1,0.63,3.7,0.1,0.27,0.7,小幅涨:近10日+4% | 回调至MA20(16.84):+2.0% | MACD红柱(已启动) | 乖离正常:BIAS20=2.0% | 量能健康(0.6xMA20)
600961,株冶集团,2026-04-13,7.5,深回调,18.18,17.85,17.59,17.63,20.02,68.8,68.3,0.2044,76.9,66.8,97.2,0.84,5.7,-10.0,0.71,1.8,小幅涨:近10日+6% | 回调至MA60(20.02) | MACD红柱(已启动) | RSI6金叉RSI14 | 量能健康(0.8xMA20) | 量开始放大
600983,惠而浦,2026-04-13,7.5,深回调,11.05,10.6,10.39,10.57,11.15,69.4,65.4,0.0973,66.6,51.1,97.6,4.95,7.1,-5.0,0.37,4.2,上涨:近10日+7% | 回调至MA60(11.15) | MACD红柱(已启动) | KDJ金叉(K=67) | 量开始放大
600998,九州通,2026-04-13,7.5,中回调,5.29,5.34,5.32,5.23,5.27,41.2,67.4,0.0163,66.4,74.5,50.3,0.8,3.9,-0.4,0.13,-0.9,小幅涨:近10日+4% | 回调至MA20(5.23):+1.1% | MACD红柱(已启动) | 乖离正常:BIAS20=1.1% | 量能健康(0.8xMA20)
601113,华鼎股份,2026-04-13,7.5,中回调,4.44,4.44,4.38,4.39,4.61,65.2,65.3,0.0273,70.4,66.5,78.3,1.1,3.0,-5.5,0.12,-0.1,小幅涨:近10日+3% | 回调至MA20(4.39):+1.1% | MACD红柱(已启动) | 乖离正常:BIAS20=1.1% | 量能健康(1.1xMA20)
601100,恒立液压,2026-04-13,7.5,中回调,100.04,100.59,100.33,99.42,109.54,39.4,66.8,0.83,56.5,59.7,50.1,0.59,4.5,-7.1,3.96,-0.6,小幅涨:近10日+4% | 回调至MA20(99.42):+0.6% | MACD红柱(已启动) | 乖离正常:BIAS20=0.6% | 量能健康(0.6xMA20)
601233,桐昆股份,2026-04-13,7.5,深回调,19.32,19.28,18.76,18.4,20.32,72.9,70.8,0.277,71.7,67.3,80.6,0.77,7.0,-5.1,0.93,0.2,上涨:近10日+7% | 回调至MA60(20.32) | MACD红柱(已启动) | RSI6金叉RSI14 | 量能健康(0.8xMA20)
601311,骆驼股份,2026-04-13,7.5,深回调,10.12,9.66,9.54,9.51,9.55,78.0,69.5,0.0633,67.1,57.4,86.5,1.92,4.4,2.8,0.35,4.8,小幅涨:近10日+4% | 回调至MA60(9.55) | MACD红柱(已启动) | KDJ金叉(K=67) | 量能健康(1.9xMA20) | 量开始放大
601515,衢州东峰,2026-04-13,7.5,深回调,4.64,4.59,4.49,4.38,4.42,43.2,67.6,0.0455,57.8,56.7,59.8,0.69,8.7,0.7,0.26,1.1,上涨:近10日+9% | 回调至MA60(4.42) | MACD红柱(已启动) | KDJ金叉(K=58) | 量能健康(0.7xMA20)
601607,上海医药,2026-04-13,7.5,中回调,17.08,17.18,17.16,16.99,17.22,19.5,72.7,0.0406,66.1,74.9,48.5,0.63,2.3,-1.2,0.26,-0.6,小幅涨:近10日+2% | 回调至MA20(16.99):+0.5% | MACD红柱(已启动) | 乖离正常:BIAS20=0.5% | 量能健康(0.6xMA20)
601665,齐鲁银行,2026-04-13,7.5,中回调,5.85,5.83,5.8,5.77,5.67,53.1,71.1,0.0063,65.0,69.1,56.9,0.8,2.1,1.0,0.11,0.3,小幅涨:近10日+2% | 回调至MA20(5.77):+1.4% | MACD红柱(已启动) | 乖离正常:BIAS20=1.4% | 量能健康(0.8xMA20)
601777,千里科技,2026-04-13,7.5,中回调,10.14,10.21,10.12,9.98,10.63,46.2,74.1,0.0751,68.3,72.9,59.0,0.78,4.0,-0.9,0.29,-0.6,小幅涨:近10日+4% | 回调至MA20(9.98):+1.6% | MACD红柱(已启动) | 乖离正常:BIAS20=1.6% | 量能健康(0.8xMA20)
601825,沪农商行,2026-04-13,7.5,中回调,9.17,9.11,9.12,8.99,8.7,42.6,70.1,0.008,63.7,66.1,58.9,0.72,3.0,4.1,0.21,0.7,小幅涨:近10日+3% | 回调至MA20(8.99):+2.0% | MACD红柱(已启动) | 乖离正常:BIAS20=2.0% | 量能健康(0.7xMA20)
601869,长飞光纤,2026-04-13,7.5,布林撑,369.18,374.21,347.52,291.25,214.68,69.3,86.0,8.1107,86.5,89.7,80.3,1.23,34.6,52.6,28.57,-1.3,强势:近20日+53% | 布林下轨(162.86)获撑 | MACD红柱(已启动) | 量能健康(1.2xMA20) | 量开始放大
601921,浙版传媒,2026-04-13,7.5,中回调,7.99,7.98,7.92,7.82,8.06,61.2,74.8,0.0439,81.2,82.6,78.3,0.68,3.6,1.3,0.13,0.1,小幅涨:近10日+4% | 回调至MA20(7.82):+2.2% | MACD红柱(已启动) | 乖离正常:BIAS20=2.2% | 量能健康(0.7xMA20)
603004,鼎龙科技,2026-04-13,7.5,中回调,22.76,22.61,22.16,22.13,23.73,66.1,69.9,0.2148,77.2,71.2,89.3,0.57,4.4,-5.8,0.65,0.7,小幅涨:近10日+4% | 回调至MA20(22.13):+2.8% | MACD红柱(已启动) | 乖离正常:BIAS20=2.8% | 量能健康(0.6xMA20)
603016,新宏泰,2026-04-13,7.5,轻回调,42.85,42.74,45.14,40.98,35.24,7.2,58.4,-0.3307,30.6,45.9,0.0,0.62,4.7,34.2,3.71,0.3,强势:近20日+34% | 回调至MA10下:-5.1% | RSI14=58(正常区) | KDJ超卖J=0 | 量能健康(0.6xMA20)
603052,可川科技,2026-04-13,7.5,布林撑,70.14,66.53,64.97,63.66,59.88,93.2,75.8,0.5517,75.1,65.5,94.1,1.1,9.3,20.3,4.61,5.4,强势:近20日+20% | 布林下轨(56.91)获撑 | MACD红柱(已启动) | 量能健康(1.1xMA20) | 量开始放大
603060,国检集团,2026-04-13,7.5,中回调,6.41,6.35,6.29,6.34,6.55,59.7,67.2,0.0267,76.5,66.6,96.5,0.65,4.6,-5.9,0.16,0.9,小幅涨:近10日+5% | 回调至MA20(6.34):+1.1% | MACD红柱(已启动) | 乖离正常:BIAS20=1.1% | 量能健康(0.6xMA20)
603087,甘李药业,2026-04-13,7.5,中回调,63.52,63.7,63.79,61.95,65.46,39.2,73.2,0.4473,58.9,69.9,37.1,0.57,2.9,2.2,1.96,-0.3,小幅涨:近10日+3% | 回调至MA20(61.95):+2.5% | MACD红柱(已启动) | 乖离正常:BIAS20=2.5% | 量能健康(0.6xMA20)
603081,大丰实业,2026-04-13,7.5,中回调,12.2,12.12,11.96,11.93,13.08,73.2,75.5,0.12,78.5,73.2,89.2,1.0,3.7,-1.5,0.29,0.6,小幅涨:近10日+4% | 回调至MA20(11.93):+2.2% | MACD红柱(已启动) | 乖离正常:BIAS20=2.2% | 量能健康(1.0xMA20)
603085,天成自控,2026-04-13,7.5,中回调,11.01,11.01,10.97,10.86,11.49,52.4,67.7,0.0679,60.4,61.4,58.4,0.72,4.8,-1.6,0.33,-0.0,小幅涨:近10日+5% | 回调至MA20(10.86):+1.4% | MACD红柱(已启动) | 乖离正常:BIAS20=1.4% | 量能健康(0.7xMA20)
603153,上海建科,2026-04-13,7.5,中回调,16.39,16.15,15.97,15.96,16.76,68.8,70.1,0.1117,76.1,67.6,93.1,0.93,4.3,-1.6,0.41,1.5,小幅涨:近10日+4% | 回调至MA20(15.96):+2.7% | MACD红柱(已启动) | 乖离正常:BIAS20=2.7% | 量能健康(0.9xMA20)
603165,荣晟环保,2026-04-13,7.5,布林撑,15.78,15.28,15.29,14.96,14.35,57.4,65.6,0.0205,64.3,56.2,80.6,0.58,4.2,7.9,0.79,3.3,小幅涨:近10日+4% | 布林下轨(13.73)获撑 | MACD红柱(已启动) | KDJ金叉(K=64) | 量能健康(0.6xMA20)
603188,亚邦股份,2026-04-13,7.5,中回调,5.03,5.04,4.94,4.92,5.16,60.4,65.7,0.0359,63.3,64.1,61.8,0.78,3.5,-6.2,0.22,-0.3,小幅涨:近10日+3% | 回调至MA20(4.92):+2.2% | MACD红柱(已启动) | 乖离正常:BIAS20=2.2% | 量能健康(0.8xMA20)
603196,璞源材料,2026-04-13,7.5,布林撑,31.6,30.92,29.25,28.15,26.78,71.0,72.4,0.5008,75.6,72.6,81.4,1.68,16.1,14.0,1.7,2.2,强势:近20日+14% | 布林下轨(24.33)获撑 | MACD红柱(已启动) | 量能健康(1.7xMA20) | 量开始放大
603192,汇得科技,2026-04-13,7.5,中回调,24.25,24.21,23.89,23.9,25.7,66.7,71.0,0.1796,78.9,74.0,88.6,0.65,3.6,-6.6,0.63,0.2,小幅涨:近10日+4% | 回调至MA20(23.90):+1.5% | MACD红柱(已启动) | 乖离正常:BIAS20=1.5% | 量能健康(0.6xMA20)
603228,景旺电子,2026-04-13,7.5,深回调,60.88,58.57,56.92,57.91,62.74,96.1,64.5,0.7105,75.7,56.7,113.7,1.23,7.6,-2.0,2.48,3.9,上涨:近10日+8% | 回调至MA60(62.74) | MACD红柱(已启动) | RSI14=64(正常区) | 量能健康(1.2xMA20) | 量开始放大
603237,五芳斋,2026-04-13,7.5,中回调,17.03,17.17,17.08,16.87,17.13,38.3,75.3,0.0516,63.0,71.3,46.6,0.81,2.8,-1.0,0.38,-0.8,小幅涨:近10日+3% | 回调至MA20(16.87):+0.9% | MACD红柱(已启动) | 乖离正常:BIAS20=0.9% | 量能健康(0.8xMA20)
603272,联翔股份,2026-04-13,7.5,布林撑,33.95,33.57,33.19,29.14,24.83,59.2,68.4,0.4194,70.2,69.0,72.4,1.54,5.0,41.7,3.03,1.1,强势:近20日+42% | 布林下轨(19.15)获撑 | MACD红柱(已启动) | 量能健康(1.5xMA20) | 量开始放大
603307,扬州金泉,2026-04-13,7.5,中回调,39.19,39.02,38.51,38.42,40.19,62.8,68.5,0.2598,80.9,74.1,94.5,0.63,3.5,-1.9,1.18,0.4,小幅涨:近10日+4% | 回调至MA20(38.42):+2.0% | MACD红柱(已启动) | 乖离正常:BIAS20=2.0% | 量能健康(0.6xMA20)
603315,福鞍股份,2026-04-13,7.5,深回调,15.21,14.64,14.22,14.48,15.39,78.2,66.4,0.1717,62.7,50.3,87.6,1.31,7.9,-6.9,0.67,3.9,上涨:近10日+8% | 回调至MA60(15.39) | MACD红柱(已启动) | KDJ金叉(K=63) | 量能健康(1.3xMA20)
603305,旭升集团,2026-04-13,7.5,中回调,14.87,14.76,14.66,14.56,16.79,61.8,74.7,0.169,70.5,67.1,77.2,0.74,3.7,-2.5,0.44,0.7,小幅涨:近10日+4% | 回调至MA20(14.56):+2.2% | MACD红柱(已启动) | 乖离正常:BIAS20=2.2% | 量能健康(0.7xMA20)
603327,福蓉科技,2026-04-13,7.5,深回调,9.75,9.94,9.5,9.43,10.16,67.5,65.3,0.1303,57.6,57.5,57.9,1.6,8.1,-1.2,0.38,-1.9,上涨:近10日+8% | 回调至MA60(10.16) | MACD红柱(已启动) | KDJ金叉(K=58) | 量能健康(1.6xMA20)
603335,迪生力,2026-04-13,7.5,深回调,6.09,6.03,5.99,5.9,5.98,53.1,66.3,0.0336,69.4,66.1,76.0,1.95,3.2,-3.8,0.33,1.0,小幅涨:近10日+3% | 回调至MA60(5.98) | MACD红柱(已启动) | KDJ金叉(K=69) | 量能健康(2.0xMA20) | 量开始放大
603336,宏辉果蔬,2026-04-13,7.5,中回调,9.11,9.15,8.99,8.87,9.21,55.6,67.1,0.0716,61.2,63.3,57.0,0.89,3.9,-0.7,0.34,-0.5,小幅涨:近10日+4% | 回调至MA20(8.87):+2.7% | MACD红柱(已启动) | 乖离正常:BIAS20=2.7% | 量能健康(0.9xMA20)
603353,和顺石油,2026-04-13,7.5,布林撑,41.15,41.08,37.71,38.38,37.47,80.6,63.6,0.6375,78.0,69.5,94.9,1.0,21.1,3.5,2.71,0.2,上涨:近10日+21% | 布林下轨(29.85)获撑 | MACD红柱(已启动) | RSI14=64(正常区) | 量能健康(1.0xMA20)
603350,安乃达,2026-04-13,7.5,深回调,38.14,35.53,35.21,35.04,37.08,76.7,76.3,0.3355,59.0,49.4,78.2,4.6,10.3,6.1,1.15,7.3,"上涨:近10日+10% | 回调至MA60(37.08) | MACD红柱(已启动) | RSI6金叉RSI14 | KDJ金叉(K=59) | 量开始放大 | 偏离MA5过大,追高风险"
603477,巨星农牧,2026-04-13,7.5,深回调,17.99,17.65,16.95,17.39,17.67,63.3,56.7,0.1059,71.8,61.1,93.2,1.76,6.6,-5.3,0.87,1.9,上涨:近10日+7% | 回调至MA60(17.67) | MACD红柱(已启动) | RSI14=57(正常区) | 量能健康(1.8xMA20) | 量开始放大
603456,九洲药业,2026-04-13,7.5,中回调,16.98,17.11,17.23,16.73,17.63,29.8,69.5,0.103,56.2,65.6,37.5,0.73,2.4,1.0,0.59,-0.8,小幅涨:近10日+2% | 回调至MA20(16.73):+1.5% | MACD红柱(已启动) | 乖离正常:BIAS20=1.5% | 量能健康(0.7xMA20)
603629,利通电子,2026-04-13,7.5,布林撑,72.68,70.88,66.85,64.35,51.71,84.5,70.6,0.5686,70.9,66.0,80.5,1.68,12.7,17.8,5.36,2.5,强势:近20日+18% | 布林下轨(54.02)获撑 | MACD红柱(已启动) | 量能健康(1.7xMA20) | 量开始放大
603681,永冠新材,2026-04-13,7.5,深回调,17.99,17.51,17.41,17.35,19.7,83.1,65.9,0.1758,76.6,64.4,101.0,1.29,4.6,-7.4,0.55,2.7,小幅涨:近10日+5% | 回调至MA60(19.70) | MACD红柱(已启动) | RSI6金叉RSI14 | 量能健康(1.3xMA20) | 量开始放大
603685,晨丰科技,2026-04-13,7.5,轻回调,29.08,28.96,29.99,28.94,25.44,26.1,61.4,-0.212,36.2,48.0,12.6,0.59,5.0,7.5,1.96,0.4,小幅涨:近10日+5% | 回调至MA10下:-3.0% | RSI14=61(正常区) | KDJ超卖J=13 | 乖离正常:BIAS20=0.5% | 量能健康(0.6xMA20)
603778,国晟科技,2026-04-13,7.5,布林撑,33.1,32.15,29.64,26.58,20.59,74.3,72.9,0.5455,85.3,85.3,85.3,1.01,43.9,61.5,2.62,2.9,强势:近20日+62% | 布林下轨(18.92)获撑 | MACD红柱(已启动) | 量能健康(1.0xMA20) | 量开始放大
603788,宁波高发,2026-04-13,7.5,中回调,15.32,15.23,15.09,15.15,16.01,62.5,67.6,0.0875,76.1,67.3,93.7,0.69,2.5,-4.4,0.34,0.6,小幅涨:近10日+3% | 回调至MA20(15.15):+1.1% | MACD红柱(已启动) | 乖离正常:BIAS20=1.1% | 量能健康(0.7xMA20)
603799,华友钴业,2026-04-13,7.5,深回调,62.43,60.47,59.75,59.32,68.9,67.7,67.2,0.848,76.7,67.8,94.4,1.25,4.2,-6.6,2.32,3.2,小幅涨:近10日+4% | 回调至MA60(68.90) | MACD红柱(已启动) | RSI6金叉RSI14 | 量能健康(1.3xMA20) | 量开始放大
603826,坤彩科技,2026-04-13,7.5,布林撑,29.2,27.44,27.21,25.69,21.4,67.7,72.9,0.0654,65.5,62.1,72.4,1.4,15.9,17.8,1.73,6.4,"强势:近20日+18% | 布林下轨(21.98)获撑 | MACD红柱(已启动) | KDJ金叉(K=66) | 量能健康(1.4xMA20) | 量开始放大 | 偏离MA5过大,追高风险"
603906,龙蟠科技,2026-04-13,7.5,布林撑,22.41,22.05,22.08,20.7,19.3,54.8,75.3,0.0881,53.8,58.0,45.3,0.93,0.0,19.9,1.65,1.6,强势:近20日+20% | 布林下轨(17.10)获撑 | MACD红柱(已启动) | 量能健康(0.9xMA20) | 量开始放大
603899,晨光股份,2026-04-13,7.5,中回调,25.52,25.65,25.58,25.42,26.63,33.6,66.5,0.1252,68.6,71.5,62.7,0.59,3.4,-1.9,0.52,-0.5,小幅涨:近10日+3% | 回调至MA20(25.42):+0.4% | MACD红柱(已启动) | 乖离正常:BIAS20=0.4% | 量能健康(0.6xMA20)
603912,佳力图,2026-04-13,7.5,布林撑,10.13,10.05,9.77,9.72,9.36,83.2,59.8,0.0505,84.3,78.3,96.1,0.6,10.1,4.4,0.6,0.8,上涨:近10日+10% | 布林下轨(8.92)获撑 | MACD红柱(已启动) | RSI14=60(正常区) | 量能健康(0.6xMA20)
603928,兴业股份,2026-04-13,7.5,中回调,14.88,14.91,14.63,14.64,15.75,85.1,70.3,0.1191,76.4,70.4,88.4,0.84,3.0,-4.8,0.38,-0.2,小幅涨:近10日+3% | 回调至MA20(14.64):+1.6% | MACD红柱(已启动) | 乖离正常:BIAS20=1.6% | 量能健康(0.8xMA20)
603948,建业股份,2026-04-13,7.5,中回调,27.03,26.9,26.63,26.51,28.1,61.3,68.8,0.1823,79.9,73.9,92.0,0.7,2.2,-4.4,0.79,0.5,小幅涨:近10日+2% | 回调至MA20(26.51):+2.0% | MACD红柱(已启动) | 乖离正常:BIAS20=2.0% | 量能健康(0.7xMA20)
603987,康德莱,2026-04-13,7.5,中回调,8.77,8.79,8.78,8.74,9.06,44.8,68.4,0.0298,56.6,63.2,43.4,0.76,2.3,-4.8,0.24,-0.2,小幅涨:近10日+2% | 回调至MA20(8.74):+0.3% | MACD红柱(已启动) | 乖离正常:BIAS20=0.3% | 量能健康(0.8xMA20)
605151,西上海,2026-04-13,7.5,中回调,18.98,18.76,18.5,18.57,19.96,64.5,65.6,0.1703,75.9,66.1,95.7,0.97,4.3,-4.1,0.63,1.2,小幅涨:近10日+4% | 回调至MA20(18.57):+2.2% | MACD红柱(已启动) | 乖离正常:BIAS20=2.2% | 量能健康(1.0xMA20)
605166,聚合顺,2026-04-13,7.5,中回调,10.57,10.66,10.39,10.35,10.72,67.5,69.7,0.0819,77.6,72.1,88.5,0.86,3.7,-4.9,0.34,-0.8,小幅涨:近10日+4% | 回调至MA20(10.35):+2.1% | MACD红柱(已启动) | 乖离正常:BIAS20=2.1% | 量能健康(0.9xMA20)
605208,永茂泰,2026-04-13,7.5,深回调,13.94,13.57,13.31,13.1,13.37,75.3,72.6,0.1129,70.3,65.6,79.6,1.9,5.7,6.2,0.52,2.8,小幅涨:近10日+6% | 回调至MA60(13.37) | MACD红柱(已启动) | RSI6金叉RSI14 | 量能健康(1.9xMA20) | 量开始放大
605289,罗曼股份,2026-04-13,7.5,布林撑,113.56,109.6,105.74,110.12,97.67,64.2,60.2,0.0803,75.8,63.2,101.1,0.79,11.3,-14.8,7.42,3.6,上涨:近10日+11% | 布林下轨(88.44)获撑 | MACD红柱(已启动) | RSI14=60(正常区) | 量能健康(0.8xMA20)
605369,拱东医疗,2026-04-13,7.5,中回调,17.84,17.91,17.75,17.57,18.54,48.1,73.8,0.1204,75.6,76.9,72.9,0.48,3.1,-1.7,0.41,-0.4,小幅涨:近10日+3% | 回调至MA20(17.57):+1.5% | MACD红柱(已启动) | 乖离正常:BIAS20=1.5% | 量能健康(0.5xMA20)
688048,长光华芯,2026-04-13,7.5,布林撑,255.9,238.5,230.24,212.91,166.0,76.8,69.3,1.4792,75.8,72.0,83.5,1.13,11.3,47.9,21.38,7.3,"强势:近20日+48% | 布林下轨(159.45)获撑 | MACD红柱(已启动) | RSI6金叉RSI14 | 量能健康(1.1xMA20) | 量开始放大 | 偏离MA5过大,追高风险"
688057,金达莱,2026-04-13,7.5,中回调,12.39,12.23,12.1,12.26,12.72,69.5,67.9,0.0545,77.3,66.0,99.7,0.76,3.2,-6.8,0.31,1.3,小幅涨:近10日+3% | 回调至MA20(12.26):+1.1% | MACD红柱(已启动) | 乖离正常:BIAS20=1.1% | 量能健康(0.8xMA20)
688075,安旭生物,2026-04-13,7.5,中回调,38.73,38.67,38.27,38.07,39.36,59.2,65.0,0.2006,72.8,66.0,86.4,0.52,4.6,-1.9,0.86,0.1,小幅涨:近10日+5% | 回调至MA20(38.07):+1.7% | MACD红柱(已启动) | 乖离正常:BIAS20=1.7% | 量能健康(0.5xMA20)
688101,三达膜,2026-04-13,7.5,中回调,16.43,16.22,16.09,16.24,17.0,66.0,66.0,0.0741,77.5,63.8,105.0,0.67,2.4,-5.6,0.43,1.3,小幅涨:近10日+2% | 回调至MA20(16.24):+1.2% | MACD红柱(已启动) | 乖离正常:BIAS20=1.2% | 量能健康(0.7xMA20)
688108,赛诺医疗,2026-04-13,7.5,深回调,22.05,21.54,21.31,20.95,22.21,46.6,67.3,0.2127,66.0,61.1,75.9,0.93,8.6,3.1,1.0,2.3,上涨:近10日+9% | 回调至MA60(22.21) | MACD红柱(已启动) | KDJ金叉(K=66) | 量能健康(0.9xMA20)
688060,云涌科技,2026-04-13,7.5,中回调,45.38,45.31,44.3,44.46,46.36,67.9,65.9,0.3519,75.3,67.6,90.9,0.64,5.3,-5.1,1.45,0.2,小幅涨:近10日+5% | 回调至MA20(44.46):+2.1% | MACD红柱(已启动) | 乖离正常:BIAS20=2.1% | 量能健康(0.6xMA20)
688141,杰华特,2026-04-13,7.5,布林撑,63.08,61.47,56.85,52.29,51.76,90.7,80.8,1.6311,81.2,82.2,79.1,1.54,20.2,24.0,4.11,2.6,强势:近20日+24% | 布林下轨(39.63)获撑 | MACD红柱(已启动) | 量能健康(1.5xMA20) | 量开始放大
688163,赛伦生物,2026-04-13,7.5,布林撑,31.35,29.97,28.86,26.19,25.34,90.7,96.4,0.6091,87.4,86.1,89.9,1.6,23.4,30.5,1.45,4.6,强势:近20日+30% | 布林下轨(20.25)获撑 | MACD红柱(已启动) | 量能健康(1.6xMA20) | 量开始放大
688182,灿勤科技,2026-04-13,7.5,中回调,28.1,28.1,27.46,27.48,30.91,75.3,69.5,0.3294,70.5,68.4,74.6,0.9,4.0,-2.0,0.91,0.0,小幅涨:近10日+4% | 回调至MA20(27.48):+2.3% | MACD红柱(已启动) | 乖离正常:BIAS20=2.3% | 量能健康(0.9xMA20)
688181,八亿时空,2026-04-13,7.5,中回调,32.86,32.61,31.64,31.93,34.18,87.5,67.3,0.3427,74.5,62.9,97.7,0.91,4.4,-3.2,1.17,0.8,小幅涨:近10日+4% | 回调至MA20(31.93):+2.9% | MACD红柱(已启动) | 乖离正常:BIAS20=2.9% | 量能健康(0.9xMA20)
688231,隆达股份,2026-04-13,7.5,深回调,33.13,31.43,30.52,31.0,31.3,94.3,67.1,0.2983,69.1,53.0,101.5,0.75,9.3,-1.8,1.46,5.4,上涨:近10日+9% | 回调至MA60(31.30) | MACD红柱(已启动) | KDJ金叉(K=69) | 量能健康(0.7xMA20)
688266,泽璟制药,2026-04-13,7.5,布林撑,99.78,99.22,99.72,94.15,89.81,35.9,69.6,0.3037,47.7,58.3,26.4,0.88,-0.9,26.4,5.67,0.6,强势:近20日+26% | 布林下轨(80.08)获撑 | MACD红柱(已启动) | 量能健康(0.9xMA20) | 量开始放大
688308,欧科亿,2026-04-13,7.5,布林撑,94.86,92.95,89.17,86.5,66.56,80.5,64.6,0.3115,70.4,64.6,82.2,0.81,19.2,1.6,8.01,2.1,上涨:近10日+19% | 布林下轨(71.38)获撑 | MACD红柱(已启动) | RSI14=65(正常区) | 量能健康(0.8xMA20)
688309,恒誉环保,2026-04-13,7.5,布林撑,67.26,64.06,62.13,59.13,43.41,83.6,73.8,0.0748,79.1,70.4,96.4,1.12,11.0,23.3,4.32,5.0,强势:近20日+23% | 布林下轨(49.89)获撑 | MACD红柱(已启动) | 量能健康(1.1xMA20) | 量开始放大
688315,诺禾致源,2026-04-13,7.5,中回调,14.35,14.34,14.21,14.03,14.88,52.1,68.1,0.1069,70.3,71.0,68.9,0.77,4.1,0.3,0.42,0.1,小幅涨:近10日+4% | 回调至MA20(14.03):+2.3% | MACD红柱(已启动) | 乖离正常:BIAS20=2.3% | 量能健康(0.8xMA20)
688314,康拓医疗,2026-04-13,7.5,轻回调,51.26,52.86,53.54,49.67,42.48,40.1,59.5,-0.2734,43.0,57.4,14.1,0.72,-3.6,19.6,4.12,-3.0,强势:近20日+20% | 回调至MA10下:-4.3% | RSI14=59(正常区) | KDJ超卖J=14 | 量能健康(0.7xMA20)
688331,荣昌生物,2026-04-13,7.5,布林撑,146.29,140.54,140.49,128.91,111.41,42.8,75.7,0.6173,71.5,73.4,67.9,1.22,18.4,30.6,9.6,4.1,强势:近20日+31% | 布林下轨(102.41)获撑 | MACD红柱(已启动) | 量能健康(1.2xMA20) | 量开始放大
688370,丛麟科技,2026-04-13,7.5,中回调,24.65,24.66,24.46,24.17,27.04,49.7,69.5,0.2581,70.4,69.2,72.7,0.59,4.9,-5.0,0.86,-0.0,小幅涨:近10日+5% | 回调至MA20(24.17):+2.0% | MACD红柱(已启动) | 乖离正常:BIAS20=2.0% | 量能健康(0.6xMA20)
688367,工大高科,2026-04-13,7.5,中回调,37.73,37.99,37.01,36.9,36.11,71.7,65.5,0.1793,72.1,65.5,85.4,1.01,5.4,7.4,1.82,-0.7,小幅涨:近10日+5% | 回调至MA20(36.90):+2.3% | MACD红柱(已启动) | 乖离正常:BIAS20=2.3% | 量能健康(1.0xMA20)
688401,路维光电,2026-04-13,7.5,深回调,53.17,52.39,50.92,49.56,53.15,81.8,76.3,0.7266,83.9,80.2,91.4,1.07,9.6,4.2,2.11,1.5,上涨:近10日+10% | 回调至MA60(53.15) | MACD红柱(已启动) | RSI6金叉RSI14 | 量能健康(1.1xMA20)
688403,汇成股份,2026-04-13,7.5,深回调,16.0,15.49,14.88,14.77,17.53,89.0,71.4,0.3546,69.9,61.3,87.1,0.94,9.4,4.4,0.74,3.3,上涨:近10日+9% | 回调至MA60(17.53) | MACD红柱(已启动) | KDJ金叉(K=70) | 量能健康(0.9xMA20)
688448,磁谷科技,2026-04-13,7.5,深回调,57.9,54.84,53.93,54.52,58.5,86.5,66.3,0.5047,68.8,51.6,103.2,1.29,3.4,-3.6,2.57,5.6,小幅涨:近10日+3% | 回调至MA60(58.50) | MACD红柱(已启动) | KDJ金叉(K=69) | 量能健康(1.3xMA20) | 量开始放大
688512,慧智微,2026-04-13,7.5,深回调,12.65,12.23,11.91,11.87,12.0,74.1,65.0,0.1083,77.5,69.4,93.8,1.15,6.2,3.9,0.62,3.5,上涨:近10日+6% | 回调至MA60(12.00) | MACD红柱(已启动) | RSI14=65(正常区) | 量能健康(1.2xMA20) | 量开始放大
688506,百利天恒,2026-04-13,7.5,深回调,299.95,308.63,304.46,286.14,285.39,28.2,64.1,2.7636,61.1,68.9,45.4,0.81,4.6,16.6,19.39,-2.8,强势:近20日+17% | 回调至MA60(285.39) | MACD红柱(已启动) | RSI14=64(正常区) | 量能健康(0.8xMA20)
688529,豪森智能,2026-04-13,7.5,中回调,17.76,17.6,17.37,17.42,18.92,65.5,70.7,0.1459,74.2,66.8,89.1,0.7,2.6,-4.8,0.5,0.9,小幅涨:近10日+3% | 回调至MA20(17.42):+1.9% | MACD红柱(已启动) | 乖离正常:BIAS20=1.9% | 量能健康(0.7xMA20)
688553,汇宇制药,2026-04-13,7.5,轻回调,19.89,21.95,20.79,18.74,19.28,37.1,65.4,0.3196,54.7,67.6,29.0,1.03,14.9,11.9,1.76,-9.4,上涨:近10日+15% | 回调至MA10下:-4.3% | MACD红柱(已启动) | 量能健康(1.0xMA20)
688566,吉贝尔,2026-04-13,7.5,中回调,31.05,31.75,31.39,30.4,29.62,28.2,66.2,0.1435,59.4,65.3,47.5,1.11,4.6,3.7,1.22,-2.2,小幅涨:近10日+5% | 回调至MA20(30.40):+2.1% | MACD红柱(已启动) | 乖离正常:BIAS20=2.1% | 量能健康(1.1xMA20)
688521,芯原股份,2026-04-13,7.5,布林撑,239.17,239.34,227.81,216.95,218.93,73.6,72.4,3.8282,75.1,75.7,73.9,1.26,11.0,14.7,14.88,-0.1,强势:近20日+15% | 布林下轨(185.37)获撑 | MACD红柱(已启动) | 量能健康(1.3xMA20) | 量开始放大
688677,海泰新光,2026-04-13,7.5,布林撑,71.5,70.85,65.13,51.91,48.15,72.9,85.7,2.8763,89.9,87.6,94.4,1.95,79.4,80.6,6.18,0.9,强势:近20日+81% | 布林下轨(22.31)获撑 | MACD红柱(已启动) | 量能健康(2.0xMA20) | 量开始放大
688689,银河微电,2026-04-13,7.5,布林撑,35.62,35.36,33.6,34.07,32.76,76.1,64.3,0.2901,74.9,65.5,93.7,0.78,10.6,-4.0,1.77,0.7,上涨:近10日+11% | 布林下轨(29.86)获撑 | MACD红柱(已启动) | RSI14=64(正常区) | 量能健康(0.8xMA20)
000019,深粮控股,2026-04-13,7.0,布林撑,8.3,8.0,7.82,7.67,7.34,68.5,71.4,0.0464,76.3,70.1,88.6,1.87,6.7,9.4,0.39,3.8,上涨:近10日+7% | 布林下轨(7.04)获撑 | MACD红柱(已启动) | 量能健康(1.9xMA20) | 量开始放大
000062,深圳华强,2026-04-13,7.0,布林撑,28.69,28.32,26.77,26.83,25.58,92.2,58.7,0.2545,80.7,66.0,110.1,0.95,3.3,9.5,1.59,1.3,小幅涨:近10日+3% | 布林下轨(24.16)获撑 | MACD红柱(已启动) | RSI14=59(正常区) | 量能健康(0.9xMA20)
000155,川能动力,2026-04-13,7.0,布林撑,17.3,16.79,16.55,15.44,14.06,55.1,69.0,0.1198,63.5,63.5,63.5,1.18,7.1,14.1,1.13,3.0,强势:近20日+14% | 布林下轨(12.81)获撑 | MACD红柱(已启动) | 量能健康(1.2xMA20)
000586,汇源通信,2026-04-13,7.0,布林撑,21.6,22.59,19.57,17.23,15.55,69.4,74.7,0.779,81.3,86.2,71.6,5.0,43.8,36.5,1.4,-4.4,强势:近20日+37% | 布林下轨(10.39)获撑 | MACD红柱(已启动) | 量开始放大
000593,德龙汇能,2026-04-13,7.0,布林撑,17.07,17.53,16.84,15.69,15.34,51.2,70.9,0.1835,60.9,70.9,41.0,1.02,11.4,13.6,1.22,-2.6,强势:近20日+14% | 布林下轨(12.89)获撑 | MACD红柱(已启动) | 量能健康(1.0xMA20)
000719,中原传媒,2026-04-13,7.0,布林撑,13.96,13.58,13.35,13.09,12.97,75.0,77.4,0.1136,76.6,72.2,85.4,1.32,7.1,8.4,0.45,2.8,上涨:近10日+7% | 布林下轨(12.20)获撑 | MACD红柱(已启动) | 量能健康(1.3xMA20) | 量开始放大
000762,西藏矿业,2026-04-13,7.0,布林撑,33.66,31.9,30.94,29.26,28.7,75.1,76.3,0.5016,79.5,75.7,87.1,2.34,9.2,13.9,1.85,5.5,强势:近20日+14% | 布林下轨(24.48)获撑 | MACD红柱(已启动) | 量开始放大
000848,承德露露,2026-04-13,7.0,深回调,8.29,8.04,8.0,8.0,8.3,73.4,77.2,0.0411,65.7,65.6,65.9,4.03,4.9,0.4,0.16,3.1,小幅涨:近10日+5% | 回调至MA60(8.30) | MACD红柱(已启动) | KDJ金叉(K=66) | 量开始放大
000889,中嘉博创,2026-04-13,7.0,布林撑,3.92,3.81,3.58,3.46,3.6,68.5,66.3,0.0957,76.5,71.6,86.3,4.45,15.0,13.3,0.25,2.8,强势:近20日+13% | 布林下轨(2.86)获撑 | MACD红柱(已启动) | 量开始放大
000933,神火股份,2026-04-13,7.0,深回调,33.33,33.57,32.39,31.87,32.42,64.3,64.4,0.3341,72.1,72.2,71.8,0.86,9.2,-9.6,1.55,-0.7,上涨:近10日+9% | 回调至MA60(32.42) | MACD红柱(已启动) | RSI14=64(正常区) | 量能健康(0.9xMA20)
000990,诚志股份,2026-04-13,7.0,布林撑,10.77,10.59,10.19,10.04,9.13,71.0,60.4,0.0667,77.1,64.2,102.9,0.7,3.5,7.1,0.62,1.7,小幅涨:近10日+3% | 布林下轨(9.00)获撑 | MACD红柱(已启动) | RSI14=60(正常区) | 量能健康(0.7xMA20)
001266,宏英智能,2026-04-13,7.0,深回调,33.81,32.53,31.67,32.61,33.98,85.0,62.3,0.2484,76.1,56.1,116.2,0.61,8.9,-3.6,1.22,3.9,上涨:近10日+9% | 回调至MA60(33.98) | MACD红柱(已启动) | RSI14=62(正常区) | 量能健康(0.6xMA20)
001367,海森药业,2026-04-13,7.0,布林撑,26.13,25.61,25.72,24.19,23.87,59.2,82.7,0.1705,55.3,62.9,40.1,0.84,3.8,14.1,1.26,2.0,强势:近20日+14% | 布林下轨(20.47)获撑 | MACD红柱(已启动) | 量能健康(0.8xMA20)
002025,航天电器,2026-04-13,7.0,布林撑,77.36,73.93,68.56,65.21,57.82,90.4,66.1,1.2957,82.3,74.3,98.3,1.0,21.0,40.9,5.1,4.6,强势:近20日+41% | 布林下轨(52.73)获撑 | MACD红柱(已启动) | 量能健康(1.0xMA20)
002126,银轮股份,2026-04-13,7.0,布林撑,47.24,44.61,43.46,43.66,43.96,86.4,69.4,0.4299,77.0,61.6,107.8,1.64,12.1,2.8,2.13,5.9,上涨:近10日+12% | 布林下轨(39.59)获撑 | MACD红柱(已启动) | 量能健康(1.6xMA20) | 量开始放大
002135,东南网架,2026-04-13,7.0,布林撑,7.64,7.22,6.96,6.97,6.39,89.8,67.9,0.0596,79.8,66.7,106.1,0.99,12.7,4.2,0.45,5.9,上涨:近10日+13% | 布林下轨(6.17)获撑 | MACD红柱(已启动) | 量能健康(1.0xMA20) | 量开始放大
002181,粤 传 媒,2026-04-13,7.0,布林撑,12.82,12.61,12.2,11.64,11.31,61.9,67.0,0.1368,60.9,62.8,57.1,1.27,11.1,21.4,0.91,1.7,强势:近20日+21% | 布林下轨(10.08)获撑 | MACD红柱(已启动) | 量能健康(1.3xMA20)
002176,江特电机,2026-04-13,7.0,布林撑,10.93,10.59,10.46,9.96,9.93,67.4,75.9,0.1074,73.1,66.9,85.5,1.49,6.2,9.2,0.51,3.2,上涨:近10日+6% | 布林下轨(8.72)获撑 | MACD红柱(已启动) | 量能健康(1.5xMA20) | 量开始放大
002222,福晶科技,2026-04-13,7.0,布林撑,86.4,82.83,76.5,69.64,69.08,100.0,82.9,2.3089,92.0,87.7,100.6,0.99,32.1,37.7,5.38,4.3,强势:近20日+38% | 布林下轨(51.82)获撑 | MACD红柱(已启动) | 量能健康(1.0xMA20)
002263,大东南,2026-04-13,7.0,布林撑,4.99,4.79,4.63,4.07,3.71,59.8,77.8,0.0917,76.3,76.0,76.8,2.13,22.6,37.1,0.41,4.1,强势:近20日+37% | 布林下轨(2.81)获撑 | MACD红柱(已启动) | 量开始放大
002294,信立泰,2026-04-13,7.0,中回调,62.39,63.47,64.25,60.86,53.68,0.8,65.5,-0.1713,36.2,53.3,2.0,0.69,0.8,19.1,3.26,-1.7,强势:近20日+19% | 回调至MA20(60.86):+2.5% | KDJ超卖J=2 | 乖离正常:BIAS20=2.5% | 量能健康(0.7xMA20)
002428,云南锗业,2026-04-13,7.0,布林撑,55.13,54.9,52.49,48.17,42.22,84.8,72.0,0.6185,77.3,78.3,75.3,1.04,7.3,27.1,4.11,0.4,强势:近20日+27% | 布林下轨(36.97)获撑 | MACD红柱(已启动) | 量能健康(1.0xMA20)
002440,闰土股份,2026-04-13,7.0,深回调,11.98,11.94,11.62,11.62,11.92,69.9,66.2,0.1017,65.2,62.0,71.6,1.05,5.6,-10.5,0.54,0.3,小幅涨:近10日+6% | 回调至MA60(11.92) | MACD红柱(已启动) | KDJ金叉(K=65) | 量能健康(1.0xMA20)
002467,二六三,2026-04-13,7.0,布林撑,7.87,7.39,7.35,7.25,7.04,70.6,72.6,0.0313,66.4,60.4,78.5,2.05,7.4,15.1,0.43,6.5,"强势:近20日+15% | 布林下轨(6.62)获撑 | MACD红柱(已启动) | KDJ金叉(K=66) | 量开始放大 | 偏离MA5过大,追高风险"
002560,通达股份,2026-04-13,7.0,布林撑,14.28,13.58,12.61,11.2,10.86,72.9,86.5,0.3906,86.3,80.0,98.7,1.95,47.4,33.5,0.86,5.1,强势:近20日+33% | 布林下轨(7.71)获撑 | MACD红柱(已启动) | 量能健康(1.9xMA20)
002353,杰瑞股份,2026-04-13,7.0,布林撑,111.73,111.03,106.15,102.51,99.22,56.7,66.3,1.4773,77.4,75.6,81.1,1.09,13.8,6.2,6.79,0.6,上涨:近10日+14% | 布林下轨(89.07)获撑 | MACD红柱(已启动) | 量能健康(1.1xMA20) | 量开始放大
002636,金安国纪,2026-04-13,7.0,布林撑,36.6,35.07,32.74,32.26,26.92,87.5,70.0,0.3919,76.3,68.6,91.9,0.91,17.1,26.0,2.49,4.4,强势:近20日+26% | 布林下轨(27.37)获撑 | MACD红柱(已启动) | 量能健康(0.9xMA20)
002645,华宏科技,2026-04-13,7.0,布林撑,21.08,20.44,19.01,17.83,16.58,80.9,77.4,0.4621,86.1,85.3,87.7,1.49,22.3,22.9,1.21,3.1,强势:近20日+23% | 布林下轨(14.17)获撑 | MACD红柱(已启动) | 量能健康(1.5xMA20)
002655,共达电声,2026-04-13,7.0,布林撑,21.21,20.59,19.43,18.46,15.8,89.8,85.6,0.281,79.8,78.3,82.8,1.15,20.1,26.5,1.2,3.0,强势:近20日+26% | 布林下轨(15.56)获撑 | MACD红柱(已启动) | 量能健康(1.1xMA20)
002663,普邦股份,2026-04-13,7.0,布林撑,2.38,2.35,2.28,2.28,2.17,63.8,62.8,0.009,75.1,66.6,92.2,1.03,2.1,3.0,0.15,1.1,小幅涨:近10日+2% | 布林下轨(2.06)获撑 | MACD红柱(已启动) | RSI14=63(正常区) | 量能健康(1.0xMA20)
002683,广东宏大,2026-04-13,7.0,深回调,41.92,39.09,39.03,39.76,46.1,71.8,67.3,0.422,55.2,40.9,83.7,2.23,3.7,-6.8,1.51,7.2,"小幅涨:近10日+4% | 回调至MA60(46.10) | MACD红柱(已启动) | RSI6金叉RSI14 | KDJ金叉(K=55) | 量开始放大 | 偏离MA5过大,追高风险"
002701,奥瑞金,2026-04-13,7.0,深回调,5.4,5.22,5.15,5.16,5.53,71.8,74.3,0.0532,64.6,59.5,74.9,3.01,5.9,0.4,0.14,3.4,小幅涨:近10日+6% | 回调至MA60(5.53) | MACD红柱(已启动) | KDJ金叉(K=65) | 量开始放大
002718,友邦吊顶,2026-04-13,7.0,布林撑,73.9,72.99,66.52,63.05,64.51,79.8,69.6,2.0651,81.1,77.6,88.1,1.4,29.7,16.1,4.73,1.2,强势:近20日+16% | 布林下轨(49.79)获撑 | MACD红柱(已启动) | 量能健康(1.4xMA20)
002723,小崧股份,2026-04-13,7.0,布林撑,9.92,9.5,9.21,9.33,9.31,84.7,70.2,0.0786,76.7,60.7,108.6,1.42,7.6,-0.3,0.41,4.4,上涨:近10日+8% | 布林下轨(8.42)获撑 | MACD红柱(已启动) | 量能健康(1.4xMA20) | 量开始放大
002729,好利科技,2026-04-13,7.0,布林撑,21.14,21.04,20.43,20.0,19.06,74.5,71.7,0.1481,77.6,78.1,76.7,1.34,7.1,8.9,1.12,0.5,上涨:近10日+7% | 布林下轨(18.00)获撑 | MACD红柱(已启动) | 量能健康(1.3xMA20) | 量开始放大
002755,奥赛康,2026-04-13,7.0,深回调,15.97,15.81,16.01,15.23,15.94,25.7,70.3,0.1077,42.2,54.1,18.5,1.16,3.8,8.9,0.86,1.0,小幅涨:近10日+4% | 回调至MA60(15.94) | MACD红柱(已启动) | KDJ超卖J=18 | 量能健康(1.2xMA20) | 量开始放大
002821,凯莱英,2026-04-13,7.0,布林撑,120.96,120.35,118.38,107.64,103.18,23.6,81.9,1.6338,70.7,74.5,63.1,0.89,21.1,21.8,5.48,0.5,强势:近20日+22% | 布林下轨(83.14)获撑 | MACD红柱(已启动) | 量能健康(0.9xMA20)
002840,华统股份,2026-04-13,7.0,布林撑,12.76,12.86,12.09,11.33,10.29,78.2,73.5,0.1644,79.7,80.8,77.5,0.82,12.3,28.2,0.68,-0.8,强势:近20日+28% | 布林下轨(9.29)获撑 | MACD红柱(已启动) | 量能健康(0.8xMA20)
002938,鹏鼎控股,2026-04-13,7.0,深回调,57.9,55.08,53.36,52.52,54.97,98.9,76.4,0.8682,85.0,73.0,109.1,1.32,15.4,13.2,2.67,5.1,强势:近20日+13% | 回调至MA60(54.97) | MACD红柱(已启动) | 量能健康(1.3xMA20) | 量开始放大
003007,直真科技,2026-04-13,7.0,深回调,44.15,45.31,43.43,42.73,44.65,68.5,62.9,0.4085,56.6,60.2,49.3,1.15,8.0,3.3,2.4,-2.6,上涨:近10日+8% | 回调至MA60(44.65) | MACD红柱(已启动) | RSI14=63(正常区) | 量能健康(1.1xMA20)
003023,彩虹集团,2026-04-13,7.0,布林撑,25.8,24.94,24.34,23.46,23.66,81.1,87.7,0.3229,89.3,83.1,101.5,1.26,16.2,4.7,0.98,3.5,上涨:近10日+16% | 布林下轨(20.58)获撑 | MACD红柱(已启动) | 量能健康(1.3xMA20) | 量开始放大
300006,莱美药业,2026-04-13,7.0,布林撑,5.99,5.94,5.69,5.27,5.15,63.6,74.1,0.0961,62.0,68.5,49.1,1.33,18.1,20.3,0.4,0.8,强势:近20日+20% | 布林下轨(4.14)获撑 | MACD红柱(已启动) | 量能健康(1.3xMA20)
300022,吉峰科技,2026-04-13,7.0,布林撑,9.62,9.92,9.78,9.21,8.57,22.6,71.9,0.0389,61.1,73.7,36.1,1.19,5.3,19.7,0.55,-3.0,强势:近20日+20% | 布林下轨(7.89)获撑 | MACD红柱(已启动) | 量能健康(1.2xMA20)
300042,朗科科技,2026-04-13,7.0,布林撑,49.7,46.7,44.63,47.28,38.33,84.6,53.9,-0.0868,76.1,54.8,118.7,1.17,11.8,30.8,3.02,6.4,"强势:近20日+31% | 布林下轨(37.29)获撑 | MACD绿柱(-0.0868) | RSI14=54(回升区) | 量能健康(1.2xMA20) | 量开始放大 | 偏离MA5过大,追高风险"
300069,金利华电,2026-04-13,7.0,布林撑,22.83,23.23,22.27,20.6,19.63,66.4,71.5,0.2651,68.8,73.8,58.7,0.76,15.1,17.3,1.79,-1.7,强势:近20日+17% | 布林下轨(16.24)获撑 | MACD红柱(已启动) | 量能健康(0.8xMA20)
300183,东软载波,2026-04-13,7.0,深回调,15.05,14.35,14.07,14.46,15.49,78.6,64.3,0.1159,74.6,56.4,110.9,2.71,7.3,-6.1,0.52,4.9,上涨:近10日+7% | 回调至MA60(15.49) | MACD红柱(已启动) | RSI14=64(正常区) | 量开始放大
300199,翰宇药业,2026-04-13,7.0,布林撑,20.98,20.71,20.14,19.15,18.91,62.1,75.7,0.28,79.8,75.8,87.9,1.2,11.6,18.6,0.93,1.3,强势:近20日+19% | 布林下轨(16.70)获撑 | MACD红柱(已启动) | 量能健康(1.2xMA20)
300207,欣旺达,2026-04-13,7.0,布林撑,28.94,26.16,25.64,26.45,25.48,81.5,54.5,0.1755,54.7,36.7,90.8,2.02,4.6,6.9,1.54,10.6,"小幅涨:近10日+5% | 布林下轨(23.23)获撑 | MACD红柱(已启动) | RSI14=55(回升区) | KDJ金叉(K=55) | 量开始放大 | 偏离MA5过大,追高风险 | 突破MA5较多,追涨风险"
300245,天玑科技,2026-04-13,7.0,布林撑,13.87,13.86,13.78,13.05,12.93,61.1,68.0,0.0783,57.0,64.1,43.0,0.75,0.1,15.2,1.01,0.0,强势:近20日+15% | 布林下轨(10.80)获撑 | MACD红柱(已启动) | 量能健康(0.7xMA20)
300265,通光线缆,2026-04-13,7.0,布林撑,18.89,19.32,18.88,18.21,16.95,53.5,62.2,0.0519,62.0,65.5,55.2,0.68,5.9,2.1,1.42,-2.2,小幅涨:近10日+6% | 布林下轨(16.23)获撑 | MACD红柱(已启动) | RSI14=62(正常区) | 量能健康(0.7xMA20)
300400,劲拓股份,2026-04-13,7.0,布林撑,25.89,27.08,26.05,25.01,22.73,57.8,64.9,0.1112,58.4,65.6,44.0,0.83,3.4,11.8,1.66,-4.4,小幅涨:近10日+3% | 布林下轨(21.44)获撑 | MACD红柱(已启动) | RSI14=65(正常区) | 量能健康(0.8xMA20)
300461,田中精机,2026-04-13,7.0,布林撑,65.82,68.87,65.77,56.89,46.64,49.8,75.2,1.2899,72.2,79.7,57.2,1.13,18.3,11.0,5.99,-4.4,上涨:近10日+18% | 布林下轨(36.11)获撑 | MACD红柱(已启动) | 量能健康(1.1xMA20) | 量开始放大
300476,胜宏科技,2026-04-13,7.0,布林撑,298.15,283.34,270.29,272.13,274.24,86.2,70.8,3.8456,79.4,63.7,110.7,1.38,13.8,7.2,11.6,5.2,上涨:近10日+14% | 布林下轨(245.08)获撑 | MACD红柱(已启动) | 量能健康(1.4xMA20) | 量开始放大
300503,昊志机电,2026-04-13,7.0,深回调,54.67,53.53,53.2,51.05,55.05,52.0,69.7,0.6183,72.2,70.1,76.5,1.1,16.9,13.6,2.86,2.1,强势:近20日+14% | 回调至MA60(55.05) | MACD红柱(已启动) | 量能健康(1.1xMA20) | 量开始放大
300508,维宏股份,2026-04-13,7.0,深回调,38.6,38.33,37.24,37.43,40.88,78.1,69.3,0.4475,67.9,61.8,80.1,0.73,3.9,-5.4,1.44,0.7,小幅涨:近10日+4% | 回调至MA60(40.88) | MACD红柱(已启动) | KDJ金叉(K=68) | 量能健康(0.7xMA20)
300548,长芯博创,2026-04-13,7.0,布林撑,225.0,213.63,186.31,166.96,155.6,90.3,84.8,8.5867,89.8,86.1,97.1,1.1,49.3,41.6,14.7,5.3,强势:近20日+42% | 布林下轨(106.92)获撑 | MACD红柱(已启动) | 量能健康(1.1xMA20)
300547,川环科技,2026-04-13,7.0,布林撑,38.81,38.67,35.75,33.24,35.26,66.4,75.1,1.1376,73.1,75.3,68.8,1.67,31.1,17.9,2.63,0.4,强势:近20日+18% | 布林下轨(25.40)获撑 | MACD红柱(已启动) | 量能健康(1.7xMA20)
300608,思特奇,2026-04-13,7.0,布林撑,13.23,12.72,12.02,11.75,12.11,78.6,68.1,0.2259,78.4,68.6,98.0,1.93,19.6,11.0,0.78,4.0,上涨:近10日+20% | 布林下轨(10.04)获撑 | MACD红柱(已启动) | 量能健康(1.9xMA20) | 量开始放大
300620,光库科技,2026-04-13,7.0,布林撑,226.75,226.41,210.86,190.04,171.51,78.8,74.1,4.7595,81.8,81.4,82.5,0.81,16.6,37.4,16.86,0.1,强势:近20日+37% | 布林下轨(134.80)获撑 | MACD红柱(已启动) | 量能健康(0.8xMA20)
300626,华瑞股份,2026-04-13,7.0,布林撑,26.88,26.06,23.5,21.84,20.13,88.6,84.0,0.7313,86.0,80.8,96.6,1.16,31.6,38.1,1.53,3.1,强势:近20日+38% | 布林下轨(16.15)获撑 | MACD红柱(已启动) | 量能健康(1.2xMA20)
300692,中赋科技,2026-04-13,7.0,深回调,8.45,8.27,8.31,8.2,8.56,43.0,63.3,0.0406,45.9,47.6,42.6,1.42,3.7,4.7,0.33,2.1,小幅涨:近10日+4% | 回调至MA60(8.56) | MACD红柱(已启动) | RSI14=63(正常区) | 量能健康(1.4xMA20) | 量开始放大
300730,科创信息,2026-04-13,7.0,布林撑,14.81,14.61,14.25,13.67,13.53,74.6,71.9,0.1477,81.4,79.5,85.3,0.67,7.6,16.3,0.78,1.4,强势:近20日+16% | 布林下轨(12.18)获撑 | MACD红柱(已启动) | 量能健康(0.7xMA20)
300757,罗博特科,2026-04-13,7.0,布林撑,495.17,477.74,437.52,399.69,379.68,100.0,87.9,13.0069,90.0,83.7,102.5,0.73,23.1,27.7,28.97,3.6,强势:近20日+28% | 布林下轨(294.17)获撑 | MACD红柱(已启动) | 量能健康(0.7xMA20)
300843,胜蓝股份,2026-04-13,7.0,布林撑,66.4,64.31,59.5,56.35,54.99,82.0,82.6,1.6285,79.6,78.6,81.5,1.08,25.5,14.1,3.8,3.3,强势:近20日+14% | 布林下轨(45.01)获撑 | MACD红柱(已启动) | 量能健康(1.1xMA20)
300845,捷安高科,2026-04-13,7.0,布林撑,12.97,12.29,11.79,11.71,12.08,89.2,85.3,0.1819,85.4,73.5,109.1,1.34,14.3,1.7,0.55,5.5,上涨:近10日+14% | 布林下轨(10.45)获撑 | MACD红柱(已启动) | 量能健康(1.3xMA20) | 量开始放大
300834,星辉环材,2026-04-13,7.0,布林撑,40.36,41.88,39.12,31.51,27.01,38.3,76.1,1.0772,60.9,69.2,44.3,1.63,64.2,56.9,3.75,-3.6,强势:近20日+57% | 布林下轨(13.06)获撑 | MACD红柱(已启动) | 量能健康(1.6xMA20)
300916,朗特智能,2026-04-13,7.0,深回调,31.52,30.35,29.83,29.76,31.36,78.9,63.6,0.2851,74.5,60.3,103.1,1.23,6.0,5.6,1.24,3.8,小幅涨:近10日+6% | 回调至MA60(31.36) | MACD红柱(已启动) | RSI14=64(正常区) | 量能健康(1.2xMA20) | 量开始放大
300943,春晖智控,2026-04-13,7.0,深回调,29.5,28.38,27.93,28.46,30.21,75.3,60.7,0.1881,71.4,49.6,115.2,0.97,5.5,-11.7,1.54,3.9,小幅涨:近10日+6% | 回调至MA60(30.21) | MACD红柱(已启动) | RSI14=61(正常区) | 量能健康(1.0xMA20) | 量开始放大
300970,华绿生物,2026-04-13,7.0,布林撑,28.46,29.24,27.98,25.83,24.12,51.9,74.0,0.3702,63.0,67.7,53.7,0.98,19.8,14.9,2.14,-2.7,强势:近20日+15% | 布林下轨(20.17)获撑 | MACD红柱(已启动) | 量能健康(1.0xMA20)
300975,商络电子,2026-04-13,7.0,布林撑,20.78,20.11,18.79,18.47,16.22,85.7,69.4,0.2535,72.7,60.3,97.4,0.7,14.2,26.6,1.46,3.3,强势:近20日+27% | 布林下轨(15.90)获撑 | MACD红柱(已启动) | 量能健康(0.7xMA20)
600066,宇通客车,2026-04-13,7.0,布林撑,36.8,36.91,36.57,34.08,32.14,31.5,72.8,0.3012,69.0,77.0,53.0,0.63,14.4,20.1,1.39,-0.3,强势:近20日+20% | 布林下轨(28.48)获撑 | MACD红柱(已启动) | 量能健康(0.6xMA20)
600078,澄星股份,2026-04-13,7.0,布林撑,12.7,12.01,11.68,11.67,11.92,96.5,74.3,0.1402,76.3,62.6,103.7,1.07,8.2,-7.0,0.56,5.8,上涨:近10日+8% | 布林下轨(10.34)获撑 | MACD红柱(已启动) | 量能健康(1.1xMA20) | 量开始放大
600110,诺德股份,2026-04-13,7.0,布林撑,10.19,9.94,9.52,8.74,7.83,66.4,79.1,0.144,79.3,79.9,78.2,1.21,17.7,22.2,0.73,2.6,强势:近20日+22% | 布林下轨(6.92)获撑 | MACD红柱(已启动) | 量能健康(1.2xMA20)
600126,杭钢股份,2026-04-13,7.0,深回调,9.0,9.02,8.81,8.68,8.91,56.6,64.2,0.0758,51.8,58.3,38.6,1.24,9.1,-2.8,0.59,-0.2,上涨:近10日+9% | 回调至MA60(8.91) | MACD红柱(已启动) | RSI14=64(正常区) | 量能健康(1.2xMA20)
600127,金健米业,2026-04-13,7.0,布林撑,7.49,7.45,7.44,7.2,7.01,50.7,67.1,0.0247,66.5,70.6,58.4,1.7,9.7,1.9,0.36,0.5,上涨:近10日+10% | 布林下轨(6.50)获撑 | MACD红柱(已启动) | 量能健康(1.7xMA20) | 量开始放大
600152,维科技术,2026-04-13,7.0,布林撑,10.81,10.01,10.17,10.02,8.9,69.5,64.8,-0.0394,40.9,37.2,48.4,0.93,3.7,10.6,0.86,8.0,"小幅涨:近10日+4% | 布林下轨(8.82)获撑 | MACD绿柱(-0.0394) | RSI14=65(正常区) | RSI6金叉RSI14 | KDJ金叉(K=41) | 量能健康(0.9xMA20) | 量开始放大 | 偏离MA5过大,追高风险 | 突破MA5较多,追涨风险"
600186,莲花控股,2026-04-13,7.0,布林撑,7.41,7.38,7.28,6.97,6.44,65.7,70.6,0.0274,56.5,61.3,46.9,0.73,3.8,22.9,0.46,0.5,强势:近20日+23% | 布林下轨(6.09)获撑 | MACD红柱(已启动) | 量能健康(0.7xMA20)
600212,绿能慧充,2026-04-13,7.0,深回调,7.8,7.32,7.25,7.37,7.68,78.5,63.9,0.0496,61.1,41.9,99.7,1.85,4.6,2.9,0.3,6.5,"小幅涨:近10日+5% | 回调至MA60(7.68) | MACD红柱(已启动) | RSI14=64(正常区) | KDJ金叉(K=61) | 量能健康(1.9xMA20) | 量开始放大 | 偏离MA5过大,追高风险"
600330,天通股份,2026-04-13,7.0,布林撑,19.62,18.58,17.46,17.08,15.97,81.7,71.7,0.3128,75.5,68.8,88.9,1.36,16.8,6.5,1.24,5.6,上涨:近10日+17% | 布林下轨(14.51)获撑 | MACD红柱(已启动) | 量能健康(1.4xMA20) | 量开始放大
600426,华鲁恒升,2026-04-13,7.0,深回调,38.56,38.46,37.29,36.82,37.07,78.2,61.8,0.2682,76.7,69.5,91.2,0.74,6.2,-6.9,1.69,0.3,上涨:近10日+6% | 回调至MA60(37.07) | MACD红柱(已启动) | RSI14=62(正常区) | 量能健康(0.7xMA20)
600502,安徽建工,2026-04-13,7.0,布林撑,5.64,5.53,5.48,5.12,4.85,50.0,74.6,0.0522,51.6,55.6,43.7,0.8,21.3,12.8,0.29,2.0,强势:近20日+13% | 布林下轨(4.30)获撑 | MACD红柱(已启动) | 量能健康(0.8xMA20)
600545,卓郎智能,2026-04-13,7.0,布林撑,4.28,4.0,3.88,3.94,3.32,80.2,67.8,0.0079,75.7,62.9,101.3,1.4,15.4,11.7,0.29,7.1,"上涨:近10日+15% | 布林下轨(3.35)获撑 | MACD红柱(已启动) | RSI6金叉RSI14 | 量能健康(1.4xMA20) | 量开始放大 | 偏离MA5过大,追高风险"
600539,狮头股份,2026-04-13,7.0,布林撑,14.5,14.56,14.62,13.42,11.95,61.7,71.5,0.053,55.0,62.7,39.5,0.76,2.0,19.9,1.09,-0.4,强势:近20日+20% | 布林下轨(10.54)获撑 | MACD红柱(已启动) | 量能健康(0.8xMA20)
600666,奥瑞德,2026-04-13,7.0,布林撑,6.42,6.34,6.19,5.5,4.37,59.3,73.2,0.0459,61.5,68.7,47.2,0.98,5.6,54.3,0.62,1.3,强势:近20日+54% | 布林下轨(3.77)获撑 | MACD红柱(已启动) | 量能健康(1.0xMA20)
600791,京能置业,2026-04-13,7.0,布林撑,12.03,12.52,11.36,10.18,7.84,65.3,76.9,0.237,77.1,84.3,62.9,1.26,23.0,42.5,0.86,-3.9,强势:近20日+43% | 布林下轨(7.08)获撑 | MACD红柱(已启动) | 量能健康(1.3xMA20)
600869,远东股份,2026-04-13,7.0,布林撑,15.22,15.4,14.85,13.9,12.92,60.3,67.8,0.1655,75.4,78.5,69.2,0.94,7.7,13.8,1.0,-1.2,强势:近20日+14% | 布林下轨(11.43)获撑 | MACD红柱(已启动) | 量能健康(0.9xMA20)
601133,柏诚股份,2026-04-13,7.0,布林撑,24.55,23.6,21.05,19.18,17.98,94.5,79.6,0.7695,89.6,85.4,98.1,1.02,34.2,56.6,1.5,4.0,强势:近20日+57% | 布林下轨(13.39)获撑 | MACD红柱(已启动) | 量能健康(1.0xMA20)
601168,西部矿业,2026-04-13,7.0,深回调,27.33,26.97,26.26,26.28,30.28,79.8,64.9,0.3979,70.8,60.0,92.3,0.81,8.0,-9.0,0.99,1.3,上涨:近10日+8% | 回调至MA60(30.28) | MACD红柱(已启动) | RSI14=65(正常区) | 量能健康(0.8xMA20)
603083,剑桥科技,2026-04-13,7.0,布林撑,118.58,112.67,108.07,109.09,111.12,91.9,67.5,1.4563,77.9,58.6,116.5,1.49,13.4,0.7,5.3,5.2,上涨:近10日+13% | 布林下轨(97.12)获撑 | MACD红柱(已启动) | 量能健康(1.5xMA20) | 量开始放大
603061,金海通,2026-04-13,7.0,布林撑,307.4,297.01,285.42,265.46,261.68,75.9,76.1,5.6893,80.3,75.6,89.7,0.95,18.8,30.8,19.98,3.5,强势:近20日+31% | 布林下轨(215.07)获撑 | MACD红柱(已启动) | 量能健康(1.0xMA20)
603115,海星股份,2026-04-13,7.0,轻回调,41.35,42.97,43.67,39.16,30.19,38.6,65.1,-0.2368,38.8,56.0,4.5,1.02,-4.8,28.8,3.55,-3.8,强势:近20日+29% | 回调至MA10下:-5.3% | KDJ超卖J=5 | 量能健康(1.0xMA20) | 量开始放大
603132,金徽股份,2026-04-13,7.0,布林撑,19.26,18.19,17.63,16.84,17.25,100.0,95.6,0.3118,94.7,88.9,106.4,1.77,15.1,9.2,0.7,5.9,上涨:近10日+15% | 布林下轨(14.40)获撑 | MACD红柱(已启动) | 量能健康(1.8xMA20) | 量开始放大
603118,共进股份,2026-04-13,7.0,布林撑,14.18,14.01,13.6,13.02,12.37,73.7,81.2,0.12,83.1,85.0,79.2,1.32,8.5,13.1,0.67,1.2,强势:近20日+13% | 布林下轨(11.38)获撑 | MACD红柱(已启动) | 量能健康(1.3xMA20)
603222,济民健康,2026-04-13,7.0,布林撑,10.17,10.55,10.07,9.47,9.18,50.5,68.7,0.1179,60.2,68.1,44.4,1.06,13.4,15.0,0.61,-3.6,强势:近20日+15% | 布林下轨(7.85)获撑 | MACD红柱(已启动) | 量能健康(1.1xMA20)
603227,雪峰科技,2026-04-13,7.0,布林撑,10.24,10.3,10.08,9.53,8.98,55.6,73.0,0.0737,73.8,77.8,65.8,0.81,9.1,12.5,0.5,-0.6,强势:近20日+13% | 布林下轨(8.22)获撑 | MACD红柱(已启动) | 量能健康(0.8xMA20)
603259,药明康德,2026-04-13,7.0,布林撑,105.71,104.65,102.5,97.59,97.57,62.4,82.5,1.1741,85.2,84.6,86.3,0.61,9.0,16.3,3.51,1.0,强势:近20日+16% | 布林下轨(85.95)获撑 | MACD红柱(已启动) | 量能健康(0.6xMA20)
603507,振江股份,2026-04-13,7.0,布林撑,46.7,44.86,43.28,40.95,34.23,89.3,77.6,0.3987,83.1,78.3,92.6,0.77,10.5,24.3,2.53,4.1,强势:近20日+24% | 布林下轨(34.70)获撑 | MACD红柱(已启动) | 量能健康(0.8xMA20)
603637,镇海股份,2026-04-13,7.0,布林撑,13.92,13.79,12.84,12.32,12.42,79.8,77.4,0.2898,79.8,79.9,79.6,1.64,14.4,13.1,0.65,0.9,强势:近20日+13% | 布林下轨(10.38)获撑 | MACD红柱(已启动) | 量能健康(1.6xMA20)
603701,德宏股份,2026-04-13,7.0,布林撑,23.89,23.7,23.29,22.74,21.56,58.6,64.1,0.0752,72.0,68.8,78.5,0.76,3.6,2.1,0.97,0.8,小幅涨:近10日+4% | 布林下轨(20.92)获撑 | MACD红柱(已启动) | RSI14=64(正常区) | 量能健康(0.8xMA20)
603863,松炀资源,2026-04-13,7.0,深回调,20.12,19.8,18.32,18.94,19.64,78.9,58.2,0.31,79.0,67.6,102.0,1.08,8.8,-2.9,1.27,1.6,上涨:近10日+9% | 回调至MA60(19.64) | MACD红柱(已启动) | RSI14=58(正常区) | 量能健康(1.1xMA20)
603876,鼎胜新材,2026-04-13,7.0,布林撑,24.4,23.37,22.87,21.8,19.24,81.8,77.0,0.1679,81.4,71.5,101.4,0.88,11.5,16.9,1.42,4.4,强势:近20日+17% | 布林下轨(18.85)获撑 | MACD红柱(已启动) | 量能健康(0.9xMA20)
603936,博敏电子,2026-04-13,7.0,布林撑,14.19,13.65,13.28,13.55,13.1,90.4,66.4,0.0604,74.9,57.5,109.7,0.91,6.5,-8.0,0.7,3.9,上涨:近10日+6% | 布林下轨(11.97)获撑 | MACD红柱(已启动) | 量能健康(0.9xMA20) | 量开始放大
603966,法兰泰克,2026-04-13,7.0,布林撑,13.88,13.76,13.22,12.51,12.8,83.0,84.8,0.2173,83.7,81.6,87.8,1.25,14.9,14.5,0.55,0.9,强势:近20日+15% | 布林下轨(10.68)获撑 | MACD红柱(已启动) | 量能健康(1.2xMA20)
603995,甬金股份,2026-04-13,7.0,深回调,18.19,17.62,17.56,17.55,18.66,63.3,72.1,0.1018,64.1,62.8,66.5,3.18,4.1,-3.9,0.48,3.2,小幅涨:近10日+4% | 回调至MA60(18.66) | MACD红柱(已启动) | KDJ金叉(K=64) | 量开始放大
605016,百龙创园,2026-04-13,7.0,布林撑,27.78,26.9,25.91,24.91,24.27,75.8,82.7,0.4028,78.8,78.2,79.9,2.27,12.7,14.4,1.12,3.3,强势:近20日+14% | 布林下轨(21.85)获撑 | MACD红柱(已启动) | 量开始放大
605056,咸亨国际,2026-04-13,7.0,布林撑,27.46,27.7,26.14,24.76,22.7,69.6,75.4,0.4201,74.8,78.9,66.4,1.53,16.9,13.5,1.51,-0.9,强势:近20日+13% | 布林下轨(20.61)获撑 | MACD红柱(已启动) | 量能健康(1.5xMA20)
605178,时空科技,2026-04-13,7.0,布林撑,76.68,74.65,70.28,69.14,67.1,80.6,71.6,1.1446,80.4,71.8,97.7,1.34,12.6,13.1,3.43,2.7,强势:近20日+13% | 布林下轨(60.79)获撑 | MACD红柱(已启动) | 量能健康(1.3xMA20)
605222,起帆电缆,2026-04-13,7.0,布林撑,24.06,23.52,23.17,22.09,21.51,64.2,74.2,0.2672,80.5,75.9,89.7,1.17,18.3,4.3,1.33,2.3,上涨:近10日+18% | 布林下轨(19.09)获撑 | MACD红柱(已启动) | 量能健康(1.2xMA20) | 量开始放大
605162,新中港,2026-04-13,7.0,布林撑,13.8,14.33,13.34,11.9,10.32,47.8,66.0,0.2339,75.6,78.2,70.3,0.99,23.2,42.3,1.34,-3.7,强势:近20日+42% | 布林下轨(8.25)获撑 | MACD红柱(已启动) | 量能健康(1.0xMA20)
605167,利柏特,2026-04-13,7.0,深回调,17.85,17.0,16.86,16.9,17.37,62.9,62.2,0.1213,71.0,52.9,107.2,0.67,8.4,2.8,0.77,5.0,上涨:近10日+8% | 回调至MA60(17.37) | MACD红柱(已启动) | RSI14=62(正常区) | 量能健康(0.7xMA20)
605366,宏柏新材,2026-04-13,7.0,布林撑,12.23,11.84,11.45,11.06,9.05,79.1,73.4,0.0446,78.2,72.0,90.6,0.63,5.8,24.7,0.8,3.3,强势:近20日+25% | 布林下轨(9.58)获撑 | MACD红柱(已启动) | 量能健康(0.6xMA20)
688001,华兴源创,2026-04-13,7.0,布林撑,40.9,39.78,35.91,33.43,33.04,83.1,83.6,1.1651,86.2,82.3,94.0,1.39,35.0,23.4,2.39,2.8,强势:近20日+23% | 布林下轨(25.22)获撑 | MACD红柱(已启动) | 量能健康(1.4xMA20)
688017,绿的谐波,2026-04-13,7.0,深回调,202.98,199.07,195.66,192.03,208.4,63.3,64.8,2.4703,72.8,64.1,90.1,0.84,8.2,2.5,9.28,2.0,上涨:近10日+8% | 回调至MA60(208.40) | MACD红柱(已启动) | RSI14=65(正常区) | 量能健康(0.8xMA20)
688025,杰普特,2026-04-13,7.0,布林撑,268.58,264.22,248.71,230.57,205.74,78.4,71.8,4.8325,86.9,82.0,96.9,0.66,19.8,19.4,19.46,1.6,强势:近20日+19% | 布林下轨(182.23)获撑 | MACD红柱(已启动) | 量能健康(0.7xMA20)
688046,药康生物,2026-04-13,7.0,布林撑,18.26,17.72,16.5,15.46,16.58,77.1,82.3,0.4967,76.4,74.6,80.0,1.47,24.8,20.8,1.11,3.0,强势:近20日+21% | 布林下轨(12.32)获撑 | MACD红柱(已启动) | 量能健康(1.5xMA20)
688010,福光股份,2026-04-13,7.0,布林撑,34.08,33.03,31.15,29.95,31.1,83.6,75.2,0.7288,85.1,79.9,95.4,1.3,20.1,15.5,1.61,3.2,强势:近20日+15% | 布林下轨(25.52)获撑 | MACD红柱(已启动) | 量能健康(1.3xMA20)
688072,拓荆科技,2026-04-13,7.0,布林撑,395.5,382.86,375.44,364.15,358.79,82.2,67.7,3.5552,72.2,62.1,92.4,0.96,4.9,16.7,21.5,3.3,强势:近20日+17% | 布林下轨(325.20)获撑 | MACD红柱(已启动) | 量能健康(1.0xMA20)
688090,瑞松科技,2026-04-13,7.0,布林撑,66.0,62.83,59.16,54.94,52.68,74.1,82.8,1.3853,91.2,82.8,108.0,1.16,33.6,20.3,3.81,5.0,强势:近20日+20% | 布林下轨(42.82)获撑 | MACD红柱(已启动) | 量能健康(1.2xMA20)
688127,蓝特光学,2026-04-13,7.0,布林撑,67.16,66.11,62.34,60.19,52.79,90.6,74.8,0.6495,77.2,70.2,91.2,0.71,15.9,14.7,3.58,1.6,强势:近20日+15% | 布林下轨(52.20)获撑 | MACD红柱(已启动) | 量能健康(0.7xMA20)
688156,路德科技,2026-04-13,7.0,布林撑,24.8,23.58,23.18,21.91,20.59,81.1,71.5,0.2632,77.0,69.5,92.1,1.39,22.8,10.0,1.71,5.2,上涨:近10日+23% | 布林下轨(18.61)获撑 | MACD红柱(已启动) | 量能健康(1.4xMA20) | 量开始放大
688167,炬光科技,2026-04-13,7.0,布林撑,400.6,387.99,374.42,343.87,301.21,67.7,77.8,4.8861,74.7,72.7,78.6,0.81,15.6,21.6,30.52,3.3,强势:近20日+22% | 布林下轨(267.47)获撑 | MACD红柱(已启动) | 量能健康(0.8xMA20)
688180,君实生物,2026-04-13,7.0,布林撑,41.57,39.27,38.14,35.39,35.05,76.3,86.1,0.6658,84.4,85.1,83.1,2.02,23.4,34.1,1.92,5.9,强势:近20日+34% | 布林下轨(28.93)获撑 | MACD红柱(已启动) | 量开始放大
688192,迪哲医药,2026-04-13,7.0,深回调,57.16,56.31,56.65,53.8,55.31,41.3,67.1,0.3578,55.6,62.9,40.8,0.81,2.1,18.5,3.5,1.5,强势:近20日+19% | 回调至MA60(55.31) | MACD红柱(已启动) | 量能健康(0.8xMA20) | 量开始放大
688205,德科立,2026-04-13,7.0,布林撑,233.5,239.02,224.09,202.56,176.34,66.7,68.8,3.6931,75.5,80.1,66.3,0.79,13.6,28.0,19.3,-2.3,强势:近20日+28% | 布林下轨(145.91)获撑 | MACD红柱(已启动) | 量能健康(0.8xMA20)
688215,瑞晟智能,2026-04-13,7.0,深回调,73.15,74.87,73.44,69.27,71.04,50.8,73.0,0.8622,63.7,77.4,36.1,1.37,5.1,13.9,3.23,-2.3,强势:近20日+14% | 回调至MA60(71.04) | MACD红柱(已启动) | 量能健康(1.4xMA20) | 量开始放大
688234,天岳先进,2026-04-13,7.0,深回调,93.32,92.53,88.68,83.7,90.02,72.1,80.9,1.9746,69.9,70.4,68.8,1.54,19.3,12.6,5.69,0.8,强势:近20日+13% | 回调至MA60(90.02) | MACD红柱(已启动) | 量能健康(1.5xMA20) | 量开始放大
688262,国芯科技,2026-04-13,7.0,深回调,34.83,33.81,33.08,33.77,36.11,88.9,61.5,0.2914,70.9,54.3,104.1,1.02,4.3,-3.6,1.53,3.0,小幅涨:近10日+4% | 回调至MA60(36.11) | MACD红柱(已启动) | RSI14=62(正常区) | 量能健康(1.0xMA20) | 量开始放大
688272,富吉瑞,2026-04-13,7.0,布林撑,49.75,51.78,48.23,42.86,35.52,67.4,74.3,0.876,73.9,80.4,60.8,0.97,20.8,41.9,4.3,-3.9,强势:近20日+42% | 布林下轨(29.86)获撑 | MACD红柱(已启动) | 量能健康(1.0xMA20)
688282,理工导航,2026-04-13,7.0,布林撑,79.14,76.13,72.01,69.99,74.59,91.1,79.6,1.473,85.7,77.9,101.3,1.61,25.4,3.7,4.16,4.0,上涨:近10日+25% | 布林下轨(58.68)获撑 | MACD红柱(已启动) | 量能健康(1.6xMA20) | 量开始放大
688307,中润光学,2026-04-13,7.0,布林撑,85.34,87.46,82.07,73.29,57.67,68.6,72.4,0.9421,63.0,70.1,48.8,0.65,13.6,54.3,7.87,-2.4,强势:近20日+54% | 布林下轨(50.03)获撑 | MACD红柱(已启动) | 量能健康(0.7xMA20)
688317,之江生物,2026-04-13,7.0,深回调,20.56,21.42,20.63,19.93,20.81,46.5,62.6,0.2451,56.8,63.6,43.2,1.11,6.7,3.4,1.01,-4.0,上涨:近10日+7% | 回调至MA60(20.81) | MACD红柱(已启动) | RSI14=63(正常区) | 量能健康(1.1xMA20)
688336,三生国健,2026-04-13,7.0,布林撑,85.47,85.0,84.44,75.79,64.72,34.2,69.1,0.5082,56.3,64.0,40.8,1.02,19.5,50.3,7.4,0.6,强势:近20日+50% | 布林下轨(55.84)获撑 | MACD红柱(已启动) | 量能健康(1.0xMA20)
688343,云天励飞,2026-04-13,7.0,深回调,86.24,83.0,79.61,80.93,86.49,82.0,64.0,1.1041,75.0,56.8,111.4,1.02,11.5,-1.8,4.54,3.9,上涨:近10日+12% | 回调至MA60(86.49) | MACD红柱(已启动) | RSI14=64(正常区) | 量能健康(1.0xMA20)
688383,新益昌,2026-04-13,7.0,布林撑,95.96,93.52,87.12,76.9,75.81,83.3,91.4,2.8143,90.6,88.1,95.6,0.94,42.2,30.9,5.48,2.6,强势:近20日+31% | 布林下轨(52.60)获撑 | MACD红柱(已启动) | 量能健康(0.9xMA20)
688388,嘉元科技,2026-04-13,7.0,布林撑,46.29,45.23,43.67,41.74,43.43,83.5,77.0,0.7027,86.3,78.8,101.1,1.3,11.2,4.0,2.73,2.4,上涨:近10日+11% | 布林下轨(36.05)获撑 | MACD红柱(已启动) | 量能健康(1.3xMA20) | 量开始放大
688362,甬矽电子,2026-04-13,7.0,深回调,45.3,43.03,40.62,39.01,43.01,89.1,78.2,1.0505,80.5,75.4,90.6,1.42,20.8,15.8,2.53,5.3,强势:近20日+16% | 回调至MA60(43.01) | MACD红柱(已启动) | 量能健康(1.4xMA20) | 量开始放大
688428,诺诚健华,2026-04-13,7.0,布林撑,28.9,29.47,28.96,26.53,23.68,33.7,77.6,0.2101,73.6,81.8,57.3,0.8,14.2,24.2,1.6,-1.9,强势:近20日+24% | 布林下轨(21.22)获撑 | MACD红柱(已启动) | 量能健康(0.8xMA20)
688455,科捷智能,2026-04-13,7.0,布林撑,28.42,28.31,27.42,24.66,23.93,60.7,81.8,0.5429,83.9,83.1,85.4,1.02,17.7,23.7,1.87,0.4,强势:近20日+24% | 布林下轨(18.35)获撑 | MACD红柱(已启动) | 量能健康(1.0xMA20)
688488,艾迪药业,2026-04-13,7.0,布林撑,18.48,18.41,17.68,16.7,17.34,71.8,78.1,0.3068,75.1,72.6,80.0,0.94,15.4,15.3,1.13,0.4,强势:近20日+15% | 布林下轨(13.84)获撑 | MACD红柱(已启动) | 量能健康(0.9xMA20)
688535,华海诚科,2026-04-13,7.0,深回调,119.21,116.82,111.12,115.43,122.27,87.9,55.4,1.4072,70.7,54.7,102.5,0.67,9.4,-5.6,6.7,2.0,上涨:近10日+9% | 回调至MA60(122.27) | MACD红柱(已启动) | RSI14=55(正常区) | 量能健康(0.7xMA20)
688545,兴福电子,2026-04-13,7.0,深回调,49.52,48.17,47.05,47.42,50.03,85.2,64.7,0.4808,73.3,59.6,100.5,1.14,4.4,-1.7,2.24,2.8,小幅涨:近10日+4% | 回调至MA60(50.03) | MACD红柱(已启动) | RSI14=65(正常区) | 量能健康(1.1xMA20) | 量开始放大
688593,新相微,2026-04-13,7.0,布林撑,32.45,31.23,30.34,30.81,29.12,94.5,67.6,0.1764,72.5,55.2,106.9,1.17,8.5,-4.7,1.6,3.9,上涨:近10日+8% | 布林下轨(26.96)获撑 | MACD红柱(已启动) | 量能健康(1.2xMA20) | 量开始放大
688596,正帆科技,2026-04-13,7.0,深回调,30.21,29.87,28.99,29.24,31.99,90.3,63.4,0.3381,73.8,59.6,102.1,1.17,4.4,-1.8,0.93,1.1,小幅涨:近10日+4% | 回调至MA60(31.99) | MACD红柱(已启动) | RSI14=63(正常区) | 量能健康(1.2xMA20) | 量开始放大
688607,康众医疗,2026-04-13,7.0,布林撑,64.9,63.42,62.63,58.27,56.64,59.7,78.4,0.7085,80.4,80.9,79.3,0.91,13.0,19.1,3.64,2.3,强势:近20日+19% | 布林下轨(48.41)获撑 | MACD红柱(已启动) | 量能健康(0.9xMA20)
688620,安凯微,2026-04-13,7.0,深回调,11.11,10.76,10.56,10.73,11.59,77.1,64.7,0.0994,71.5,55.5,103.5,1.04,4.4,-2.2,0.39,3.2,小幅涨:近10日+4% | 回调至MA60(11.59) | MACD红柱(已启动) | RSI14=65(正常区) | 量能健康(1.0xMA20) | 量开始放大
688630,芯碁微装,2026-04-13,7.0,布林撑,241.0,234.68,214.21,195.6,182.97,90.2,79.8,6.4444,84.9,82.9,88.7,1.09,30.1,34.4,14.69,2.7,强势:近20日+34% | 布林下轨(143.09)获撑 | MACD红柱(已启动) | 量能健康(1.1xMA20)
688668,鼎通科技,2026-04-13,7.0,布林撑,161.05,160.96,150.85,144.64,143.65,71.4,68.4,3.2295,81.6,75.1,94.6,0.81,24.1,20.1,9.81,0.1,强势:近20日+20% | 布林下轨(119.59)获撑 | MACD红柱(已启动) | 量能健康(0.8xMA20)
688700,东威科技,2026-04-13,7.0,布林撑,58.93,58.17,54.66,53.55,45.26,96.8,72.8,0.4411,76.7,70.5,89.2,0.94,13.2,22.2,3.35,1.3,强势:近20日+22% | 布林下轨(47.27)获撑 | MACD红柱(已启动) | 量能健康(0.9xMA20)
688710,益诺思,2026-04-13,7.0,布林撑,68.75,68.06,68.42,62.54,60.42,66.2,74.9,0.615,64.0,67.9,56.2,0.57,4.2,19.4,4.93,1.0,强势:近20日+19% | 布林下轨(48.82)获撑 | MACD红柱(已启动) | 量能健康(0.6xMA20)
688676,金盘科技,2026-04-13,7.0,深回调,83.26,80.84,77.65,79.55,91.26,78.9,57.6,1.3667,70.5,51.6,108.4,1.21,7.3,-11.4,3.77,3.0,上涨:近10日+7% | 回调至MA60(91.26) | MACD红柱(已启动) | RSI14=58(正常区) | 量能健康(1.2xMA20)
688819,天能股份,2026-04-13,7.0,深回调,34.5,33.12,32.58,32.67,33.44,84.6,59.3,0.2461,72.2,53.6,109.4,1.21,3.2,-0.5,1.29,4.2,小幅涨:近10日+3% | 回调至MA60(33.44) | MACD红柱(已启动) | RSI14=59(正常区) | 量能健康(1.2xMA20) | 量开始放大
000338,潍柴动力,2026-04-13,6.5,布林撑,26.88,25.83,25.36,24.67,24.62,66.2,71.8,0.2922,87.6,81.2,100.2,0.8,14.4,8.0,1.41,4.1,上涨:近10日+14% | 布林下轨(22.37)获撑 | MACD红柱(已启动) | 量能健康(0.8xMA20)
000550,江铃汽车,2026-04-13,6.5,深回调,19.06,18.53,18.46,17.97,18.06,52.9,79.3,0.1327,77.1,71.5,88.2,1.19,9.2,6.5,0.57,2.8,上涨:近10日+9% | 回调至MA60(18.06) | MACD红柱(已启动) | 量能健康(1.2xMA20) | 量开始放大
000551,创元科技,2026-04-13,6.5,深回调,14.2,13.76,13.46,13.44,14.48,79.3,71.1,0.1597,77.0,62.4,106.4,1.59,7.2,0.4,0.48,3.2,上涨:近10日+7% | 回调至MA60(14.48) | MACD红柱(已启动) | 量能健康(1.6xMA20) | 量开始放大
000630,铜陵有色,2026-04-13,6.5,深回调,6.23,6.09,5.97,6.02,6.79,76.3,68.0,0.0718,78.8,65.0,106.5,0.89,6.3,-10.4,0.2,2.4,上涨:近10日+6% | 回调至MA60(6.79) | MACD红柱(已启动) | 量能健康(0.9xMA20) | 量开始放大
000628,高新发展,2026-04-13,6.5,布林撑,55.92,54.42,52.55,51.81,51.99,84.3,70.1,0.6793,79.7,69.3,100.3,1.31,14.1,4.2,2.38,2.8,上涨:近10日+14% | 布林下轨(46.60)获撑 | MACD红柱(已启动) | 量能健康(1.3xMA20)
000659,珠海中富,2026-04-13,6.5,深回调,4.3,4.16,4.36,4.09,4.35,39.4,64.0,0.0184,47.0,52.9,35.3,1.26,3.1,7.5,0.33,3.5,小幅涨:近10日+3% | 回调至MA60(4.35) | MACD红柱(已启动) | RSI14=64(正常区) | 量能健康(1.3xMA20)
000688,国城矿业,2026-04-13,6.5,布林撑,45.13,41.2,40.6,37.91,33.15,86.9,79.0,0.3161,71.9,64.7,86.2,0.84,6.3,24.0,3.1,9.5,"强势:近20日+24% | 布林下轨(29.73)获撑 | MACD红柱(已启动) | RSI6金叉RSI14 | 量能健康(0.8xMA20) | 量开始放大 | 偏离MA5过大,追高风险 | 突破MA5较多,追涨风险"
000729,燕京啤酒,2026-04-13,6.5,布林撑,13.96,14.09,13.65,13.2,12.74,77.5,75.7,0.1139,74.2,73.8,75.0,1.4,7.2,6.7,0.52,-1.0,上涨:近10日+7% | 布林下轨(11.96)获撑 | MACD红柱(已启动) | 量能健康(1.4xMA20)
000800,一汽解放,2026-04-13,6.5,深回调,7.17,6.85,6.75,6.66,6.81,79.0,86.9,0.0693,88.1,79.4,105.4,1.81,9.5,3.8,0.18,4.6,上涨:近10日+9% | 回调至MA60(6.81) | MACD红柱(已启动) | 量能健康(1.8xMA20) | 量开始放大
000807,云铝股份,2026-04-13,6.5,布林撑,34.36,34.45,33.12,31.29,32.37,65.5,78.7,0.5809,81.7,81.7,81.6,0.73,19.6,-1.1,1.42,-0.3,上涨:近10日+20% | 布林下轨(26.07)获撑 | MACD红柱(已启动) | 量能健康(0.7xMA20)
000830,鲁西化工,2026-04-13,6.5,深回调,16.8,16.82,16.4,16.27,17.85,68.9,62.0,0.1698,78.1,67.3,99.7,0.78,3.8,-14.9,0.84,-0.1,小幅涨:近10日+4% | 回调至MA60(17.85) | MACD红柱(已启动) | RSI14=62(正常区) | 量能健康(0.8xMA20)
000949,新乡化纤,2026-04-13,6.5,布林撑,7.74,7.44,6.99,6.96,7.0,95.9,72.6,0.1242,82.9,66.9,114.8,0.87,15.7,3.1,0.36,4.0,上涨:近10日+16% | 布林下轨(6.07)获撑 | MACD红柱(已启动) | 量能健康(0.9xMA20)
001313,粤海饲料,2026-04-13,6.5,深回调,8.02,7.83,7.83,7.48,7.59,55.4,85.1,0.0696,62.7,65.9,56.1,1.22,6.1,5.5,0.33,2.5,上涨:近10日+6% | 回调至MA60(7.59) | MACD红柱(已启动) | 量能健康(1.2xMA20) | 量开始放大
001368,通达创智,2026-04-13,6.5,深回调,26.21,25.08,24.78,25.06,26.99,71.8,66.4,0.2232,75.3,56.9,112.1,1.79,8.0,0.0,0.92,4.5,上涨:近10日+8% | 回调至MA60(26.99) | MACD红柱(已启动) | 量能健康(1.8xMA20) | 量开始放大
002008,大族激光,2026-04-13,6.5,布林撑,75.78,72.77,67.86,65.64,59.24,95.1,75.4,1.2059,84.5,75.0,103.6,0.99,20.6,10.3,3.62,4.1,上涨:近10日+21% | 布林下轨(55.42)获撑 | MACD红柱(已启动) | 量能健康(1.0xMA20)
002196,方正电机,2026-04-13,6.5,深回调,14.68,14.15,13.93,13.82,15.52,69.7,70.2,0.19,77.0,67.6,95.9,1.9,7.1,2.2,0.45,3.7,上涨:近10日+7% | 回调至MA60(15.52) | MACD红柱(已启动) | 量能健康(1.9xMA20) | 量开始放大
002203,海亮股份,2026-04-13,6.5,布林撑,15.25,15.03,14.79,14.16,14.33,67.5,73.5,0.1316,75.6,76.2,74.3,1.4,2.9,6.7,0.81,1.5,小幅涨:近10日+3% | 布林下轨(12.45)获撑 | MACD红柱(已启动) | 量能健康(1.4xMA20) | 量开始放大
002272,川润股份,2026-04-13,6.5,布林撑,19.03,18.97,18.29,17.87,17.44,91.7,66.5,0.1756,71.9,69.0,77.6,1.11,7.8,1.8,1.2,0.3,上涨:近10日+8% | 布林下轨(15.89)获撑 | MACD红柱(已启动) | 量能健康(1.1xMA20)
002348,高乐股份,2026-04-13,6.5,布林撑,9.24,8.86,8.15,7.96,7.25,83.0,78.1,0.1577,80.4,72.0,97.2,1.22,24.5,6.1,0.41,4.3,上涨:近10日+25% | 布林下轨(6.51)获撑 | MACD红柱(已启动) | 量能健康(1.2xMA20)
002371,北方华创,2026-04-13,6.5,深回调,472.5,462.06,454.11,454.51,473.06,74.3,58.2,3.8756,72.0,57.7,100.8,0.91,4.3,3.2,19.56,2.3,小幅涨:近10日+4% | 回调至MA60(473.06) | MACD红柱(已启动) | RSI14=58(正常区) | 量能健康(0.9xMA20)
002415,海康威视,2026-04-13,6.5,深回调,32.65,31.24,30.85,30.92,31.43,88.9,76.4,0.2048,82.5,68.9,109.8,1.84,7.6,2.2,0.73,4.5,上涨:近10日+8% | 回调至MA60(31.43) | MACD红柱(已启动) | 量能健康(1.8xMA20) | 量开始放大
002409,雅克科技,2026-04-13,6.5,深回调,85.56,83.52,81.74,82.9,89.06,100.0,61.6,0.7572,70.9,53.4,105.8,0.69,2.8,-4.0,3.85,2.4,小幅涨:近10日+3% | 回调至MA60(89.06) | MACD红柱(已启动) | RSI14=62(正常区) | 量能健康(0.7xMA20)
002437,誉衡药业,2026-04-13,6.5,布林撑,3.63,3.66,3.64,3.44,3.4,17.2,77.0,0.0267,58.3,68.2,38.5,0.82,7.7,7.4,0.2,-0.9,上涨:近10日+8% | 布林下轨(2.96)获撑 | MACD红柱(已启动) | 量能健康(0.8xMA20)
002534,西子洁能,2026-04-13,6.5,深回调,18.42,17.48,16.84,16.94,18.09,79.5,67.8,0.2423,76.0,59.0,110.0,1.67,11.2,-2.6,0.73,5.4,上涨:近10日+11% | 回调至MA60(18.09) | MACD红柱(已启动) | 量能健康(1.7xMA20) | 量开始放大
002635,安洁科技,2026-04-13,6.5,布林撑,15.53,14.96,14.29,14.24,14.36,84.8,72.2,0.2152,76.2,65.3,98.1,1.33,10.1,2.4,0.8,3.8,上涨:近10日+10% | 布林下轨(12.60)获撑 | MACD红柱(已启动) | 量能健康(1.3xMA20)
002643,万润股份,2026-04-13,6.5,深回调,16.71,16.28,16.0,15.85,16.59,83.3,77.5,0.1406,81.3,76.0,91.7,1.41,6.2,0.5,0.44,2.6,上涨:近10日+6% | 回调至MA60(16.59) | MACD红柱(已启动) | 量能健康(1.4xMA20) | 量开始放大
002624,完美世界,2026-04-13,6.5,深回调,19.51,19.88,19.3,18.79,19.25,48.1,71.5,0.1949,74.3,73.8,75.3,1.84,7.1,1.4,0.89,-1.9,上涨:近10日+7% | 回调至MA60(19.25) | MACD红柱(已启动) | 量能健康(1.8xMA20) | 量开始放大
002662,峰璟股份,2026-04-13,6.5,深回调,4.14,4.07,4.0,3.9,4.05,69.0,79.2,0.0429,76.5,72.9,83.6,1.09,8.9,2.7,0.12,1.8,上涨:近10日+9% | 回调至MA60(4.05) | MACD红柱(已启动) | 量能健康(1.1xMA20) | 量开始放大
002674,兴业科技,2026-04-13,6.5,深回调,13.39,13.03,12.81,12.81,13.87,78.4,72.8,0.1315,82.1,71.0,104.3,1.25,7.0,-4.2,0.43,2.7,上涨:近10日+7% | 回调至MA60(13.87) | MACD红柱(已启动) | 量能健康(1.3xMA20) | 量开始放大
002692,远程股份,2026-04-13,6.5,布林撑,6.31,6.17,6.04,5.86,5.71,65.5,76.1,0.0574,70.1,69.3,71.6,0.92,6.8,1.3,0.33,2.3,上涨:近10日+7% | 布林下轨(5.17)获撑 | MACD红柱(已启动) | 量能健康(0.9xMA20)
002730,电光科技,2026-04-13,6.5,轻回调,25.99,27.38,27.46,25.05,19.45,13.8,59.7,-0.1684,50.0,64.0,22.1,0.73,6.4,35.4,2.49,-5.1,强势:近20日+35% | 回调至MA10下:-5.3% | RSI14=60(正常区) | 量能健康(0.7xMA20)
002738,中矿资源,2026-04-13,6.5,深回调,82.92,78.19,75.92,72.45,80.87,86.3,84.6,1.6371,88.5,84.7,96.0,1.48,13.6,7.9,4.43,6.0,"上涨:近10日+14% | 回调至MA60(80.87) | MACD红柱(已启动) | RSI6金叉RSI14 | 量能健康(1.5xMA20) | 量开始放大 | 偏离MA5过大,追高风险"
002823,凯中精密,2026-04-13,6.5,深回调,15.76,15.26,14.96,15.1,15.95,81.7,69.9,0.137,78.3,60.8,113.3,1.14,6.1,-3.4,0.42,3.3,上涨:近10日+6% | 回调至MA60(15.95) | MACD红柱(已启动) | 量能健康(1.1xMA20) | 量开始放大
002825,纳尔股份,2026-04-13,6.5,深回调,11.28,10.87,10.57,10.47,10.82,82.4,79.6,0.1254,80.0,65.3,109.5,1.76,10.5,3.0,0.41,3.8,上涨:近10日+10% | 回调至MA60(10.82) | MACD红柱(已启动) | 量能健康(1.8xMA20) | 量开始放大
002831,裕同科技,2026-04-13,6.5,布林撑,37.34,37.07,35.02,34.75,31.44,88.8,68.9,0.3798,72.8,67.0,84.3,0.55,16.0,8.0,2.05,0.7,上涨:近10日+16% | 布林下轨(30.08)获撑 | MACD红柱(已启动) | 量能健康(0.6xMA20)
002838,道恩股份,2026-04-13,6.5,深回调,27.57,26.56,25.79,25.47,27.14,94.6,87.3,0.4017,81.8,70.5,104.5,1.62,11.4,6.0,0.93,3.8,上涨:近10日+11% | 回调至MA60(27.14) | MACD红柱(已启动) | 量能健康(1.6xMA20) | 量开始放大
002849,威星智能,2026-04-13,6.5,深回调,17.66,17.47,17.05,16.68,18.07,72.1,74.2,0.238,74.5,75.9,71.9,1.4,7.3,-2.8,0.8,1.1,上涨:近10日+7% | 回调至MA60(18.07) | MACD红柱(已启动) | 量能健康(1.4xMA20) | 量开始放大
002956,西麦食品,2026-04-13,6.5,深回调,28.47,28.56,27.74,26.87,27.29,69.4,76.6,0.3198,78.4,78.0,79.2,1.16,10.4,12.8,1.05,-0.3,强势:近20日+13% | 回调至MA60(27.29) | MACD红柱(已启动) | 量能健康(1.2xMA20)
002976,瑞玛精密,2026-04-13,6.5,深回调,28.32,27.79,26.94,26.45,27.73,83.9,80.0,0.3469,84.0,77.0,97.8,1.57,10.1,4.6,0.88,1.9,上涨:近10日+10% | 回调至MA60(27.73) | MACD红柱(已启动) | 量能健康(1.6xMA20) | 量开始放大
002993,奥海科技,2026-04-13,6.5,布林撑,52.46,49.55,47.64,48.06,48.14,84.0,67.5,0.5807,75.7,57.9,111.4,0.92,10.3,10.0,2.33,5.9,上涨:近10日+10% | 布林下轨(43.26)获撑 | MACD红柱(已启动) | 量能健康(0.9xMA20)
003022,联泓新科,2026-04-13,6.5,布林撑,22.06,21.58,20.7,20.2,20.61,93.9,76.2,0.2962,85.7,75.9,105.4,1.01,11.5,4.0,0.82,2.2,上涨:近10日+11% | 布林下轨(18.31)获撑 | MACD红柱(已启动) | 量能健康(1.0xMA20)
003027,同兴科技,2026-04-13,6.5,深回调,22.91,21.71,21.31,21.26,22.17,76.3,73.6,0.2155,80.5,67.9,105.7,1.15,8.6,-6.6,0.85,5.5,上涨:近10日+9% | 回调至MA60(22.17) | MACD红柱(已启动) | 量能健康(1.2xMA20) | 量开始放大
003038,鑫铂股份,2026-04-13,6.5,深回调,15.9,15.03,14.68,14.75,16.37,86.0,74.4,0.2378,77.3,61.7,108.4,1.49,10.3,-2.5,0.55,5.8,上涨:近10日+10% | 回调至MA60(16.37) | MACD红柱(已启动) | 量能健康(1.5xMA20) | 量开始放大
300065,海兰信,2026-04-13,6.5,深回调,25.3,24.05,23.53,23.63,25.25,79.9,71.3,0.2937,70.4,54.6,102.1,1.39,12.1,-3.7,1.18,5.2,上涨:近10日+12% | 回调至MA60(25.25) | MACD红柱(已启动) | 量能健康(1.4xMA20) | 量开始放大
300109,新开源,2026-04-13,6.5,深回调,18.92,18.3,17.73,17.63,18.46,81.8,75.2,0.2194,84.1,73.3,105.8,1.92,10.0,3.4,0.65,3.4,上涨:近10日+10% | 回调至MA60(18.46) | MACD红柱(已启动) | 量能健康(1.9xMA20) | 量开始放大
300184,力源信息,2026-04-13,6.5,深回调,11.56,11.32,11.05,11.1,10.92,77.6,60.8,0.0606,71.5,58.7,96.9,0.74,5.1,8.3,0.58,2.1,小幅涨:近10日+5% | 回调至MA60(10.92) | MACD红柱(已启动) | RSI14=61(正常区) | 量能健康(0.7xMA20)
300179,四方达,2026-04-13,6.5,布林撑,24.31,23.83,22.4,22.07,21.46,97.7,76.2,0.3382,77.7,67.8,97.4,1.08,14.8,-2.0,1.43,2.0,上涨:近10日+15% | 布林下轨(19.04)获撑 | MACD红柱(已启动) | 量能健康(1.1xMA20)
300206,理邦仪器,2026-04-13,6.5,深回调,14.79,14.32,13.9,14.07,14.49,75.5,63.1,0.1244,75.0,58.7,107.7,0.7,3.4,0.3,0.7,3.3,小幅涨:近10日+3% | 回调至MA60(14.49) | MACD红柱(已启动) | RSI14=63(正常区) | 量能健康(0.7xMA20)
300236,上海新阳,2026-04-13,6.5,布林撑,83.63,80.78,77.63,77.29,78.79,100.0,67.6,1.061,78.1,68.9,96.5,0.97,9.3,0.2,4.18,3.5,上涨:近10日+9% | 布林下轨(68.01)获撑 | MACD红柱(已启动) | 量能健康(1.0xMA20)
300258,精锻科技,2026-04-13,6.5,深回调,12.89,12.28,12.07,12.37,13.75,75.5,67.9,0.1262,70.0,52.9,104.3,1.81,7.1,-9.4,0.42,5.0,上涨:近10日+7% | 回调至MA60(13.75) | MACD红柱(已启动) | 量能健康(1.8xMA20) | 量开始放大
300394,天孚通信,2026-04-13,6.5,布林撑,351.0,342.23,331.96,319.6,285.91,68.3,65.5,2.7533,78.3,72.6,89.6,1.01,10.5,8.0,22.47,2.6,上涨:近10日+11% | 布林下轨(280.31)获撑 | MACD红柱(已启动) | 量能健康(1.0xMA20)
300398,飞凯材料,2026-04-13,6.5,深回调,27.73,27.13,26.49,26.22,27.21,77.8,73.4,0.2654,82.3,76.5,94.0,1.52,8.0,-0.9,1.1,2.2,上涨:近10日+8% | 回调至MA60(27.21) | MACD红柱(已启动) | 量能健康(1.5xMA20) | 量开始放大
300409,道氏技术,2026-04-13,6.5,深回调,26.92,25.85,25.29,25.66,28.47,82.4,67.8,0.3051,77.2,59.8,112.0,0.89,8.2,-11.0,0.93,4.1,上涨:近10日+8% | 回调至MA60(28.47) | MACD红柱(已启动) | 量能健康(0.9xMA20) | 量开始放大
300450,先导智能,2026-04-13,6.5,深回调,53.21,50.85,49.34,49.08,53.77,83.6,69.8,0.7666,79.9,65.6,108.6,1.31,7.3,2.5,2.11,4.6,上涨:近10日+7% | 回调至MA60(53.77) | MACD红柱(已启动) | 量能健康(1.3xMA20) | 量开始放大
300457,赢合科技,2026-04-13,6.5,深回调,27.96,27.28,26.79,25.67,27.08,75.9,76.8,0.3894,82.5,76.6,94.3,1.15,10.6,11.7,1.01,2.5,上涨:近10日+11% | 回调至MA60(27.08) | MACD红柱(已启动) | 量能健康(1.2xMA20) | 量开始放大
300478,杭州高新,2026-04-13,6.5,深回调,25.75,24.63,24.03,23.71,25.4,84.6,73.8,0.3741,82.0,71.2,103.6,1.2,11.0,0.7,1.06,4.5,上涨:近10日+11% | 回调至MA60(25.40) | MACD红柱(已启动) | 量能健康(1.2xMA20) | 量开始放大
300470,中密控股,2026-04-13,6.5,深回调,38.68,37.9,36.83,36.7,37.89,78.9,76.1,0.3861,80.5,69.9,101.7,0.97,7.4,0.9,1.11,2.1,上涨:近10日+7% | 回调至MA60(37.89) | MACD红柱(已启动) | 量能健康(1.0xMA20) | 量开始放大
300480,光力科技,2026-04-13,6.5,布林撑,32.57,31.28,29.54,29.21,26.41,85.6,70.6,0.3844,72.4,63.9,89.4,1.02,14.7,6.5,1.98,4.1,上涨:近10日+15% | 布林下轨(25.17)获撑 | MACD红柱(已启动) | 量能健康(1.0xMA20)
300475,香农芯创,2026-04-13,6.5,深回调,152.0,144.49,136.07,144.48,150.87,88.1,56.5,1.7369,73.7,50.8,119.4,1.17,5.6,-1.0,9.45,5.2,小幅涨:近10日+6% | 回调至MA60(150.87) | MACD红柱(已启动) | RSI14=56(正常区) | 量能健康(1.2xMA20)
300499,高澜股份,2026-04-13,6.5,布林撑,40.44,37.52,36.37,37.34,34.34,90.9,60.6,0.1473,71.0,50.4,112.3,1.15,13.0,5.7,2.24,7.8,"上涨:近10日+13% | 布林下轨(32.82)获撑 | MACD红柱(已启动) | RSI14=61(正常区) | 量能健康(1.1xMA20) | 量开始放大 | 偏离MA5过大,追高风险"
300592,华凯易佰,2026-04-13,6.5,深回调,13.1,12.92,12.51,12.31,13.19,61.4,73.0,0.1671,78.8,71.1,94.0,1.11,11.9,2.0,0.52,1.4,上涨:近10日+12% | 回调至MA60(13.19) | MACD红柱(已启动) | 量能健康(1.1xMA20) | 量开始放大
300599,雄塑科技,2026-04-13,6.5,深回调,10.62,10.09,9.76,9.69,10.15,84.2,79.7,0.1465,72.9,64.7,89.2,1.53,13.0,1.7,0.51,5.3,上涨:近10日+13% | 回调至MA60(10.15) | MACD红柱(已启动) | 量能健康(1.5xMA20) | 量开始放大
300602,飞荣达,2026-04-13,6.5,深回调,33.88,32.3,31.05,31.51,33.98,94.3,69.7,0.4816,72.2,53.0,110.6,1.46,11.7,-3.0,1.36,4.9,上涨:近10日+12% | 回调至MA60(33.98) | MACD红柱(已启动) | 量能健康(1.5xMA20) | 量开始放大
300613,富瀚微,2026-04-13,6.5,深回调,44.64,43.11,41.59,41.7,45.11,100.0,71.0,0.6369,83.4,69.3,111.5,1.14,9.8,8.9,1.49,3.5,上涨:近10日+10% | 回调至MA60(45.11) | MACD红柱(已启动) | 量能健康(1.1xMA20) | 量开始放大
300634,彩讯股份,2026-04-13,6.5,深回调,26.04,25.35,24.62,24.64,27.97,76.1,67.3,0.3857,72.9,60.5,97.8,1.39,10.2,0.0,1.01,2.7,上涨:近10日+10% | 回调至MA60(27.97) | MACD红柱(已启动) | 量能健康(1.4xMA20) | 量开始放大
300633,开立医疗,2026-04-13,6.5,深回调,26.39,25.93,25.76,25.31,26.68,62.1,74.2,0.229,79.4,72.3,93.7,1.53,7.1,0.9,0.78,1.8,上涨:近10日+7% | 回调至MA60(26.68) | MACD红柱(已启动) | 量能健康(1.5xMA20) | 量开始放大
300666,江丰电子,2026-04-13,6.5,布林撑,156.02,155.72,148.92,142.44,135.48,87.0,71.9,1.7058,77.5,77.0,78.6,0.93,6.8,7.7,8.1,0.2,上涨:近10日+7% | 布林下轨(123.09)获撑 | MACD红柱(已启动) | 量能健康(0.9xMA20)
300679,电连技术,2026-04-13,6.5,深回调,42.26,40.56,37.24,36.11,40.67,82.2,80.0,1.3489,73.8,63.8,94.0,1.6,23.9,12.9,1.73,4.2,强势:近20日+13% | 回调至MA60(40.67) | MACD红柱(已启动) | 量能健康(1.6xMA20)
300697,电工合金,2026-04-13,6.5,深回调,15.68,15.23,14.94,14.93,16.93,77.4,74.2,0.2143,82.5,71.2,105.3,1.11,7.7,-2.5,0.46,3.0,上涨:近10日+8% | 回调至MA60(16.93) | MACD红柱(已启动) | 量能健康(1.1xMA20) | 量开始放大
300700,岱勒新材,2026-04-13,6.5,布林撑,14.94,14.37,13.9,13.66,13.86,92.0,74.7,0.1874,83.0,74.7,99.5,1.23,14.0,6.3,0.66,3.9,上涨:近10日+14% | 布林下轨(12.37)获撑 | MACD红柱(已启动) | 量能健康(1.2xMA20)
300684,中石科技,2026-04-13,6.5,深回调,53.43,51.46,49.8,50.22,53.01,99.7,70.5,0.6589,78.1,62.6,109.2,1.27,8.9,-0.7,2.25,3.8,上涨:近10日+9% | 回调至MA60(53.01) | MACD红柱(已启动) | 量能健康(1.3xMA20) | 量开始放大
300790,宇瞳光学,2026-04-13,6.5,布林撑,29.34,28.49,26.08,25.21,27.14,85.0,80.6,0.8451,78.3,70.0,95.0,1.5,25.6,10.8,1.29,3.0,上涨:近10日+26% | 布林下轨(20.39)获撑 | MACD红柱(已启动) | 量能健康(1.5xMA20)
300814,中富电路,2026-04-13,6.5,布林撑,96.08,93.4,88.36,87.26,85.59,90.5,71.0,1.3247,78.6,69.6,96.5,1.05,14.8,-1.2,4.81,2.9,上涨:近10日+15% | 布林下轨(76.18)获撑 | MACD红柱(已启动) | 量能健康(1.0xMA20)
300812,易天股份,2026-04-13,6.5,布林撑,39.19,39.44,37.3,36.04,35.36,70.6,66.2,0.5382,75.3,69.0,87.7,0.96,15.3,2.5,2.37,-0.6,上涨:近10日+15% | 布林下轨(30.63)获撑 | MACD红柱(已启动) | 量能健康(1.0xMA20)
300821,东岳硅材,2026-04-13,6.5,布林撑,14.05,13.68,12.45,12.15,12.77,85.2,73.6,0.3214,73.6,60.7,99.4,2.63,22.9,7.1,0.68,2.7,上涨:近10日+23% | 布林下轨(10.02)获撑 | MACD红柱(已启动) | 量开始放大
300855,图南股份,2026-04-13,6.5,布林撑,41.9,40.65,38.81,37.79,39.24,99.1,77.6,0.6695,79.4,73.4,91.2,0.69,10.8,4.2,1.86,3.1,上涨:近10日+11% | 布林下轨(33.31)获撑 | MACD红柱(已启动) | 量能健康(0.7xMA20)
300936,中英科技,2026-04-13,6.5,布林撑,64.22,66.64,63.67,62.18,50.31,56.1,59.5,-0.0438,63.5,66.9,56.5,0.59,13.7,7.1,4.52,-3.6,上涨:近10日+14% | 布林下轨(54.11)获撑 | MACD绿柱(-0.0438) | RSI14=59(正常区) | 量能健康(0.6xMA20)
300988,津荣天宇,2026-04-13,6.5,布林撑,28.26,27.06,26.13,26.32,26.5,74.4,65.7,0.2782,74.7,55.2,113.7,0.91,11.0,-2.1,1.23,4.5,上涨:近10日+11% | 布林下轨(23.98)获撑 | MACD红柱(已启动) | 量能健康(0.9xMA20)
300990,同飞股份,2026-04-13,6.5,深回调,88.04,82.74,80.56,81.4,85.95,92.7,67.1,1.0307,68.6,50.9,104.0,1.27,12.9,-0.1,3.89,6.4,"上涨:近10日+13% | 回调至MA60(85.95) | MACD红柱(已启动) | KDJ金叉(K=69) | 量能健康(1.3xMA20) | 量开始放大 | 偏离MA5过大,追高风险"
600111,北方稀土,2026-04-13,6.5,深回调,52.34,51.5,49.59,48.41,51.53,99.0,78.3,0.7648,84.2,81.6,89.5,1.3,10.7,3.0,1.69,1.6,上涨:近10日+11% | 回调至MA60(51.53) | MACD红柱(已启动) | 量能健康(1.3xMA20) | 量开始放大
600206,有研新材,2026-04-13,6.5,深回调,22.63,21.47,20.99,20.82,22.14,100.0,76.7,0.2729,84.0,74.3,103.4,1.71,8.5,2.5,0.81,5.4,上涨:近10日+8% | 回调至MA60(22.14) | MACD红柱(已启动) | 量能健康(1.7xMA20) | 量开始放大
600232,金鹰股份,2026-04-13,6.5,深回调,8.67,8.35,8.2,8.01,8.44,80.8,85.2,0.1025,74.7,72.0,80.2,1.55,9.5,-1.3,0.33,3.9,上涨:近10日+9% | 回调至MA60(8.44) | MACD红柱(已启动) | 量能健康(1.6xMA20) | 量开始放大
600259,中稀有色,2026-04-13,6.5,布林撑,92.89,92.28,85.6,83.21,84.0,86.8,71.7,1.7898,81.2,74.9,93.9,1.31,18.1,3.2,4.89,0.7,上涨:近10日+18% | 布林下轨(70.22)获撑 | MACD红柱(已启动) | 量能健康(1.3xMA20)
600292,电投水电,2026-04-13,6.5,深回调,14.93,14.42,14.13,14.13,14.3,66.0,66.5,0.1086,71.4,60.5,93.4,1.56,7.6,1.8,0.64,3.5,上涨:近10日+8% | 回调至MA60(14.30) | MACD红柱(已启动) | 量能健康(1.6xMA20) | 量开始放大
600353,旭光电子,2026-04-13,6.5,深回调,15.64,14.82,14.48,14.62,16.89,94.1,74.2,0.2502,75.7,59.8,107.5,1.56,11.9,-2.2,0.56,5.5,上涨:近10日+12% | 回调至MA60(16.89) | MACD红柱(已启动) | 量能健康(1.6xMA20) | 量开始放大
600366,宁波韵升,2026-04-13,6.5,深回调,12.6,12.36,12.08,12.03,13.48,83.8,77.9,0.1727,84.1,76.9,98.5,1.52,7.3,-3.7,0.34,1.9,上涨:近10日+7% | 回调至MA60(13.48) | MACD红柱(已启动) | 量能健康(1.5xMA20) | 量开始放大
600398,海澜之家,2026-04-13,6.5,深回调,6.58,6.54,6.53,6.32,6.26,50.0,81.8,0.0295,71.1,72.0,69.5,0.97,8.0,4.4,0.18,0.7,上涨:近10日+8% | 回调至MA60(6.26) | MACD红柱(已启动) | 量能健康(1.0xMA20) | 量开始放大
600498,烽火通信,2026-04-13,6.5,布林撑,50.17,51.52,50.27,48.14,46.12,59.3,65.3,0.3175,66.7,70.1,59.9,1.04,9.1,-4.2,3.66,-2.6,上涨:近10日+9% | 布林下轨(41.88)获撑 | MACD红柱(已启动) | 量能健康(1.0xMA20)
600629,华建集团,2026-04-13,6.5,深回调,21.4,21.06,20.64,20.66,21.04,63.1,64.0,0.1771,70.5,61.8,87.8,1.29,4.0,-1.6,0.89,1.6,小幅涨:近10日+4% | 回调至MA60(21.04) | MACD红柱(已启动) | RSI14=64(正常区) | 量能健康(1.3xMA20)
600668,尖峰集团,2026-04-13,6.5,深回调,11.1,10.86,10.63,10.53,11.04,71.2,77.3,0.1084,82.0,72.9,100.4,1.77,8.9,0.5,0.29,2.2,上涨:近10日+9% | 回调至MA60(11.04) | MACD红柱(已启动) | 量能健康(1.8xMA20) | 量开始放大
600713,南京医药,2026-04-13,6.5,布林撑,5.86,5.77,5.59,5.37,5.44,63.9,75.5,0.0834,70.1,75.9,58.4,4.51,15.1,7.9,0.27,1.5,上涨:近10日+15% | 布林下轨(4.74)获撑 | MACD红柱(已启动) | 量开始放大
600741,华域汽车,2026-04-13,6.5,布林撑,20.58,20.34,19.84,19.1,19.33,82.8,86.9,0.2417,92.2,87.4,101.6,0.95,13.8,8.5,0.52,1.2,上涨:近10日+14% | 布林下轨(17.13)获撑 | MACD红柱(已启动) | 量能健康(0.9xMA20)
600746,江苏索普,2026-04-13,6.5,布林撑,9.7,9.98,9.79,9.07,8.2,36.2,73.7,0.0612,59.2,67.3,43.1,0.56,15.6,4.8,0.64,-2.8,上涨:近10日+16% | 布林下轨(7.37)获撑 | MACD红柱(已启动) | 量能健康(0.6xMA20)
600769,祥龙电业,2026-04-13,6.5,布林撑,14.54,14.2,14.07,13.67,13.18,60.4,73.9,0.111,74.2,72.4,77.9,0.72,6.9,1.8,0.71,2.4,上涨:近10日+7% | 布林下轨(12.00)获撑 | MACD红柱(已启动) | 量能健康(0.7xMA20)
600801,华新建材,2026-04-13,6.5,深回调,23.1,23.38,22.79,21.68,23.19,57.6,81.8,0.3305,82.1,82.0,82.2,0.95,13.2,0.6,0.9,-1.2,上涨:近10日+13% | 回调至MA60(23.19) | MACD红柱(已启动) | 量能健康(1.0xMA20) | 量开始放大
600817,宇通重工,2026-04-13,6.5,深回调,12.31,12.02,11.55,11.44,11.74,91.5,88.7,0.1582,79.3,73.3,91.3,1.78,12.8,2.2,0.38,2.4,上涨:近10日+13% | 回调至MA60(11.74) | MACD红柱(已启动) | 量能健康(1.8xMA20) | 量开始放大
600867,通化东宝,2026-04-13,6.5,布林撑,9.84,9.88,9.77,9.22,8.96,54.5,81.5,0.0806,66.5,73.0,53.4,0.92,10.6,9.1,0.48,-0.4,上涨:近10日+11% | 布林下轨(7.96)获撑 | MACD红柱(已启动) | 量能健康(0.9xMA20)
600988,赤峰黄金,2026-04-13,6.5,布林撑,44.18,45.23,44.79,41.99,39.45,45.3,67.8,0.2918,63.7,76.2,38.8,0.6,11.0,5.9,2.47,-2.3,上涨:近10日+11% | 布林下轨(35.36)获撑 | MACD红柱(已启动) | 量能健康(0.6xMA20)
601000,唐山港,2026-04-13,6.5,布林撑,4.82,4.74,4.71,4.52,4.31,77.8,84.9,0.0238,89.8,84.0,101.4,0.94,12.9,10.3,0.13,1.8,上涨:近10日+13% | 布林下轨(4.11)获撑 | MACD红柱(已启动) | 量能健康(0.9xMA20)
601083,锦江航运,2026-04-13,6.5,布林撑,13.13,13.12,12.85,12.44,12.13,47.6,77.5,0.0951,81.9,79.0,87.6,0.88,8.7,8.7,0.41,0.1,上涨:近10日+9% | 布林下轨(11.29)获撑 | MACD红柱(已启动) | 量能健康(0.9xMA20)
601677,明泰铝业,2026-04-13,6.5,布林撑,17.05,16.76,16.03,15.55,16.07,81.0,75.3,0.2837,74.9,72.9,78.8,1.18,13.7,3.0,0.63,1.7,上涨:近10日+14% | 布林下轨(13.66)获撑 | MACD红柱(已启动) | 量能健康(1.2xMA20)
601886,江河集团,2026-04-13,6.5,深回调,9.44,9.24,9.04,8.64,8.99,65.4,84.1,0.1206,89.3,86.1,95.8,0.62,10.9,6.4,0.31,2.2,上涨:近10日+11% | 回调至MA60(8.99) | MACD红柱(已启动) | 量能健康(0.6xMA20) | 量开始放大
603010,万盛股份,2026-04-13,6.5,布林撑,12.53,12.2,11.76,11.42,11.48,88.3,86.4,0.1861,91.0,82.3,108.3,1.18,15.0,3.1,0.51,2.7,上涨:近10日+15% | 布林下轨(10.03)获撑 | MACD红柱(已启动) | 量能健康(1.2xMA20)
603012,创力集团,2026-04-13,6.5,布林撑,8.47,8.42,8.07,7.93,7.93,89.8,78.1,0.0926,85.5,80.3,95.7,1.0,9.0,3.2,0.33,0.6,上涨:近10日+9% | 布林下轨(7.15)获撑 | MACD红柱(已启动) | 量能健康(1.0xMA20)
603042,华脉科技,2026-04-13,6.5,布林撑,22.19,22.53,21.58,20.81,19.3,53.5,65.4,0.1571,75.3,76.1,73.6,0.86,8.4,9.3,1.5,-1.5,上涨:近10日+8% | 布林下轨(18.24)获撑 | MACD红柱(已启动) | 量能健康(0.9xMA20)
603048,浙江黎明,2026-04-13,6.5,深回调,22.59,22.26,21.87,21.32,21.95,64.2,80.3,0.2504,80.0,78.6,82.8,1.1,8.6,3.0,0.87,1.5,上涨:近10日+9% | 回调至MA60(21.95) | MACD红柱(已启动) | 量能健康(1.1xMA20) | 量开始放大
603091,众鑫股份,2026-04-13,6.5,深回调,79.3,75.32,73.67,74.15,77.5,79.3,69.8,0.7607,79.4,62.2,113.9,1.55,9.7,-4.9,2.86,5.3,上涨:近10日+10% | 回调至MA60(77.50) | MACD红柱(已启动) | 量能健康(1.5xMA20) | 量开始放大
603125,常青科技,2026-04-13,6.5,深回调,18.26,17.81,17.47,17.52,18.42,90.7,76.4,0.1624,81.4,73.3,97.4,1.41,6.1,-1.7,0.51,2.5,上涨:近10日+6% | 回调至MA60(18.42) | MACD红柱(已启动) | 量能健康(1.4xMA20) | 量开始放大
603112,华翔股份,2026-04-13,6.5,布林撑,18.79,18.23,17.42,17.22,17.64,81.3,70.3,0.2672,81.7,72.6,100.0,1.29,10.9,8.3,0.62,3.1,上涨:近10日+11% | 布林下轨(15.61)获撑 | MACD红柱(已启动) | 量能健康(1.3xMA20)
603126,中材节能,2026-04-13,6.5,布林撑,8.05,7.88,7.61,7.53,7.58,84.3,75.1,0.0786,70.5,64.0,83.4,1.05,7.9,1.1,0.32,2.2,上涨:近10日+8% | 布林下轨(6.97)获撑 | MACD红柱(已启动) | 量能健康(1.1xMA20)
603127,昭衍新药,2026-04-13,6.5,深回调,36.34,36.63,35.95,32.33,35.7,49.1,77.3,0.8412,80.1,81.9,76.6,1.19,20.2,12.1,2.3,-0.8,强势:近20日+12% | 回调至MA60(35.70) | MACD红柱(已启动) | 量能健康(1.2xMA20)
603135,中重科技,2026-04-13,6.5,深回调,10.8,10.55,10.33,10.36,10.98,86.0,71.4,0.1013,74.9,61.5,101.5,1.32,6.5,-4.4,0.34,2.3,上涨:近10日+7% | 回调至MA60(10.98) | MACD红柱(已启动) | 量能健康(1.3xMA20) | 量开始放大
603186,华正新材,2026-04-13,6.5,布林撑,73.32,71.48,66.3,64.91,67.86,93.1,75.0,1.5693,80.7,72.3,97.5,1.15,17.1,6.9,3.91,2.6,上涨:近10日+17% | 布林下轨(55.26)获撑 | MACD红柱(已启动) | 量能健康(1.1xMA20)
603239,浙江仙通,2026-04-13,6.5,深回调,24.86,25.63,24.8,23.19,23.46,60.3,78.9,0.3466,74.7,81.0,62.2,1.32,16.5,13.4,0.97,-3.0,强势:近20日+13% | 回调至MA60(23.46) | MACD红柱(已启动) | 量能健康(1.3xMA20)
603289,泰瑞机器,2026-04-13,6.5,布林撑,12.11,11.89,11.54,11.2,11.1,73.1,81.6,0.1313,84.6,80.7,92.4,0.99,12.9,6.7,0.49,1.8,上涨:近10日+13% | 布林下轨(10.06)获撑 | MACD红柱(已启动) | 量能健康(1.0xMA20)
603296,华勤技术,2026-04-13,6.5,布林撑,99.69,98.25,92.19,89.75,89.31,97.7,70.7,1.5652,85.6,78.0,100.8,1.19,17.7,10.0,4.69,1.5,上涨:近10日+18% | 布林下轨(78.22)获撑 | MACD红柱(已启动) | 量能健康(1.2xMA20)
603308,应流股份,2026-04-13,6.5,布林撑,68.28,67.26,65.29,63.35,59.66,64.6,67.4,0.6278,70.9,70.3,72.1,1.0,9.5,10.4,3.63,1.5,上涨:近10日+9% | 布林下轨(56.76)获撑 | MACD红柱(已启动) | 量能健康(1.0xMA20)
603328,依顿电子,2026-04-13,6.5,布林撑,12.87,12.32,11.82,11.87,11.88,89.3,71.3,0.1537,79.6,62.9,113.1,1.05,11.2,1.7,0.57,4.4,上涨:近10日+11% | 布林下轨(10.53)获撑 | MACD红柱(已启动) | 量能健康(1.0xMA20)
603345,安井食品,2026-04-13,6.5,布林撑,96.18,97.11,95.61,90.28,89.84,48.5,84.3,0.8998,71.1,78.1,56.9,0.88,10.0,10.8,3.14,-1.0,上涨:近10日+10% | 布林下轨(78.41)获撑 | MACD红柱(已启动) | 量能健康(0.9xMA20)
603375,盛景微,2026-04-13,6.5,深回调,39.74,38.72,37.75,37.16,38.11,85.6,82.8,0.4262,87.9,81.1,101.5,1.72,12.7,2.2,1.26,2.6,上涨:近10日+13% | 回调至MA60(38.11) | MACD红柱(已启动) | 量能健康(1.7xMA20) | 量开始放大
603488,展鹏科技,2026-04-13,6.5,布林撑,10.89,10.77,10.44,10.18,10.21,76.6,75.4,0.1066,81.5,79.8,84.8,1.07,6.5,4.3,0.49,1.1,上涨:近10日+6% | 布林下轨(9.29)获撑 | MACD红柱(已启动) | 量能健康(1.1xMA20)
603588,高能环境,2026-04-13,6.5,布林撑,16.02,16.88,16.04,15.19,12.46,55.1,66.5,0.0718,63.3,75.4,39.0,1.32,9.7,5.2,1.04,-5.1,上涨:近10日+10% | 布林下轨(12.61)获撑 | MACD红柱(已启动) | 量能健康(1.3xMA20)
603585,苏利股份,2026-04-13,6.5,布林撑,24.0,23.58,23.17,21.32,21.17,60.6,72.4,0.2801,49.1,59.5,28.2,1.86,15.7,8.3,1.64,1.8,上涨:近10日+16% | 布林下轨(16.83)获撑 | MACD红柱(已启动) | 量能健康(1.9xMA20)
603698,航天工程,2026-04-13,6.5,深回调,32.67,31.39,30.8,30.29,34.48,78.9,74.3,0.5065,72.8,60.8,96.9,1.65,9.2,6.0,1.36,4.1,上涨:近10日+9% | 回调至MA60(34.48) | MACD红柱(已启动) | 量能健康(1.7xMA20) | 量开始放大
603909,建发合诚,2026-04-13,6.5,布林撑,12.41,11.94,11.57,11.32,11.51,80.6,73.1,0.1738,78.9,70.8,95.2,2.44,12.4,6.2,0.68,4.0,上涨:近10日+12% | 布林下轨(10.08)获撑 | MACD红柱(已启动) | 量开始放大
603950,长源东谷,2026-04-13,6.5,布林撑,54.31,45.29,43.87,46.94,37.33,80.9,51.3,0.1144,72.6,47.4,123.1,2.27,21.3,22.0,3.35,19.9,"强势:近20日+22% | 布林下轨(36.70)获撑 | MACD红柱(已启动) | RSI14=51(回升区) | 量开始放大 | 偏离MA5过大,追高风险 | 突破MA5较多,追涨风险"
605055,迎丰股份,2026-04-13,6.5,布林撑,10.5,10.35,10.17,9.51,9.62,45.0,77.2,0.1525,81.2,79.7,84.1,0.76,14.1,11.1,0.57,1.4,上涨:近10日+14% | 布林下轨(7.93)获撑 | MACD红柱(已启动) | 量能健康(0.8xMA20)
605100,华丰股份,2026-04-13,6.5,深回调,44.86,44.51,42.87,41.62,43.63,71.2,76.7,0.6953,83.3,83.4,83.0,1.94,9.5,7.1,1.63,0.8,上涨:近10日+10% | 回调至MA60(43.63) | MACD红柱(已启动) | 量能健康(1.9xMA20) | 量开始放大
605198,安德利,2026-04-13,6.5,深回调,42.85,41.22,39.84,38.68,40.59,95.5,74.9,0.6418,71.4,59.9,94.4,1.21,10.2,12.8,1.95,4.0,强势:近20日+13% | 回调至MA60(40.59) | MACD红柱(已启动) | 量能健康(1.2xMA20)
605258,协和电子,2026-04-13,6.5,布林撑,36.84,36.26,35.05,34.59,34.14,69.5,69.7,0.3584,71.1,66.3,80.8,1.03,12.0,3.1,1.87,1.6,上涨:近10日+12% | 布林下轨(30.84)获撑 | MACD红柱(已启动) | 量能健康(1.0xMA20)
605298,必得科技,2026-04-13,6.5,布林撑,47.95,49.3,47.7,46.39,45.23,63.6,74.1,0.329,69.2,73.9,59.7,1.19,5.7,-2.1,2.06,-2.7,小幅涨:近10日+6% | 布林下轨(41.77)获撑 | MACD红柱(已启动) | 量能健康(1.2xMA20) | 量开始放大
605566,福莱蒽特,2026-04-13,6.5,深回调,31.59,30.79,29.66,28.36,29.93,100.0,95.7,0.5559,92.2,87.4,101.8,0.89,15.9,16.4,1.14,2.6,强势:近20日+16% | 回调至MA60(29.93) | MACD红柱(已启动) | 量能健康(0.9xMA20)
605589,圣泉集团,2026-04-13,6.5,布林撑,37.51,36.39,33.26,32.1,31.71,100.0,80.0,0.8109,87.1,75.7,109.9,1.6,25.4,10.6,1.6,3.1,上涨:近10日+25% | 布林下轨(26.47)获撑 | MACD红柱(已启动) | 量能健康(1.6xMA20)
688003,天准科技,2026-04-13,6.5,深回调,68.48,68.05,63.87,60.99,67.81,89.8,75.8,1.6468,77.8,76.9,79.5,0.92,14.6,16.9,3.77,0.6,强势:近20日+17% | 回调至MA60(67.81) | MACD红柱(已启动) | 量能健康(0.9xMA20)
688006,杭可科技,2026-04-13,6.5,深回调,28.56,28.24,27.72,26.8,29.25,65.1,77.6,0.4135,77.2,76.7,78.1,1.09,11.0,1.8,1.13,1.1,上涨:近10日+11% | 回调至MA60(29.25) | MACD红柱(已启动) | 量能健康(1.1xMA20) | 量开始放大
688020,方邦股份,2026-04-13,6.5,深回调,90.88,87.14,84.48,84.4,89.01,89.3,68.3,1.0457,78.6,64.5,106.7,1.24,9.6,-5.3,4.7,4.3,上涨:近10日+10% | 回调至MA60(89.01) | MACD红柱(已启动) | 量能健康(1.2xMA20) | 量开始放大
688045,必易微,2026-04-13,6.5,深回调,47.69,45.82,44.47,44.09,46.71,91.2,74.6,0.6327,77.2,68.4,94.7,1.05,12.4,3.6,1.97,4.1,上涨:近10日+12% | 回调至MA60(46.71) | MACD红柱(已启动) | 量能健康(1.0xMA20) | 量开始放大
688062,迈威生物,2026-04-13,6.5,深回调,37.88,38.03,37.89,35.82,36.77,32.9,77.9,0.3444,64.2,72.0,48.7,0.77,4.3,14.4,1.9,-0.4,强势:近20日+14% | 回调至MA60(36.77) | MACD红柱(已启动) | 量能健康(0.8xMA20)
688097,博众精工,2026-04-13,6.5,布林撑,64.9,62.42,58.66,58.08,48.71,92.7,75.0,0.4484,79.6,68.3,102.1,1.26,16.9,-1.7,3.6,4.0,上涨:近10日+17% | 布林下轨(50.87)获撑 | MACD红柱(已启动) | 量能健康(1.3xMA20)
688143,长盈通,2026-04-13,6.5,布林撑,64.82,63.96,61.5,57.71,57.36,66.8,79.4,0.956,77.6,79.4,73.9,1.14,9.6,5.7,4.44,1.3,上涨:近10日+10% | 布林下轨(46.87)获撑 | MACD红柱(已启动) | 量能健康(1.1xMA20)
688131,皓元医药,2026-04-13,6.5,深回调,75.24,73.07,71.72,69.02,72.16,67.6,79.9,1.0003,82.8,78.6,91.1,0.74,9.8,14.3,3.23,3.0,强势:近20日+14% | 回调至MA60(72.16) | MACD红柱(已启动) | 量能健康(0.7xMA20)
688170,德龙激光,2026-04-13,6.5,布林撑,54.82,53.61,51.25,50.52,45.8,77.0,66.1,0.3359,76.5,69.5,90.4,0.96,7.8,9.6,3.16,2.3,上涨:近10日+8% | 布林下轨(45.37)获撑 | MACD红柱(已启动) | 量能健康(1.0xMA20)
688237,超卓航科,2026-04-13,6.5,布林撑,53.48,52.67,51.84,50.61,50.18,62.0,75.4,0.3481,81.0,75.4,92.0,0.72,6.6,10.5,1.85,1.5,上涨:近10日+7% | 布林下轨(47.16)获撑 | MACD红柱(已启动) | 量能健康(0.7xMA20)
688268,华特气体,2026-04-13,6.5,布林撑,97.97,100.6,98.2,92.01,75.45,53.6,54.8,-0.1212,56.9,60.9,49.1,1.04,-2.6,24.3,9.46,-2.6,强势:近20日+24% | 布林下轨(71.67)获撑 | RSI14=55(回升区) | 量能健康(1.0xMA20)
688273,麦澜德,2026-04-13,6.5,深回调,44.69,40.36,39.35,41.46,44.41,77.0,62.5,0.4312,68.4,46.1,112.9,1.73,12.9,-9.1,2.07,10.7,"上涨:近10日+13% | 回调至MA60(44.41) | MACD红柱(已启动) | RSI14=62(正常区) | KDJ金叉(K=68) | 量能健康(1.7xMA20) | 量开始放大 | 偏离MA5过大,追高风险 | 突破MA5较多,追涨风险"
688302,海创药业,2026-04-13,6.5,深回调,45.1,44.42,44.07,41.89,44.74,58.7,74.9,0.589,79.6,77.5,83.8,0.97,10.8,8.9,2.27,1.5,上涨:近10日+11% | 回调至MA60(44.74) | MACD红柱(已启动) | 量能健康(1.0xMA20) | 量开始放大
688265,南模生物,2026-04-13,6.5,深回调,43.79,43.92,43.16,42.2,45.18,48.5,69.9,0.4578,75.3,74.1,77.7,1.49,7.0,0.5,1.9,-0.3,上涨:近10日+7% | 回调至MA60(45.18) | MACD红柱(已启动) | 量能健康(1.5xMA20) | 量开始放大
688372,伟测科技,2026-04-13,6.5,布林撑,149.32,149.13,140.44,135.83,133.52,87.5,69.8,2.1751,79.6,76.6,85.5,1.0,16.0,9.5,8.17,0.1,上涨:近10日+16% | 布林下轨(117.53)获撑 | MACD红柱(已启动) | 量能健康(1.0xMA20)
688379,华光新材,2026-04-13,6.5,深回调,49.11,47.72,46.34,46.44,50.98,100.0,75.0,0.6633,76.5,64.1,101.2,1.07,8.2,-2.5,1.71,2.9,上涨:近10日+8% | 回调至MA60(50.98) | MACD红柱(已启动) | 量能健康(1.1xMA20) | 量开始放大
688355,明志科技,2026-04-13,6.5,布林撑,22.6,22.39,21.94,21.25,20.77,64.2,73.6,0.1858,76.8,75.5,79.3,0.97,9.2,3.3,0.97,0.9,上涨:近10日+9% | 布林下轨(19.07)获撑 | MACD红柱(已启动) | 量能健康(1.0xMA20)
688479,友车科技,2026-04-13,6.5,中回调,33.11,33.48,33.15,32.71,28.16,30.1,57.5,-0.1437,46.6,47.7,44.5,0.44,6.7,-6.2,1.89,-1.1,上涨:近10日+7% | 回调至MA20(32.71):+1.2% | RSI14=58(正常区) | 乖离正常:BIAS20=1.2% | 量能健康(0.4xMA20)
688400,凌云光,2026-04-13,6.5,布林撑,47.64,45.79,42.88,42.66,43.38,90.6,68.5,0.8898,80.0,68.8,102.6,1.02,18.5,10.3,2.49,4.0,上涨:近10日+18% | 布林下轨(36.75)获撑 | MACD红柱(已启动) | 量能健康(1.0xMA20)
688525,佰维存储,2026-04-13,6.5,布林撑,255.85,234.4,225.27,232.68,194.43,94.7,62.0,-0.0806,66.7,46.9,106.3,1.02,7.3,22.0,17.34,9.2,"强势:近20日+22% | 布林下轨(203.76)获撑 | MACD绿柱(-0.0806) | RSI14=62(正常区) | KDJ金叉(K=67) | 量能健康(1.0xMA20) | 量开始放大 | 偏离MA5过大,追高风险 | 突破MA5较多,追涨风险"
688543,国科军工,2026-04-13,6.5,深回调,72.9,69.39,68.02,67.12,69.53,85.3,74.2,0.6923,84.4,74.8,103.7,1.23,10.0,7.7,2.64,5.1,上涨:近10日+10% | 回调至MA60(69.53) | MACD红柱(已启动) | 量能健康(1.2xMA20) | 量开始放大
688603,天承科技,2026-04-13,6.5,深回调,86.24,85.63,81.84,78.85,82.01,77.8,74.3,1.4,64.0,66.7,58.7,1.46,10.8,3.1,6.01,0.7,上涨:近10日+11% | 回调至MA60(82.01) | MACD红柱(已启动) | 量能健康(1.5xMA20) | 量开始放大
688618,三旺通信,2026-04-13,6.5,布林撑,34.95,36.34,34.89,32.47,32.58,34.7,73.8,0.4775,62.3,68.4,50.2,0.87,19.7,7.3,2.45,-3.8,上涨:近10日+20% | 布林下轨(26.02)获撑 | MACD红柱(已启动) | 量能健康(0.9xMA20)
688720,艾森股份,2026-04-13,6.5,深回调,75.53,74.23,70.76,67.88,72.64,80.4,75.1,1.5078,70.6,70.0,71.8,1.16,17.5,13.2,3.92,1.7,强势:近20日+13% | 回调至MA60(72.64) | MACD红柱(已启动) | 量能健康(1.2xMA20)
688758,赛分科技,2026-04-13,6.5,深回调,20.07,19.87,19.61,18.6,18.99,50.7,73.1,0.2632,72.4,74.7,67.9,1.72,15.7,5.5,0.98,1.0,上涨:近10日+16% | 回调至MA60(18.99) | MACD红柱(已启动) | 量能健康(1.7xMA20) | 量开始放大
000070,特发信息,2026-04-13,6.0,布林撑,21.1,19.77,18.93,17.12,15.58,63.4,79.3,0.4222,84.2,79.9,92.7,1.63,34.6,23.5,1.58,6.7,"强势:近20日+23% | 布林下轨(12.72)获撑 | MACD红柱(已启动) | 量能健康(1.6xMA20) | 量开始放大 | 偏离MA5过大,追高风险"
000078,海王生物,2026-04-13,6.0,深回调,3.62,3.68,3.54,3.33,3.54,50.5,69.5,0.0706,78.6,78.9,78.1,1.42,14.9,11.4,0.24,-1.7,上涨:近10日+15% | 回调至MA60(3.54) | MACD红柱(已启动) | 量能健康(1.4xMA20)
000426,兴业银锡,2026-04-13,6.0,深回调,42.72,42.55,41.41,41.09,48.88,75.0,72.5,0.7303,72.7,69.3,79.3,0.63,6.6,-8.9,1.88,0.4,上涨:近10日+7% | 回调至MA60(48.88) | MACD红柱(已启动) | 量能健康(0.6xMA20)
000408,藏格矿业,2026-04-13,6.0,深回调,82.34,83.0,82.11,79.42,83.87,50.7,75.9,0.7083,70.5,76.4,58.5,0.68,2.3,3.3,2.9,-0.8,小幅涨:近10日+2% | 回调至MA60(83.87) | MACD红柱(已启动) | 量能健康(0.7xMA20) | 量开始放大
000626,远大控股,2026-04-13,6.0,布林撑,8.67,8.19,8.12,8.14,7.93,65.3,67.1,0.0393,74.0,59.9,102.3,2.36,3.8,2.6,0.38,5.8,小幅涨:近10日+4% | 布林下轨(7.48)获撑 | MACD红柱(已启动) | 量开始放大
000795,英洛华,2026-04-13,6.0,深回调,9.33,9.22,8.98,8.95,9.87,70.3,72.1,0.128,66.0,66.0,66.0,1.31,6.5,-5.5,0.28,1.1,上涨:近10日+7% | 回调至MA60(9.87) | MACD红柱(已启动) | 量能健康(1.3xMA20)
000810,创维数字,2026-04-13,6.0,深回调,11.86,11.65,11.23,11.05,11.56,91.0,76.8,0.1682,78.1,73.0,88.4,0.89,7.0,7.1,0.42,1.8,上涨:近10日+7% | 回调至MA60(11.56) | MACD红柱(已启动) | 量能健康(0.9xMA20)
000831,中国稀土,2026-04-13,6.0,深回调,52.2,51.11,49.4,48.8,53.52,95.4,74.8,0.7732,83.0,76.9,95.1,1.11,8.1,-1.5,1.72,2.1,上涨:近10日+8% | 回调至MA60(53.52) | MACD红柱(已启动) | 量能健康(1.1xMA20)
000935,四川双马,2026-04-13,6.0,深回调,26.84,25.92,25.61,25.33,27.03,68.2,74.4,0.2683,80.7,71.5,99.1,0.9,7.7,-3.0,0.96,3.6,上涨:近10日+8% | 回调至MA60(27.03) | MACD红柱(已启动) | 量能健康(0.9xMA20)
000975,山金国际,2026-04-13,6.0,深回调,30.7,30.76,30.37,29.48,30.94,59.6,69.8,0.2744,64.3,69.2,54.5,0.55,8.7,-6.3,1.46,-0.2,上涨:近10日+9% | 回调至MA60(30.94) | MACD红柱(已启动) | 量能健康(0.6xMA20)
000978,桂林旅游,2026-04-13,6.0,布林撑,7.82,7.8,7.63,7.41,7.26,58.5,70.3,0.058,61.2,65.3,53.1,1.42,3.9,8.2,0.49,0.2,小幅涨:近10日+4% | 布林下轨(6.60)获撑 | MACD红柱(已启动) | 量能健康(1.4xMA20)
001316,润贝航科,2026-04-13,6.0,深回调,50.2,48.87,48.05,47.26,48.99,71.4,76.1,0.4587,78.0,72.4,89.3,1.07,4.9,4.3,2.18,2.7,小幅涨:近10日+5% | 回调至MA60(48.99) | MACD红柱(已启动) | 量能健康(1.1xMA20) | 量开始放大
001338,永顺泰,2026-04-13,6.0,布林撑,13.64,13.58,13.43,13.19,12.85,60.0,79.2,0.0509,84.2,83.5,85.5,0.62,3.5,-0.9,0.4,0.4,小幅涨:近10日+3% | 布林下轨(12.30)获撑 | MACD红柱(已启动) | 量能健康(0.6xMA20)
001400,江顺科技,2026-04-13,6.0,轻回调,160.08,167.41,167.85,154.05,128.75,35.9,65.2,-0.499,49.4,63.2,21.8,0.93,7.3,19.1,12.98,-4.4,强势:近20日+19% | 回调至MA10下:-4.6% | 量能健康(0.9xMA20) | 量开始放大
002012,凯恩股份,2026-04-13,6.0,深回调,7.01,6.7,6.57,6.69,6.73,77.6,66.3,0.0389,70.1,50.5,109.2,1.45,3.7,-2.0,0.28,4.6,小幅涨:近10日+4% | 回调至MA60(6.73) | MACD红柱(已启动) | 量能健康(1.5xMA20) | 量开始放大
002064,华峰化学,2026-04-13,6.0,深回调,11.19,11.05,10.73,10.39,11.61,81.8,78.6,0.1843,82.6,79.1,89.7,1.05,9.7,4.6,0.45,1.3,上涨:近10日+10% | 回调至MA60(11.61) | MACD红柱(已启动) | 量能健康(1.1xMA20)
002083,孚日股份,2026-04-13,6.0,布林撑,13.21,12.44,12.33,11.65,11.78,67.3,75.3,0.1599,76.1,68.4,91.4,1.36,10.5,15.8,0.69,6.2,"强势:近20日+16% | 布林下轨(9.86)获撑 | MACD红柱(已启动) | 量能健康(1.4xMA20) | 量开始放大 | 偏离MA5过大,追高风险"
002107,沃华医药,2026-04-13,6.0,深回调,7.12,7.29,6.99,6.7,6.96,58.3,69.0,0.1158,70.6,77.5,56.9,1.92,12.1,6.9,0.37,-2.3,上涨:近10日+12% | 回调至MA60(6.96) | MACD红柱(已启动) | 量能健康(1.9xMA20)
002124,天邦食品,2026-04-13,6.0,深回调,2.59,2.41,2.39,2.42,2.54,71.4,70.1,0.0173,68.3,56.8,91.4,2.23,7.9,0.0,0.09,7.5,"上涨:近10日+8% | 回调至MA60(2.54) | MACD红柱(已启动) | KDJ金叉(K=68) | 量开始放大 | 偏离MA5过大,追高风险"
002134,天津普林,2026-04-13,6.0,深回调,21.4,20.92,20.55,20.6,22.98,75.6,66.2,0.2452,78.8,62.2,112.1,0.94,6.0,0.6,0.77,2.3,小幅涨:近10日+6% | 回调至MA60(22.98) | MACD红柱(已启动) | 量能健康(0.9xMA20) | 量开始放大
002156,通富微电,2026-04-13,6.0,深回调,45.65,44.29,42.89,43.55,47.06,93.7,66.2,0.5249,70.7,54.3,103.4,1.01,7.5,-0.5,1.73,3.1,上涨:近10日+8% | 回调至MA60(47.06) | MACD红柱(已启动) | 量能健康(1.0xMA20)
002158,汉钟精机,2026-04-13,6.0,深回调,24.26,23.5,22.81,23.01,24.89,87.5,65.5,0.3061,71.4,56.2,101.7,0.9,6.4,-0.3,0.75,3.3,上涨:近10日+6% | 回调至MA60(24.89) | MACD红柱(已启动) | 量能健康(0.9xMA20)
002179,中航光电,2026-04-13,6.0,深回调,36.74,36.25,34.94,34.45,35.4,92.4,76.8,0.4211,81.3,72.7,98.4,1.07,10.6,3.3,1.05,1.4,上涨:近10日+11% | 回调至MA60(35.40) | MACD红柱(已启动) | 量能健康(1.1xMA20)
002201,九鼎新材,2026-04-13,6.0,深回调,12.2,11.49,11.49,11.3,12.57,63.5,73.6,0.1343,64.6,54.5,84.8,2.9,9.2,3.9,0.53,6.2,"上涨:近10日+9% | 回调至MA60(12.57) | MACD红柱(已启动) | KDJ金叉(K=65) | 量开始放大 | 偏离MA5过大,追高风险"
002236,大华股份,2026-04-13,6.0,深回调,17.7,17.33,17.08,17.14,18.53,84.6,74.5,0.1516,83.6,69.6,111.5,1.26,5.5,-2.0,0.37,2.1,小幅涨:近10日+6% | 回调至MA60(18.53) | MACD红柱(已启动) | 量能健康(1.3xMA20) | 量开始放大
002250,联化科技,2026-04-13,6.0,深回调,16.66,16.32,16.25,15.79,16.91,70.4,78.7,0.1435,70.5,66.2,79.1,0.88,4.7,1.0,0.63,2.1,小幅涨:近10日+5% | 回调至MA60(16.91) | MACD红柱(已启动) | 量能健康(0.9xMA20) | 量开始放大
002271,东方雨虹,2026-04-13,6.0,深回调,16.1,15.76,15.57,15.38,16.32,62.1,74.6,0.1302,76.2,73.3,81.9,1.25,5.0,-1.1,0.67,2.2,小幅涨:近10日+5% | 回调至MA60(16.32) | MACD红柱(已启动) | 量能健康(1.3xMA20) | 量开始放大
002299,圣农发展,2026-04-13,6.0,深回调,18.75,18.3,18.13,17.85,17.82,62.5,77.8,0.0969,74.8,72.1,80.3,1.84,5.2,1.3,0.52,2.5,小幅涨:近10日+5% | 回调至MA60(17.82) | MACD红柱(已启动) | 量能健康(1.8xMA20) | 量开始放大
002338,奥普光电,2026-04-13,6.0,深回调,51.47,50.6,49.01,49.07,53.71,89.0,68.3,0.7017,74.8,60.6,103.2,0.93,7.3,0.9,1.65,1.7,上涨:近10日+7% | 回调至MA60(53.71) | MACD红柱(已启动) | 量能健康(0.9xMA20)
002414,高德红外,2026-04-13,6.0,深回调,13.74,13.36,13.07,13.22,15.33,77.9,69.8,0.1908,74.5,57.9,107.9,1.14,5.9,-2.7,0.39,2.8,小幅涨:近10日+6% | 回调至MA60(15.33) | MACD红柱(已启动) | 量能健康(1.1xMA20) | 量开始放大
002416,爱施德,2026-04-13,6.0,深回调,13.58,13.25,13.08,12.93,13.26,96.8,82.6,0.0977,73.2,68.7,82.3,1.4,5.3,0.7,0.49,2.5,小幅涨:近10日+5% | 回调至MA60(13.26) | MACD红柱(已启动) | 量能健康(1.4xMA20) | 量开始放大
002429,兆驰股份,2026-04-13,6.0,深回调,10.36,10.11,9.86,9.93,9.96,92.9,72.0,0.0651,76.3,62.8,103.4,0.72,6.7,-13.2,0.44,2.5,上涨:近10日+7% | 回调至MA60(9.96) | MACD红柱(已启动) | 量能健康(0.7xMA20)
002439,启明星辰,2026-04-13,6.0,深回调,14.26,13.17,12.99,13.36,14.19,80.6,62.5,0.097,61.8,39.7,106.0,2.15,9.4,-3.6,0.4,8.3,"上涨:近10日+9% | 回调至MA60(14.19) | MACD红柱(已启动) | RSI14=63(正常区) | KDJ金叉(K=62) | 量开始放大 | 偏离MA5过大,追高风险 | 突破MA5较多,追涨风险"
002448,中原内配,2026-04-13,6.0,深回调,15.12,14.81,14.49,14.52,14.72,67.8,69.8,0.0971,76.7,66.3,97.4,0.95,4.6,-6.6,0.66,2.1,小幅涨:近10日+5% | 回调至MA60(14.72) | MACD红柱(已启动) | 量能健康(1.0xMA20) | 量开始放大
002458,益生股份,2026-04-13,6.0,深回调,9.88,9.56,9.39,9.42,9.51,83.1,71.4,0.0523,81.8,69.7,106.2,1.23,5.1,-0.1,0.29,3.4,小幅涨:近10日+5% | 回调至MA60(9.51) | MACD红柱(已启动) | 量能健康(1.2xMA20) | 量开始放大
002515,金字火腿,2026-04-13,6.0,深回调,6.24,5.77,5.66,5.75,5.96,78.0,63.9,0.0434,67.3,47.6,106.7,4.15,7.8,0.5,0.24,8.1,"上涨:近10日+8% | 回调至MA60(5.96) | MACD红柱(已启动) | RSI14=64(正常区) | KDJ金叉(K=67) | 量开始放大 | 偏离MA5过大,追高风险 | 突破MA5较多,追涨风险"
002532,天山铝业,2026-04-13,6.0,深回调,18.03,18.44,18.09,17.18,17.98,51.0,74.4,0.199,67.6,73.8,55.2,0.62,11.8,-3.4,0.88,-2.2,上涨:近10日+12% | 回调至MA60(17.98) | MACD红柱(已启动) | 量能健康(0.6xMA20)
002540,亚太科技,2026-04-13,6.0,深回调,6.83,6.76,6.66,6.57,7.16,76.6,79.0,0.0751,83.5,79.3,91.8,0.61,6.1,-4.1,0.17,1.0,上涨:近10日+6% | 回调至MA60(7.16) | MACD红柱(已启动) | 量能健康(0.6xMA20)
002559,亚威股份,2026-04-13,6.0,深回调,10.24,9.89,9.56,9.7,10.2,95.2,66.8,0.11,79.2,60.9,115.7,0.84,8.1,-0.1,0.38,3.6,上涨:近10日+8% | 回调至MA60(10.20) | MACD红柱(已启动) | 量能健康(0.8xMA20)
002582,好想你,2026-04-13,6.0,深回调,11.72,11.54,11.38,11.13,12.13,74.2,83.4,0.1315,84.8,81.7,91.0,1.19,4.4,5.4,0.33,1.6,小幅涨:近10日+4% | 回调至MA60(12.13) | MACD红柱(已启动) | 量能健康(1.2xMA20) | 量开始放大
002583,海能达,2026-04-13,6.0,深回调,10.82,10.49,10.25,10.28,10.9,100.0,73.8,0.1047,78.5,63.3,108.7,1.61,5.3,-2.7,0.37,3.2,小幅涨:近10日+5% | 回调至MA60(10.90) | MACD红柱(已启动) | 量能健康(1.6xMA20) | 量开始放大
002579,中京电子,2026-04-13,6.0,深回调,12.73,12.76,12.35,12.18,12.12,70.6,65.2,0.0958,81.3,77.8,88.4,0.94,9.2,4.1,0.56,-0.2,上涨:近10日+9% | 回调至MA60(12.12) | MACD红柱(已启动) | 量能健康(0.9xMA20)
002600,领益智造,2026-04-13,6.0,深回调,13.75,13.32,13.03,13.27,14.61,87.6,67.1,0.1449,76.0,58.4,111.0,1.34,4.4,-4.2,0.43,3.2,小幅涨:近10日+4% | 回调至MA60(14.61) | MACD红柱(已启动) | 量能健康(1.3xMA20) | 量开始放大
002589,瑞康医药,2026-04-13,6.0,深回调,3.31,3.45,3.34,3.2,3.32,50.0,67.4,0.0391,58.9,70.6,35.6,1.18,7.1,4.7,0.18,-4.1,上涨:近10日+7% | 回调至MA60(3.32) | MACD红柱(已启动) | 量能健康(1.2xMA20)
002639,雪人集团,2026-04-13,6.0,深回调,19.63,20.26,19.36,18.65,20.74,56.3,70.5,0.3174,68.0,69.9,64.1,0.74,15.1,-5.2,1.03,-3.1,上涨:近10日+15% | 回调至MA60(20.74) | MACD红柱(已启动) | 量能健康(0.7xMA20)
002631,德尔未来,2026-04-13,6.0,布林撑,7.21,7.08,6.85,6.93,6.33,71.1,65.3,0.0108,72.1,60.9,94.4,0.68,2.4,-9.3,0.39,1.8,小幅涨:近10日+2% | 布林下轨(6.25)获撑 | MACD红柱(已启动) | 量能健康(0.7xMA20)
002678,珠江钢琴,2026-04-13,6.0,深回调,5.8,5.73,5.63,5.41,5.54,56.6,65.1,0.0461,55.4,63.0,40.0,1.17,10.3,9.8,0.32,1.2,上涨:近10日+10% | 回调至MA60(5.54) | MACD红柱(已启动) | 量能健康(1.2xMA20)
002708,光洋股份,2026-04-13,6.0,深回调,13.2,12.91,12.29,12.2,13.14,77.1,70.0,0.2384,72.0,61.4,93.2,1.68,10.6,3.9,0.54,2.3,上涨:近10日+11% | 回调至MA60(13.14) | MACD红柱(已启动) | 量能健康(1.7xMA20)
002725,跃岭股份,2026-04-13,6.0,深回调,16.15,15.97,15.52,15.49,15.79,81.1,70.9,0.1434,82.4,73.4,100.6,0.8,7.3,-3.1,0.54,1.1,上涨:近10日+7% | 回调至MA60(15.79) | MACD红柱(已启动) | 量能健康(0.8xMA20)
002763,汇洁股份,2026-04-13,6.0,深回调,8.13,8.06,7.88,7.72,7.89,89.3,85.6,0.0753,80.4,73.6,94.1,1.02,8.4,2.4,0.27,0.9,上涨:近10日+8% | 回调至MA60(7.89) | MACD红柱(已启动) | 量能健康(1.0xMA20)
002802,洪汇新材,2026-04-13,6.0,深回调,13.5,13.22,13.02,12.94,13.31,67.3,70.6,0.0955,85.9,75.6,106.5,1.5,4.3,-3.6,0.56,2.1,小幅涨:近10日+4% | 回调至MA60(13.31) | MACD红柱(已启动) | 量能健康(1.5xMA20) | 量开始放大
002806,华锋股份,2026-04-13,6.0,深回调,14.37,13.97,13.39,13.7,14.27,83.7,67.9,0.1885,73.5,61.7,97.1,1.19,10.9,-6.4,0.61,2.8,上涨:近10日+11% | 回调至MA60(14.27) | MACD红柱(已启动) | 量能健康(1.2xMA20)
002819,东方中科,2026-04-13,6.0,深回调,27.09,26.47,25.45,25.4,27.53,100.0,79.9,0.3956,85.3,71.7,112.5,0.9,12.1,0.2,0.8,2.4,上涨:近10日+12% | 回调至MA60(27.53) | MACD红柱(已启动) | 量能健康(0.9xMA20)
002815,崇达技术,2026-04-13,6.0,深回调,14.91,14.5,14.12,14.46,14.86,89.8,65.2,0.1087,76.6,56.7,116.4,0.7,6.1,-6.0,0.55,2.8,上涨:近10日+6% | 回调至MA60(14.86) | MACD红柱(已启动) | 量能健康(0.7xMA20)
002899,英派斯,2026-04-13,6.0,深回调,31.89,31.52,29.99,30.05,31.25,76.3,70.1,0.4321,82.1,72.9,100.5,1.39,10.7,-1.5,1.34,1.2,上涨:近10日+11% | 回调至MA60(31.25) | MACD红柱(已启动) | 量能健康(1.4xMA20)
002906,华阳集团,2026-04-13,6.0,深回调,30.7,29.37,28.58,28.42,30.96,85.9,78.0,0.4574,77.4,63.6,104.8,1.42,12.0,1.4,1.03,4.5,上涨:近10日+12% | 回调至MA60(30.96) | MACD红柱(已启动) | 量能健康(1.4xMA20)
002917,金奥博,2026-04-13,6.0,深回调,14.11,14.11,13.7,13.33,13.91,70.6,82.2,0.1678,76.4,74.7,79.7,1.04,9.9,0.6,0.47,-0.0,上涨:近10日+10% | 回调至MA60(13.91) | MACD红柱(已启动) | 量能健康(1.0xMA20)
002972,科安达,2026-04-13,6.0,深回调,12.93,12.99,12.87,12.3,12.37,58.5,83.2,0.1102,71.9,75.8,64.1,0.79,6.1,5.0,0.52,-0.5,上涨:近10日+6% | 回调至MA60(12.37) | MACD红柱(已启动) | 量能健康(0.8xMA20)
002979,雷赛智能,2026-04-13,6.0,深回调,39.3,38.22,37.2,36.72,39.47,78.4,79.6,0.5258,83.8,76.6,98.2,1.19,10.2,2.0,1.09,2.8,上涨:近10日+10% | 回调至MA60(39.47) | MACD红柱(已启动) | 量能健康(1.2xMA20)
002998,优彩资源,2026-04-13,6.0,深回调,8.86,8.74,8.38,8.26,8.4,73.4,73.9,0.1203,81.6,76.2,92.4,2.37,9.8,-2.2,0.38,1.4,上涨:近10日+10% | 回调至MA60(8.40) | MACD红柱(已启动) | 量开始放大
003002,壶化股份,2026-04-13,6.0,深回调,27.44,27.71,27.14,26.27,27.89,71.6,74.1,0.3178,74.7,77.2,69.7,0.71,7.5,1.6,1.05,-1.0,上涨:近10日+8% | 回调至MA60(27.89) | MACD红柱(已启动) | 量能健康(0.7xMA20)
300012,华测检测,2026-04-13,6.0,深回调,15.44,14.97,14.63,14.64,15.32,87.1,79.6,0.1538,78.8,69.2,98.1,0.92,9.7,1.8,0.48,3.2,上涨:近10日+10% | 回调至MA60(15.32) | MACD红柱(已启动) | 量能健康(0.9xMA20)
300058,蓝色光标,2026-04-13,6.0,深回调,16.54,15.92,15.06,14.82,17.51,83.5,71.4,0.4063,75.3,61.0,103.9,1.39,16.0,10.4,0.86,3.9,上涨:近10日+16% | 回调至MA60(17.51) | MACD红柱(已启动) | 量能健康(1.4xMA20)
300056,中创环保,2026-04-13,6.0,深回调,9.34,9.02,8.8,8.88,9.23,75.0,66.4,0.0903,70.9,55.8,101.1,0.9,6.1,0.4,0.38,3.5,上涨:近10日+6% | 回调至MA60(9.23) | MACD红柱(已启动) | 量能健康(0.9xMA20)
300073,当升科技,2026-04-13,6.0,深回调,57.35,54.98,53.6,53.5,56.13,87.0,66.3,0.6483,78.0,64.2,105.7,1.25,4.9,3.1,2.29,4.3,小幅涨:近10日+5% | 回调至MA60(56.13) | MACD红柱(已启动) | 量能健康(1.3xMA20) | 量开始放大
300145,南方泵业,2026-04-13,6.0,布林撑,5.03,4.64,4.47,4.61,4.72,92.6,67.6,0.0588,65.7,48.6,99.8,1.92,14.3,-4.7,0.22,8.3,"上涨:近10日+14% | 布林下轨(3.91)获撑 | MACD红柱(已启动) | KDJ金叉(K=66) | 量能健康(1.9xMA20) | 量开始放大 | 偏离MA5过大,追高风险 | 突破MA5较多,追涨风险"
300154,瑞凌股份,2026-04-13,6.0,深回调,8.47,8.26,8.12,8.19,8.87,69.1,68.7,0.0774,72.5,64.3,89.0,1.73,5.5,-3.3,0.31,2.5,小幅涨:近10日+5% | 回调至MA60(8.87) | MACD红柱(已启动) | 量能健康(1.7xMA20) | 量开始放大
300174,元力股份,2026-04-13,6.0,深回调,17.17,16.91,16.46,16.45,16.56,80.2,66.9,0.1068,82.1,70.8,104.6,1.02,2.9,-0.2,0.52,1.5,小幅涨:近10日+3% | 回调至MA60(16.56) | MACD红柱(已启动) | 量能健康(1.0xMA20) | 量开始放大
300227,光韵达,2026-04-13,6.0,深回调,12.47,12.25,11.62,11.54,11.98,74.7,74.3,0.2102,71.3,65.8,82.4,0.85,13.3,-3.6,0.63,1.8,上涨:近10日+13% | 回调至MA60(11.98) | MACD红柱(已启动) | 量能健康(0.8xMA20)
300252,金信诺,2026-04-13,6.0,深回调,14.15,14.09,13.64,13.52,14.63,79.9,72.4,0.1834,76.6,73.2,83.3,0.96,7.9,-0.2,0.54,0.4,上涨:近10日+8% | 回调至MA60(14.63) | MACD红柱(已启动) | 量能健康(1.0xMA20)
300251,光线传媒,2026-04-13,6.0,深回调,16.29,15.79,15.42,15.5,17.91,79.9,68.1,0.2797,70.9,55.5,101.6,1.48,8.2,-0.9,0.58,3.2,上涨:近10日+8% | 回调至MA60(17.91) | MACD红柱(已启动) | 量能健康(1.5xMA20)
300267,尔康制药,2026-04-13,6.0,深回调,4.06,3.99,3.98,3.89,3.96,53.8,71.6,0.0193,70.1,65.5,79.3,1.11,2.3,-1.5,0.19,1.9,小幅涨:近10日+2% | 回调至MA60(3.96) | MACD红柱(已启动) | 量能健康(1.1xMA20) | 量开始放大
300352,北信源,2026-04-13,6.0,深回调,7.03,6.87,6.65,6.61,6.8,69.9,71.2,0.0804,82.6,73.4,100.9,0.9,11.1,-1.0,0.29,2.3,上涨:近10日+11% | 回调至MA60(6.80) | MACD红柱(已启动) | 量能健康(0.9xMA20)
300421,力星股份,2026-04-13,6.0,深回调,24.7,24.14,23.61,23.64,27.53,68.9,68.3,0.3732,72.0,59.0,98.0,1.27,6.3,-1.9,0.95,2.3,上涨:近10日+6% | 回调至MA60(27.53) | MACD红柱(已启动) | 量能健康(1.3xMA20)
300416,苏试试验,2026-04-13,6.0,深回调,17.9,17.67,17.58,17.12,18.15,54.3,80.1,0.1555,72.3,70.1,76.8,0.8,7.8,6.5,0.58,1.3,上涨:近10日+8% | 回调至MA60(18.15) | MACD红柱(已启动) | 量能健康(0.8xMA20)
300429,强力新材,2026-04-13,6.0,深回调,13.62,13.66,13.04,13.03,14.57,90.0,68.9,0.2169,76.1,67.5,93.3,1.18,8.2,-2.4,0.49,-0.3,上涨:近10日+8% | 回调至MA60(14.57) | MACD红柱(已启动) | 量能健康(1.2xMA20)
300456,赛微电子,2026-04-13,6.0,深回调,53.0,52.62,49.53,47.32,51.51,84.2,74.4,1.1847,81.6,79.1,86.5,1.11,14.2,10.3,2.64,0.7,上涨:近10日+14% | 回调至MA60(51.51) | MACD红柱(已启动) | 量能健康(1.1xMA20)
300436,广生堂,2026-04-13,6.0,深回调,113.48,115.13,114.93,109.28,107.15,11.7,65.1,0.7342,51.9,57.3,41.1,0.92,9.6,2.1,7.79,-1.4,上涨:近10日+10% | 回调至MA60(107.15) | MACD红柱(已启动) | 量能健康(0.9xMA20)
300440,运达科技,2026-04-13,6.0,布林撑,16.19,16.27,16.17,15.5,15.19,44.8,78.1,0.0998,67.7,75.4,52.2,0.84,4.2,-1.1,0.83,-0.5,小幅涨:近10日+4% | 布林下轨(13.47)获撑 | MACD红柱(已启动) | 量能健康(0.8xMA20)
300487,蓝晓科技,2026-04-13,6.0,深回调,70.63,70.11,68.28,67.67,69.96,70.6,70.6,0.6746,76.0,71.9,84.3,0.89,4.1,-8.8,2.55,0.7,小幅涨:近10日+4% | 回调至MA60(69.96) | MACD红柱(已启动) | 量能健康(0.9xMA20) | 量开始放大
300522,世名科技,2026-04-13,6.0,深回调,12.81,12.42,11.73,11.58,12.23,90.5,80.1,0.2441,79.7,72.0,94.9,1.56,16.5,5.7,0.47,3.1,上涨:近10日+16% | 回调至MA60(12.23) | MACD红柱(已启动) | 量能健康(1.6xMA20)
300532,今天国际,2026-04-13,6.0,深回调,11.66,11.48,11.23,11.04,11.84,82.0,82.5,0.1448,86.7,81.1,97.9,0.8,11.4,1.8,0.35,1.6,上涨:近10日+11% | 回调至MA60(11.84) | MACD红柱(已启动) | 量能健康(0.8xMA20)
300553,集智股份,2026-04-13,6.0,深回调,41.35,40.79,39.7,38.47,41.88,73.2,80.4,0.639,81.4,81.7,80.7,1.12,8.6,7.7,1.68,1.4,上涨:近10日+9% | 回调至MA60(41.88) | MACD红柱(已启动) | 量能健康(1.1xMA20)
300568,星源材质,2026-04-13,6.0,布林撑,15.86,15.28,14.97,14.82,14.56,81.9,67.6,0.1103,72.7,60.5,97.0,0.94,4.4,2.5,0.77,3.8,小幅涨:近10日+4% | 布林下轨(13.76)获撑 | MACD红柱(已启动) | 量能健康(0.9xMA20)
300604,长川科技,2026-04-13,6.0,深回调,135.29,131.41,125.88,124.33,129.06,86.6,65.7,1.9477,75.1,63.8,97.7,0.9,9.9,8.9,6.52,3.0,上涨:近10日+10% | 回调至MA60(129.06) | MACD红柱(已启动) | 量能健康(0.9xMA20)
300596,利安隆,2026-04-13,6.0,深回调,44.56,45.0,43.73,43.23,46.14,60.9,73.2,0.4717,80.5,76.3,88.9,0.7,5.3,-5.8,1.58,-1.0,小幅涨:近10日+5% | 回调至MA60(46.14) | MACD红柱(已启动) | 量能健康(0.7xMA20) | 量开始放大
300618,寒锐钴业,2026-04-13,6.0,深回调,44.13,42.76,42.21,42.52,46.64,71.5,66.1,0.3905,71.8,58.3,98.8,1.24,2.2,-8.1,1.54,3.2,小幅涨:近10日+2% | 回调至MA60(46.64) | MACD红柱(已启动) | 量能健康(1.2xMA20) | 量开始放大
300635,中达安,2026-04-13,6.0,深回调,14.35,13.95,13.8,13.48,14.28,70.5,74.1,0.1352,81.0,72.3,98.3,0.97,5.1,5.1,0.6,2.9,小幅涨:近10日+5% | 回调至MA60(14.28) | MACD红柱(已启动) | 量能健康(1.0xMA20) | 量开始放大
300628,亿联网络,2026-04-13,6.0,深回调,36.09,34.56,33.68,33.49,35.54,93.3,76.8,0.433,84.1,73.2,105.8,2.01,12.5,5.5,0.85,4.4,上涨:近10日+13% | 回调至MA60(35.54) | MACD红柱(已启动) | 量开始放大
300681,英搏尔,2026-04-13,6.0,深回调,24.76,24.12,22.92,22.31,24.44,86.4,78.9,0.5211,75.3,72.8,80.4,1.06,16.0,8.5,0.87,2.6,上涨:近10日+16% | 回调至MA60(24.44) | MACD红柱(已启动) | 量能健康(1.1xMA20)
300706,阿石创,2026-04-13,6.0,深回调,37.16,36.21,34.28,34.06,38.04,86.8,70.5,0.821,71.1,64.4,84.5,1.51,13.7,0.1,1.96,2.6,上涨:近10日+14% | 回调至MA60(38.04) | MACD红柱(已启动) | 量能健康(1.5xMA20)
300709,精研科技,2026-04-13,6.0,深回调,42.04,41.65,40.45,39.78,42.58,77.8,74.8,0.5234,78.2,72.5,89.6,0.72,9.6,-1.7,1.79,0.9,上涨:近10日+10% | 回调至MA60(42.58) | MACD红柱(已启动) | 量能健康(0.7xMA20)
300722,新余国科,2026-04-13,6.0,深回调,30.77,30.34,29.64,29.55,32.29,75.6,76.5,0.3383,87.1,78.6,104.0,0.93,6.7,-0.8,0.89,1.4,上涨:近10日+7% | 回调至MA60(32.29) | MACD红柱(已启动) | 量能健康(0.9xMA20)
300747,锐科激光,2026-04-13,6.0,深回调,32.81,31.46,29.59,28.91,31.04,88.2,78.2,0.6707,83.2,71.8,105.9,1.38,21.2,4.3,1.4,4.3,上涨:近10日+21% | 回调至MA60(31.04) | MACD红柱(已启动) | 量能健康(1.4xMA20)
300746,汉嘉数智,2026-04-13,6.0,深回调,13.36,13.21,13.0,12.65,13.33,55.3,72.5,0.1444,89.3,83.6,100.6,0.75,11.1,4.4,0.5,1.2,上涨:近10日+11% | 回调至MA60(13.33) | MACD红柱(已启动) | 量能健康(0.7xMA20)
300748,金力永磁,2026-04-13,6.0,深回调,32.84,32.35,31.62,31.45,35.39,91.7,73.2,0.441,77.2,71.2,89.2,1.29,5.3,-3.2,1.0,1.5,小幅涨:近10日+5% | 回调至MA60(35.39) | MACD红柱(已启动) | 量能健康(1.3xMA20) | 量开始放大
300752,隆利科技,2026-04-13,6.0,深回调,17.64,17.09,16.57,17.13,18.4,96.5,65.5,0.1853,71.2,53.7,106.3,0.86,8.4,-9.6,0.65,3.2,上涨:近10日+8% | 回调至MA60(18.40) | MACD红柱(已启动) | 量能健康(0.9xMA20)
300759,康龙化成,2026-04-13,6.0,深回调,30.67,30.57,29.86,28.2,29.31,51.2,82.3,0.4651,77.9,78.0,77.6,0.85,16.0,10.4,1.31,0.3,上涨:近10日+16% | 回调至MA60(29.31) | MACD红柱(已启动) | 量能健康(0.9xMA20)
300761,立华股份,2026-04-13,6.0,深回调,21.49,20.77,20.4,20.61,20.41,66.2,65.0,0.084,71.7,60.3,94.6,1.57,5.0,-2.0,0.92,3.5,小幅涨:近10日+5% | 回调至MA60(20.41) | MACD红柱(已启动) | 量能健康(1.6xMA20) | 量开始放大
300765,新诺威,2026-04-13,6.0,深回调,33.09,33.2,33.07,31.83,34.66,43.2,66.3,0.337,57.2,65.7,40.0,0.81,2.5,10.3,1.91,-0.3,小幅涨:近10日+3% | 回调至MA60(34.66) | MACD红柱(已启动) | 量能健康(0.8xMA20) | 量开始放大
300727,润禾材料,2026-04-13,6.0,深回调,33.08,32.56,31.31,31.55,34.42,86.4,71.4,0.4629,73.8,60.4,100.8,0.86,8.5,-2.9,1.19,1.6,上涨:近10日+8% | 回调至MA60(34.42) | MACD红柱(已启动) | 量能健康(0.9xMA20)
300806,斯迪克,2026-04-13,6.0,深回调,50.28,49.1,46.81,47.08,47.78,80.5,71.4,0.604,75.8,66.5,94.3,0.83,13.4,-4.1,2.42,2.4,上涨:近10日+13% | 回调至MA60(47.78) | MACD红柱(已启动) | 量能健康(0.8xMA20)
300807,天迈科技,2026-04-13,6.0,深回调,52.35,52.14,51.65,50.81,53.55,55.4,77.1,0.3639,69.7,72.0,65.1,1.26,2.8,4.0,1.91,0.4,小幅涨:近10日+3% | 回调至MA60(53.55) | MACD红柱(已启动) | 量能健康(1.3xMA20) | 量开始放大
300811,铂科新材,2026-04-13,6.0,深回调,82.97,80.54,78.12,77.71,79.91,94.1,71.6,0.8437,79.9,67.0,105.6,0.81,10.2,-2.0,3.53,3.0,上涨:近10日+10% | 回调至MA60(79.91) | MACD红柱(已启动) | 量能健康(0.8xMA20)
300836,佰奥智能,2026-04-13,6.0,深回调,60.08,56.79,55.41,56.18,59.44,86.5,69.9,0.67,70.9,52.3,108.1,0.8,7.3,8.6,2.55,5.8,上涨:近10日+7% | 回调至MA60(59.44) | MACD红柱(已启动) | 量能健康(0.8xMA20)
300858,科拓生物,2026-04-13,6.0,布林撑,18.87,18.51,18.6,17.28,17.73,52.9,74.8,0.2037,68.7,72.6,61.0,1.2,3.7,12.0,1.06,1.9,小幅涨:近10日+4% | 布林下轨(14.15)获撑 | MACD红柱(已启动) | 量能健康(1.2xMA20)
300882,万胜智能,2026-04-13,6.0,深回调,23.22,23.19,22.4,22.09,22.82,82.0,77.6,0.2319,85.4,77.2,101.7,0.67,9.2,-1.6,0.78,0.1,上涨:近10日+9% | 回调至MA60(22.82) | MACD红柱(已启动) | 量能健康(0.7xMA20)
300913,兆龙互连,2026-04-13,6.0,深回调,52.39,51.67,50.13,49.38,52.39,73.2,72.6,0.6738,79.9,73.1,93.6,0.82,9.2,1.7,2.2,1.4,上涨:近10日+9% | 回调至MA60(52.39) | MACD红柱(已启动) | 量能健康(0.8xMA20)
300953,震裕科技,2026-04-13,6.0,布林撑,182.53,182.96,181.92,173.1,169.17,51.4,68.4,1.1849,58.9,64.8,47.0,1.28,4.0,6.7,11.32,-0.2,小幅涨:近10日+4% | 布林下轨(151.10)获撑 | MACD红柱(已启动) | 量能健康(1.3xMA20)
300951,博硕科技,2026-04-13,6.0,深回调,37.68,37.39,36.77,36.48,36.94,68.3,74.0,0.2626,74.9,71.8,81.0,0.96,5.7,-0.7,1.21,0.8,小幅涨:近10日+6% | 回调至MA60(36.94) | MACD红柱(已启动) | 量能健康(1.0xMA20) | 量开始放大
300998,宁波方正,2026-04-13,6.0,深回调,24.96,24.16,23.04,22.95,23.67,93.2,76.2,0.3779,80.4,66.2,108.8,1.55,11.3,4.3,0.95,3.3,上涨:近10日+11% | 回调至MA60(23.67) | MACD红柱(已启动) | 量能健康(1.5xMA20)
300976,达瑞电子,2026-04-13,6.0,深回调,57.7,56.7,55.42,55.55,59.76,83.3,65.2,0.6102,77.1,63.0,105.4,0.83,6.7,-0.8,1.75,1.8,上涨:近10日+7% | 回调至MA60(59.76) | MACD红柱(已启动) | 量能健康(0.8xMA20)
600063,皖维高新,2026-04-13,6.0,深回调,7.35,7.23,6.99,6.93,6.98,80.8,67.8,0.0614,85.7,75.6,106.0,0.94,6.5,-5.0,0.28,1.7,上涨:近10日+7% | 回调至MA60(6.98) | MACD红柱(已启动) | 量能健康(0.9xMA20)
600071,凤凰光学,2026-04-13,6.0,深回调,20.29,20.44,19.86,19.51,20.72,66.3,68.9,0.253,75.7,71.3,84.6,1.04,7.9,0.5,0.76,-0.7,上涨:近10日+8% | 回调至MA60(20.72) | MACD红柱(已启动) | 量能健康(1.0xMA20)
600094,大名城,2026-04-13,6.0,深回调,4.43,4.46,4.3,4.2,4.65,77.8,80.7,0.0713,75.7,75.4,76.2,1.0,8.0,1.1,0.18,-0.6,上涨:近10日+8% | 回调至MA60(4.65) | MACD红柱(已启动) | 量能健康(1.0xMA20)
600106,重庆路桥,2026-04-13,6.0,深回调,6.14,6.06,5.79,5.69,6.1,86.4,74.9,0.0994,85.4,75.5,105.3,1.05,12.0,2.8,0.19,1.4,上涨:近10日+12% | 回调至MA60(6.10) | MACD红柱(已启动) | 量能健康(1.1xMA20)
600114,东睦股份,2026-04-13,6.0,深回调,30.67,29.76,28.79,28.44,31.38,93.2,78.2,0.515,80.9,72.1,98.6,0.84,10.7,-0.7,1.14,3.1,上涨:近10日+11% | 回调至MA60(31.38) | MACD红柱(已启动) | 量能健康(0.8xMA20)
600226,亨通股份,2026-04-13,6.0,深回调,5.26,5.06,4.88,4.9,5.56,98.4,74.4,0.0867,77.5,60.8,110.8,0.82,9.4,-12.6,0.21,3.9,上涨:近10日+9% | 回调至MA60(5.56) | MACD红柱(已启动) | 量能健康(0.8xMA20)
600282,南钢股份,2026-04-13,6.0,深回调,5.74,5.65,5.57,5.47,5.6,76.1,86.3,0.0463,82.2,75.3,95.8,0.58,7.3,-2.9,0.15,1.6,上涨:近10日+7% | 回调至MA60(5.60) | MACD红柱(已启动) | 量能健康(0.6xMA20)
600255,鑫科材料,2026-04-13,6.0,深回调,3.6,3.54,3.43,3.39,3.73,83.0,75.0,0.0544,81.6,73.5,97.7,0.9,7.1,0.0,0.12,1.8,上涨:近10日+7% | 回调至MA60(3.73) | MACD红柱(已启动) | 量能健康(0.9xMA20)
600230,沧州大化,2026-04-13,6.0,深回调,19.83,20.36,19.6,18.88,19.97,61.9,69.9,0.2518,75.1,77.4,70.5,0.74,8.6,-6.6,0.98,-2.6,上涨:近10日+9% | 回调至MA60(19.97) | MACD红柱(已启动) | 量能健康(0.7xMA20)
600320,振华重工,2026-04-13,6.0,深回调,5.13,5.15,5.07,4.91,5.15,54.5,74.8,0.0496,79.3,78.0,81.8,0.44,9.1,-4.8,0.17,-0.5,上涨:近10日+9% | 回调至MA60(5.15) | MACD红柱(已启动) | 量能健康(0.4xMA20)
600338,西藏珠峰,2026-04-13,6.0,深回调,18.34,17.64,17.36,16.81,18.04,72.0,77.1,0.2249,80.5,71.9,97.9,1.26,4.9,-0.3,0.83,4.0,小幅涨:近10日+5% | 回调至MA60(18.04) | MACD红柱(已启动) | 量能健康(1.3xMA20) | 量开始放大
600379,宝光股份,2026-04-13,6.0,深回调,12.87,12.22,11.94,11.82,12.61,78.3,75.6,0.1649,72.4,62.7,91.7,3.32,10.9,-1.3,0.63,5.4,上涨:近10日+11% | 回调至MA60(12.61) | MACD红柱(已启动) | 量开始放大
600392,盛和资源,2026-04-13,6.0,深回调,25.49,24.94,23.73,23.24,25.66,97.0,79.4,0.488,86.5,79.6,100.2,1.08,13.4,0.8,0.94,2.2,上涨:近10日+13% | 回调至MA60(25.66) | MACD红柱(已启动) | 量能健康(1.1xMA20)
600490,鹏欣资源,2026-04-13,6.0,深回调,8.08,8.07,7.9,7.78,8.74,60.9,72.1,0.1096,72.7,71.6,75.1,0.53,7.2,-6.8,0.35,0.1,上涨:近10日+7% | 回调至MA60(8.74) | MACD红柱(已启动) | 量能健康(0.5xMA20)
600552,凯盛科技,2026-04-13,6.0,深回调,13.11,12.92,12.41,12.41,13.77,81.9,68.7,0.2052,74.3,67.6,87.6,1.82,8.3,-2.7,0.5,1.5,上涨:近10日+8% | 回调至MA60(13.77) | MACD红柱(已启动) | 量能健康(1.8xMA20)
600562,国睿科技,2026-04-13,6.0,深回调,27.18,25.39,25.18,25.32,28.38,78.7,66.4,0.2943,65.7,49.0,99.2,2.72,9.2,2.6,0.97,7.0,"上涨:近10日+9% | 回调至MA60(28.38) | MACD红柱(已启动) | KDJ金叉(K=66) | 量开始放大 | 偏离MA5过大,追高风险"
600584,长电科技,2026-04-13,6.0,深回调,42.85,41.72,40.34,41.15,44.93,91.8,66.8,0.5173,73.0,55.1,108.9,0.87,8.4,-5.8,1.47,2.7,上涨:近10日+8% | 回调至MA60(44.93) | MACD红柱(已启动) | 量能健康(0.9xMA20)
600596,新安股份,2026-04-13,6.0,深回调,12.13,11.9,11.34,11.32,12.36,84.0,70.2,0.1865,82.6,68.6,110.7,1.07,10.4,-7.6,0.47,1.9,上涨:近10日+10% | 回调至MA60(12.36) | MACD红柱(已启动) | 量能健康(1.1xMA20)
600595,中孚实业,2026-04-13,6.0,深回调,8.18,8.12,7.76,7.57,8.51,72.4,71.2,0.1534,80.6,76.5,88.8,0.74,14.6,-4.6,0.38,0.7,上涨:近10日+15% | 回调至MA60(8.51) | MACD红柱(已启动) | 量能健康(0.7xMA20)
600655,豫园股份,2026-04-13,6.0,深回调,4.99,4.7,4.65,4.7,5.03,73.4,69.6,0.0422,63.5,51.9,86.6,4.39,8.0,0.2,0.13,6.1,"上涨:近10日+8% | 回调至MA60(5.03) | MACD红柱(已启动) | KDJ金叉(K=64) | 量开始放大 | 偏离MA5过大,追高风险"
600664,哈药股份,2026-04-13,6.0,深回调,3.67,3.76,3.65,3.54,3.53,55.2,70.8,0.0307,55.5,65.9,34.8,1.9,7.6,2.2,0.17,-2.3,上涨:近10日+8% | 回调至MA60(3.53) | MACD红柱(已启动) | 量能健康(1.9xMA20)
600711,盛屯矿业,2026-04-13,6.0,深回调,14.19,14.14,13.62,12.86,15.05,67.2,84.7,0.3286,84.3,82.9,87.1,0.6,14.2,3.0,0.66,0.3,上涨:近10日+14% | 回调至MA60(15.05) | MACD红柱(已启动) | 量能健康(0.6xMA20)
600724,宁波富达,2026-04-13,6.0,深回调,6.81,6.85,6.63,6.28,6.49,63.9,71.0,0.1037,86.4,82.8,93.7,0.63,17.2,4.4,0.34,-0.5,上涨:近10日+17% | 回调至MA60(6.49) | MACD红柱(已启动) | 量能健康(0.6xMA20)
600808,马钢股份,2026-04-13,6.0,深回调,4.02,3.97,3.87,3.83,4.04,75.5,68.8,0.0457,78.0,71.0,91.9,1.03,7.2,-5.0,0.16,1.3,上涨:近10日+7% | 回调至MA60(4.04) | MACD红柱(已启动) | 量能健康(1.0xMA20)
600810,神马股份,2026-04-13,6.0,深回调,8.9,8.86,8.43,8.24,8.54,66.0,69.4,0.1316,81.3,74.3,95.3,1.2,11.1,1.8,0.46,0.5,上涨:近10日+11% | 回调至MA60(8.54) | MACD红柱(已启动) | 量能健康(1.2xMA20)
600872,中炬高新,2026-04-13,6.0,布林撑,19.66,19.41,19.31,18.93,18.5,64.2,78.9,0.0759,81.2,78.7,86.1,0.69,4.2,6.0,0.46,1.3,小幅涨:近10日+4% | 布林下轨(17.85)获撑 | MACD红柱(已启动) | 量能健康(0.7xMA20)
600894,广日股份,2026-04-13,6.0,深回调,9.87,9.87,9.7,9.32,9.47,65.5,76.5,0.0974,59.0,62.6,51.8,0.84,13.4,5.0,0.37,-0.0,上涨:近10日+13% | 回调至MA60(9.47) | MACD红柱(已启动) | 量能健康(0.8xMA20)
600897,厦门空港,2026-04-13,6.0,深回调,16.74,16.47,16.35,16.13,16.94,58.5,70.2,0.1209,69.4,72.7,62.6,3.35,6.6,1.6,0.5,1.6,上涨:近10日+7% | 回调至MA60(16.94) | MACD红柱(已启动) | 量开始放大
600973,宝胜股份,2026-04-13,6.0,深回调,7.3,6.97,6.8,6.67,7.23,88.6,83.9,0.0973,84.5,77.2,98.9,2.05,9.4,-0.4,0.27,4.7,上涨:近10日+9% | 回调至MA60(7.23) | MACD红柱(已启动) | 量开始放大
600986,浙文互联,2026-04-13,6.0,深回调,10.49,10.1,9.82,9.9,11.33,81.9,68.4,0.1698,74.0,56.4,109.2,1.67,8.0,1.5,0.4,3.8,上涨:近10日+8% | 回调至MA60(11.33) | MACD红柱(已启动) | 量能健康(1.7xMA20)
601068,中铝国际,2026-04-13,6.0,深回调,6.2,6.17,6.03,5.92,6.0,71.4,65.6,0.0547,71.6,64.8,85.3,0.7,8.6,-3.3,0.31,0.5,上涨:近10日+9% | 回调至MA60(6.00) | MACD红柱(已启动) | 量能健康(0.7xMA20)
601069,西部黄金,2026-04-13,6.0,深回调,34.1,33.56,32.43,31.98,34.72,70.5,68.4,0.5571,74.1,67.8,86.7,1.01,12.5,-3.4,1.5,1.6,上涨:近10日+12% | 回调至MA60(34.72) | MACD红柱(已启动) | 量能健康(1.0xMA20)
601108,财通证券,2026-04-13,6.0,深回调,8.38,8.17,7.93,7.93,8.51,81.9,73.6,0.1027,78.7,66.8,102.7,1.33,9.3,1.0,0.21,2.6,上涨:近10日+9% | 回调至MA60(8.51) | MACD红柱(已启动) | 量能健康(1.3xMA20)
601138,工业富联,2026-04-13,6.0,深回调,55.7,55.29,53.47,51.86,55.31,71.7,73.0,0.8659,82.8,77.2,93.8,0.97,12.5,6.1,2.12,0.7,上涨:近10日+12% | 回调至MA60(55.31) | MACD红柱(已启动) | 量能健康(1.0xMA20)
601137,博威合金,2026-04-13,6.0,深回调,20.11,19.37,18.78,18.78,20.18,84.7,65.7,0.2555,73.8,55.7,110.0,1.0,9.2,-0.1,0.75,3.8,上涨:近10日+9% | 回调至MA60(20.18) | MACD红柱(已启动) | 量能健康(1.0xMA20)
601388,怡球资源,2026-04-13,6.0,深回调,3.97,3.93,3.83,3.73,3.82,65.1,67.7,0.0445,75.4,65.4,95.3,0.81,10.9,-2.0,0.2,1.0,上涨:近10日+11% | 回调至MA60(3.82) | MACD红柱(已启动) | 量能健康(0.8xMA20)
601588,北辰实业,2026-04-13,6.0,深回调,1.88,1.77,1.76,1.78,1.81,77.4,66.7,0.0097,54.6,44.2,75.5,3.59,6.2,0.0,0.08,6.1,"上涨:近10日+6% | 回调至MA60(1.81) | MACD红柱(已启动) | KDJ金叉(K=55) | 量开始放大 | 偏离MA5过大,追高风险"
601811,新华文轩,2026-04-13,6.0,深回调,14.66,14.88,14.24,13.86,14.39,62.3,68.5,0.225,72.6,80.7,56.5,2.97,9.8,7.3,0.56,-1.5,上涨:近10日+10% | 回调至MA60(14.39) | MACD红柱(已启动) | 量开始放大
603009,北特科技,2026-04-13,6.0,深回调,48.8,48.51,47.29,47.08,50.23,67.5,65.9,0.5358,74.6,69.4,85.0,0.8,7.9,-6.4,1.94,0.6,上涨:近10日+8% | 回调至MA60(50.23) | MACD红柱(已启动) | 量能健康(0.8xMA20)
603067,振华股份,2026-04-13,6.0,深回调,36.88,37.76,35.11,34.36,36.96,74.7,65.7,0.7025,77.2,71.3,89.0,1.01,15.6,-1.7,2.25,-2.3,上涨:近10日+16% | 回调至MA60(36.96) | MACD红柱(已启动) | 量能健康(1.0xMA20)
603082,北自科技,2026-04-13,6.0,深回调,38.14,36.19,35.49,35.35,37.29,79.1,80.0,0.405,76.7,69.2,91.8,3.27,11.7,1.7,1.06,5.4,上涨:近10日+12% | 回调至MA60(37.29) | MACD红柱(已启动) | 量开始放大
603088,宁波精达,2026-04-13,6.0,布林撑,13.41,12.58,12.3,12.41,12.14,72.2,62.5,0.1036,74.1,55.5,111.3,2.0,10.6,5.4,0.66,6.6,"上涨:近10日+11% | 布林下轨(11.29)获撑 | MACD红柱(已启动) | RSI14=63(正常区) | 量开始放大 | 偏离MA5过大,追高风险"
603123,翠微股份,2026-04-13,6.0,深回调,13.12,13.21,12.21,12.04,13.02,77.0,68.9,0.2889,73.5,67.2,86.0,1.78,17.5,-0.3,0.72,-0.7,上涨:近10日+17% | 回调至MA60(13.02) | MACD红柱(已启动) | 量能健康(1.8xMA20)
603075,热威股份,2026-04-13,6.0,深回调,22.49,22.38,22.06,21.68,23.04,71.7,92.1,0.2284,83.8,80.6,90.0,0.69,9.4,-0.6,0.57,0.5,上涨:近10日+9% | 回调至MA60(23.04) | MACD红柱(已启动) | 量能健康(0.7xMA20)
603150,万朗磁塑,2026-04-13,6.0,深回调,53.97,53.3,51.76,50.7,51.08,66.5,73.6,0.6587,83.0,77.3,94.6,0.71,19.0,-3.8,2.79,1.2,上涨:近10日+19% | 回调至MA60(51.08) | MACD红柱(已启动) | 量能健康(0.7xMA20)
603121,华培动力,2026-04-13,6.0,深回调,21.28,20.45,19.01,18.25,20.87,89.4,86.8,0.64,84.0,77.8,96.6,0.95,26.2,8.1,0.97,4.0,上涨:近10日+26% | 回调至MA60(20.87) | MACD红柱(已启动) | 量能健康(1.0xMA20)
603159,上海亚虹,2026-04-13,6.0,深回调,26.08,25.91,25.41,25.07,26.13,93.0,69.5,0.239,76.4,69.4,90.3,0.7,8.6,-1.7,1.02,0.7,上涨:近10日+9% | 回调至MA60(26.13) | MACD红柱(已启动) | 量能健康(0.7xMA20)
603193,润本股份,2026-04-13,6.0,深回调,24.13,24.67,23.92,22.73,23.46,58.3,71.7,0.3511,75.9,77.8,72.1,1.31,14.0,7.8,0.97,-2.2,上涨:近10日+14% | 回调至MA60(23.46) | MACD红柱(已启动) | 量能健康(1.3xMA20)
603271,永杰新材,2026-04-13,6.0,深回调,47.8,47.9,47.3,44.7,45.35,52.2,75.5,0.485,80.0,79.7,80.7,0.47,7.9,3.9,1.92,-0.2,上涨:近10日+8% | 回调至MA60(45.35) | MACD红柱(已启动) | 量能健康(0.5xMA20)
603258,电魂网络,2026-04-13,6.0,深回调,18.0,17.84,17.33,17.14,18.51,76.8,76.7,0.2333,74.5,69.6,84.3,0.52,10.5,-5.6,0.61,0.9,上涨:近10日+10% | 回调至MA60(18.51) | MACD红柱(已启动) | 量能健康(0.5xMA20)
603266,天龙股份,2026-04-13,6.0,深回调,19.73,19.11,18.72,18.72,20.57,82.3,77.3,0.2513,77.7,67.4,98.2,1.27,7.3,-1.9,0.59,3.2,上涨:近10日+7% | 回调至MA60(20.57) | MACD红柱(已启动) | 量能健康(1.3xMA20)
603279,景津装备,2026-04-13,6.0,深回调,18.27,18.25,17.61,17.25,18.07,73.3,71.2,0.2238,80.3,74.8,91.4,0.54,9.5,-5.6,0.67,0.1,上涨:近10日+9% | 回调至MA60(18.07) | MACD红柱(已启动) | 量能健康(0.5xMA20)
603288,海天味业,2026-04-13,6.0,布林撑,40.99,41.23,41.32,39.59,37.47,12.3,80.7,0.0925,57.3,71.3,29.2,0.49,3.2,8.5,1.06,-0.6,小幅涨:近10日+3% | 布林下轨(35.67)获撑 | MACD红柱(已启动) | 量能健康(0.5xMA20)
603303,得邦照明,2026-04-13,6.0,深回调,15.01,15.09,14.85,14.43,14.61,62.4,71.9,0.1218,77.9,78.9,76.1,0.72,8.4,1.8,0.53,-0.5,上涨:近10日+8% | 回调至MA60(14.61) | MACD红柱(已启动) | 量能健康(0.7xMA20)
603317,天味食品,2026-04-13,6.0,深回调,13.45,13.11,12.83,12.61,12.99,70.5,78.5,0.1501,75.7,71.6,84.0,1.15,8.8,8.9,0.39,2.6,上涨:近10日+9% | 回调至MA60(12.99) | MACD红柱(已启动) | 量能健康(1.1xMA20)
603386,骏亚科技,2026-04-13,6.0,深回调,14.05,13.8,13.51,13.55,14.55,83.6,70.2,0.1446,84.3,71.5,110.0,0.62,6.4,-0.4,0.43,1.8,上涨:近10日+6% | 回调至MA60(14.55) | MACD红柱(已启动) | 量能健康(0.6xMA20)
603409,汇通控股,2026-04-13,6.0,深回调,40.22,39.26,38.84,38.54,37.97,67.3,69.0,0.1405,77.5,72.9,86.8,1.9,5.3,4.7,1.2,2.5,小幅涨:近10日+5% | 回调至MA60(37.97) | MACD红柱(已启动) | 量能健康(1.9xMA20) | 量开始放大
603458,勘设股份,2026-04-13,6.0,深回调,10.89,10.86,10.46,10.22,10.86,69.2,66.9,0.1385,75.3,72.6,80.7,1.01,9.4,4.8,0.57,0.3,上涨:近10日+9% | 回调至MA60(10.86) | MACD红柱(已启动) | 量能健康(1.0xMA20)
603519,立霸股份,2026-04-13,6.0,深回调,14.0,13.78,13.62,13.44,13.32,63.1,75.5,0.0743,80.9,76.7,89.3,1.71,5.0,1.9,0.43,1.6,小幅涨:近10日+5% | 回调至MA60(13.32) | MACD红柱(已启动) | 量能健康(1.7xMA20) | 量开始放大
603538,美诺华,2026-04-13,6.0,布林撑,48.07,45.14,43.18,36.31,26.46,69.4,78.8,0.9659,85.3,84.1,87.8,1.39,22.7,89.5,4.42,6.5,"强势:近20日+89% | 布林下轨(20.00)获撑 | MACD红柱(已启动) | 量能健康(1.4xMA20) | 量开始放大 | 偏离MA5过大,追高风险"
603599,广信股份,2026-04-13,6.0,深回调,14.81,14.84,14.66,14.3,14.27,68.9,74.9,0.0747,63.2,64.8,60.0,0.95,3.6,-6.1,0.68,-0.2,小幅涨:近10日+4% | 回调至MA60(14.27) | MACD红柱(已启动) | 量能健康(0.9xMA20) | 量开始放大
603626,科森科技,2026-04-13,6.0,深回调,23.8,23.87,23.22,22.48,23.22,69.9,74.6,0.3028,72.1,71.2,73.8,0.87,9.7,2.1,1.42,-0.3,上涨:近10日+10% | 回调至MA60(23.22) | MACD红柱(已启动) | 量能健康(0.9xMA20)
603766,隆鑫通用,2026-04-13,6.0,深回调,14.97,14.8,14.31,14.42,15.04,72.1,67.1,0.1675,78.0,66.2,101.5,0.62,7.0,-2.0,0.76,1.2,上涨:近10日+7% | 回调至MA60(15.04) | MACD红柱(已启动) | 量能健康(0.6xMA20)
603803,瑞斯康达,2026-04-13,6.0,布林撑,15.26,14.12,13.67,13.79,11.6,81.2,53.6,-0.0057,71.6,55.4,103.9,0.51,11.1,11.0,1.2,8.1,"上涨:近10日+11% | 布林下轨(11.88)获撑 | MACD绿柱收窄(-0.0057) | RSI14=54(回升区) | 量能健康(0.5xMA20) | 偏离MA5过大,追高风险 | 突破MA5较多,追涨风险"
603819,神力股份,2026-04-13,6.0,布林撑,13.83,13.45,13.39,12.78,12.65,59.6,78.7,0.1051,61.4,63.5,57.4,0.92,5.2,9.1,0.73,2.8,小幅涨:近10日+5% | 布林下轨(11.16)获撑 | MACD红柱(已启动) | 量能健康(0.9xMA20)
603867,新化股份,2026-04-13,6.0,深回调,32.69,31.24,30.6,30.64,31.02,86.2,72.1,0.2536,72.6,60.6,96.6,1.06,4.4,-4.2,1.54,4.7,小幅涨:近10日+4% | 回调至MA60(31.02) | MACD红柱(已启动) | 量能健康(1.1xMA20) | 量开始放大
603886,元祖股份,2026-04-13,6.0,深回调,13.06,13.07,12.91,12.54,13.2,61.4,83.7,0.133,79.1,80.0,77.3,0.94,9.4,2.3,0.39,-0.1,上涨:近10日+9% | 回调至MA60(13.20) | MACD红柱(已启动) | 量能健康(0.9xMA20)
603893,瑞芯微,2026-04-13,6.0,深回调,168.83,161.4,156.01,156.48,174.29,89.6,73.6,2.9039,71.1,59.4,94.5,1.4,11.2,1.0,6.02,4.6,上涨:近10日+11% | 回调至MA60(174.29) | MACD红柱(已启动) | 量能健康(1.4xMA20)
603890,春秋电子,2026-04-13,6.0,深回调,15.66,15.38,14.62,14.25,14.93,93.7,78.3,0.2797,82.5,73.7,100.2,1.16,13.7,8.4,0.59,1.8,上涨:近10日+14% | 回调至MA60(14.93) | MACD红柱(已启动) | 量能健康(1.2xMA20)
603901,永创智能,2026-04-13,6.0,深回调,12.77,12.52,12.04,12.03,13.69,87.3,75.5,0.2376,79.1,67.0,103.3,0.95,11.8,-2.1,0.42,2.0,上涨:近10日+12% | 回调至MA60(13.69) | MACD红柱(已启动) | 量能健康(1.0xMA20)
603933,睿能科技,2026-04-13,6.0,深回调,23.9,22.09,21.76,21.87,23.28,68.1,57.9,0.3196,69.8,50.0,109.4,4.5,11.1,1.5,1.02,8.2,"上涨:近10日+11% | 回调至MA60(23.28) | MACD红柱(已启动) | RSI14=58(正常区) | KDJ金叉(K=70) | 量开始放大 | 偏离MA5过大,追高风险 | 突破MA5较多,追涨风险"
603938,三孚股份,2026-04-13,6.0,深回调,27.48,27.65,26.18,25.12,26.29,81.7,80.0,0.4293,82.2,80.2,86.3,1.01,14.0,1.0,1.46,-0.6,上涨:近10日+14% | 回调至MA60(26.29) | MACD红柱(已启动) | 量能健康(1.0xMA20)
603960,克来机电,2026-04-13,6.0,深回调,23.24,22.45,21.55,20.99,22.45,100.0,81.8,0.3883,88.3,81.9,101.1,1.05,13.5,3.0,0.92,3.5,上涨:近10日+13% | 回调至MA60(22.45) | MACD红柱(已启动) | 量能健康(1.1xMA20)
603988,中电电机,2026-04-13,6.0,深回调,27.1,27.33,25.94,25.47,28.22,79.8,74.3,0.4605,76.2,72.3,83.9,1.35,11.4,-0.3,1.09,-0.8,上涨:近10日+11% | 回调至MA60(28.22) | MACD红柱(已启动) | 量能健康(1.4xMA20)
603989,艾华集团,2026-04-13,6.0,深回调,18.9,18.67,17.8,17.45,18.02,81.2,75.4,0.2766,81.5,75.9,92.6,0.83,13.3,3.7,0.75,1.3,上涨:近10日+13% | 回调至MA60(18.02) | MACD红柱(已启动) | 量能健康(0.8xMA20)
603993,洛阳钼业,2026-04-13,6.0,深回调,18.86,18.74,18.17,18.11,21.42,77.5,69.7,0.326,75.9,68.5,90.5,0.6,7.3,-4.6,0.74,0.7,上涨:近10日+7% | 回调至MA60(21.42) | MACD红柱(已启动) | 量能健康(0.6xMA20)
605018,长华集团,2026-04-13,6.0,深回调,11.97,11.94,11.33,11.05,11.51,82.8,80.8,0.1834,70.0,67.8,74.5,0.88,13.6,2.7,0.43,0.3,上涨:近10日+14% | 回调至MA60(11.51) | MACD红柱(已启动) | 量能健康(0.9xMA20)
605060,联德股份,2026-04-13,6.0,布林撑,58.47,54.46,52.6,54.1,51.81,88.5,62.9,0.4957,72.5,50.6,116.3,2.17,8.6,4.6,3.22,7.4,"上涨:近10日+9% | 布林下轨(46.77)获撑 | MACD红柱(已启动) | RSI14=63(正常区) | 量开始放大 | 偏离MA5过大,追高风险"
605118,力鼎光电,2026-04-13,6.0,深回调,42.9,42.54,41.38,40.75,41.2,65.1,72.7,0.4276,71.0,68.9,75.1,1.2,10.0,2.9,1.98,0.8,上涨:近10日+10% | 回调至MA60(41.20) | MACD红柱(已启动) | 量能健康(1.2xMA20)
605128,上海沿浦,2026-04-13,6.0,深回调,35.27,34.25,33.16,33.57,36.78,92.3,71.3,0.4609,78.0,59.4,115.2,0.99,8.0,0.8,1.05,3.0,上涨:近10日+8% | 回调至MA60(36.78) | MACD红柱(已启动) | 量能健康(1.0xMA20)
605277,新亚电子,2026-04-13,6.0,深回调,23.99,23.53,22.97,23.09,23.93,100.0,77.4,0.2224,79.1,66.4,104.6,0.52,6.3,4.3,0.78,1.9,上涨:近10日+6% | 回调至MA60(23.93) | MACD红柱(已启动) | 量能健康(0.5xMA20)
605358,立昂微,2026-04-13,6.0,深回调,35.68,34.76,33.79,34.27,38.5,97.5,66.3,0.476,71.3,54.5,104.8,1.04,6.7,-2.1,1.24,2.6,上涨:近10日+7% | 回调至MA60(38.50) | MACD红柱(已启动) | 量能健康(1.0xMA20)
605365,立达信,2026-04-13,6.0,深回调,21.77,21.36,20.35,19.36,20.86,73.5,83.7,0.4344,83.1,80.6,88.2,1.43,18.6,7.0,0.94,1.9,上涨:近10日+19% | 回调至MA60(20.86) | MACD红柱(已启动) | 量能健康(1.4xMA20)
605588,冠石科技,2026-04-13,6.0,深回调,55.08,54.42,52.99,53.19,55.91,87.8,69.0,0.5331,70.9,62.5,87.7,0.87,2.7,1.3,2.13,1.2,小幅涨:近10日+3% | 回调至MA60(55.91) | MACD红柱(已启动) | 量能健康(0.9xMA20) | 量开始放大
605338,巴比食品,2026-04-13,6.0,深回调,26.67,26.49,26.2,25.84,28.27,57.4,70.6,0.27,66.8,72.1,56.3,1.19,3.5,4.8,0.88,0.7,小幅涨:近10日+4% | 回调至MA60(28.27) | MACD红柱(已启动) | 量能健康(1.2xMA20) | 量开始放大
688022,瀚川智能,2026-04-13,6.0,深回调,16.75,15.87,14.98,14.85,15.89,85.7,77.2,0.339,82.2,69.4,107.8,1.43,16.8,4.1,0.63,5.6,上涨:近10日+17% | 回调至MA60(15.89) | MACD红柱(已启动) | 量能健康(1.4xMA20)
688019,安集科技,2026-04-13,6.0,深回调,255.28,261.99,257.69,246.13,260.89,57.2,68.2,2.8316,65.0,75.4,44.4,0.99,3.3,7.8,11.41,-2.6,小幅涨:近10日+3% | 回调至MA60(260.89) | MACD红柱(已启动) | 量能健康(1.0xMA20) | 量开始放大
688037,芯源微,2026-04-13,6.0,深回调,183.2,179.15,174.31,170.42,192.5,81.7,68.1,2.9924,76.2,69.3,90.1,0.81,6.8,6.2,8.74,2.3,上涨:近10日+7% | 回调至MA60(192.50) | MACD红柱(已启动) | 量能健康(0.8xMA20)
688038,中科通达,2026-04-13,6.0,深回调,22.01,22.09,20.99,20.52,21.37,83.5,78.4,0.3169,80.5,77.4,86.8,0.89,11.3,1.5,0.99,-0.3,上涨:近10日+11% | 回调至MA60(21.37) | MACD红柱(已启动) | 量能健康(0.9xMA20)
688073,毕得医药,2026-04-13,6.0,深回调,61.5,60.26,59.26,56.75,60.71,48.0,73.2,0.9253,71.5,70.7,72.9,0.93,11.6,6.4,3.61,2.1,上涨:近10日+12% | 回调至MA60(60.71) | MACD红柱(已启动) | 量能健康(0.9xMA20)
688093,世华科技,2026-04-13,6.0,深回调,33.54,33.13,31.97,31.8,34.97,90.6,73.3,0.5124,80.0,72.1,95.9,0.99,9.0,-1.1,1.08,1.2,上涨:近10日+9% | 回调至MA60(34.97) | MACD红柱(已启动) | 量能健康(1.0xMA20)
688117,圣诺生物,2026-04-13,6.0,深回调,37.73,36.27,36.09,35.34,38.25,56.6,72.0,0.3905,70.2,69.5,71.6,2.09,11.7,0.4,1.76,4.0,上涨:近10日+12% | 回调至MA60(38.25) | MACD红柱(已启动) | 量开始放大
688136,科兴制药,2026-04-13,6.0,深回调,30.96,30.94,30.98,29.04,30.96,22.5,75.3,0.3778,57.0,64.7,41.6,0.83,13.9,5.0,1.8,0.1,上涨:近10日+14% | 回调至MA60(30.96) | MACD红柱(已启动) | 量能健康(0.8xMA20)
688137,近岸蛋白,2026-04-13,6.0,深回调,45.23,43.22,42.43,41.12,43.5,72.9,82.1,0.5932,89.1,84.1,99.1,2.43,12.9,9.1,1.63,4.7,上涨:近10日+13% | 回调至MA60(43.50) | MACD红柱(已启动) | 量开始放大
688157,松井股份,2026-04-13,6.0,布林撑,40.65,41.06,39.67,37.98,38.08,67.2,76.6,0.4926,73.4,77.9,64.2,0.97,3.8,4.6,1.94,-1.0,小幅涨:近10日+4% | 布林下轨(32.80)获撑 | MACD红柱(已启动) | 量能健康(1.0xMA20)
688168,安博通,2026-04-13,6.0,深回调,76.14,70.84,69.81,70.39,72.95,87.0,66.2,0.5645,66.5,48.4,102.6,2.68,8.0,10.9,3.05,7.5,"上涨:近10日+8% | 回调至MA60(72.95) | MACD红柱(已启动) | KDJ金叉(K=67) | 量开始放大 | 偏离MA5过大,追高风险"
688177,百奥泰,2026-04-13,6.0,深回调,23.53,23.01,22.74,22.32,23.26,55.8,67.7,0.2055,79.2,75.5,86.6,1.11,5.6,5.7,1.01,2.3,小幅涨:近10日+6% | 回调至MA60(23.26) | MACD红柱(已启动) | 量能健康(1.1xMA20) | 量开始放大
688179,阿拉丁,2026-04-13,6.0,布林撑,18.08,17.91,17.41,17.17,16.93,69.5,65.9,0.1221,78.4,73.2,88.6,0.73,4.5,1.4,0.91,1.0,小幅涨:近10日+5% | 布林下轨(15.68)获撑 | MACD红柱(已启动) | 量能健康(0.7xMA20)
688188,柏楚电子,2026-04-13,6.0,深回调,141.5,136.51,133.95,134.57,147.36,77.9,68.5,1.6457,73.0,59.5,100.0,1.07,7.0,-5.1,4.13,3.7,上涨:近10日+7% | 回调至MA60(147.36) | MACD红柱(已启动) | 量能健康(1.1xMA20)
688202,美迪西,2026-04-13,6.0,深回调,65.88,65.25,64.66,60.93,64.53,50.4,79.1,0.8882,67.5,73.1,56.4,0.65,9.3,1.6,3.44,1.0,上涨:近10日+9% | 回调至MA60(64.53) | MACD红柱(已启动) | 量能健康(0.7xMA20)
688199,久日新材,2026-04-13,6.0,深回调,26.5,25.87,24.89,24.62,26.26,91.0,79.5,0.3836,85.3,77.2,101.5,0.98,10.9,-1.3,0.89,2.4,上涨:近10日+11% | 回调至MA60(26.26) | MACD红柱(已启动) | 量能健康(1.0xMA20)
688211,中科微至,2026-04-13,6.0,深回调,32.87,31.94,31.41,31.48,32.43,85.7,76.5,0.2239,83.7,73.8,103.4,1.48,5.0,-0.1,0.78,2.9,小幅涨:近10日+5% | 回调至MA60(32.43) | MACD红柱(已启动) | 量能健康(1.5xMA20) | 量开始放大
688209,英集芯,2026-04-13,6.0,深回调,20.96,20.7,20.23,20.34,22.37,90.2,67.6,0.2429,71.9,62.1,91.6,1.17,5.2,-0.7,0.69,1.3,小幅涨:近10日+5% | 回调至MA60(22.37) | MACD红柱(已启动) | 量能健康(1.2xMA20) | 量开始放大
688208,道通科技,2026-04-13,6.0,深回调,36.05,35.52,34.27,33.46,35.15,74.9,73.5,0.5342,81.0,76.8,89.4,1.15,11.4,5.9,1.27,1.5,上涨:近10日+11% | 回调至MA60(35.15) | MACD红柱(已启动) | 量能健康(1.1xMA20)
688213,思特威,2026-04-13,6.0,深回调,92.51,93.34,88.91,84.49,91.59,76.0,76.0,1.9292,85.1,82.6,90.2,1.0,19.8,9.1,3.76,-0.9,上涨:近10日+20% | 回调至MA60(91.59) | MACD红柱(已启动) | 量能健康(1.0xMA20)
688238,和元生物,2026-04-13,6.0,深回调,7.22,7.14,7.06,7.0,7.28,52.7,71.1,0.0453,74.4,70.7,81.6,0.54,6.2,-4.7,0.33,1.1,上涨:近10日+6% | 回调至MA60(7.28) | MACD红柱(已启动) | 量能健康(0.5xMA20)
688256,寒武纪,2026-04-13,6.0,深回调,1219.62,1182.26,1097.99,1068.28,1168.64,100.0,76.7,29.0849,84.9,74.5,105.7,1.02,19.1,11.3,54.65,3.2,上涨:近10日+19% | 回调至MA60(1168.64) | MACD红柱(已启动) | 量能健康(1.0xMA20)
688267,中触媒,2026-04-13,6.0,深回调,30.5,30.34,29.29,29.3,29.73,87.3,72.6,0.2762,80.6,70.8,100.2,0.76,8.3,-1.5,1.1,0.5,上涨:近10日+8% | 回调至MA60(29.73) | MACD红柱(已启动) | 量能健康(0.8xMA20)
688299,长阳科技,2026-04-13,6.0,深回调,17.92,17.5,17.04,17.19,18.6,81.6,65.5,0.1859,77.1,64.9,101.5,0.92,2.6,-1.4,0.81,2.4,小幅涨:近10日+3% | 回调至MA60(18.60) | MACD红柱(已启动) | 量能健康(0.9xMA20) | 量开始放大
688332,中科蓝讯,2026-04-13,6.0,深回调,125.58,125.43,121.88,120.23,132.2,71.5,72.5,1.6233,69.9,71.5,66.6,1.23,7.2,0.5,4.09,0.1,上涨:近10日+7% | 回调至MA60(132.20) | MACD红柱(已启动) | 量能健康(1.2xMA20)
688330,宏力达,2026-04-13,6.0,布林撑,50.85,49.61,48.46,48.8,46.53,98.2,68.2,0.1476,76.3,62.2,104.5,0.87,4.6,-2.6,1.96,2.5,小幅涨:近10日+5% | 布林下轨(45.41)获撑 | MACD红柱(已启动) | 量能健康(0.9xMA20)
688369,致远互联,2026-04-13,6.0,深回调,23.98,23.53,22.54,22.55,25.74,78.5,69.0,0.3995,70.5,60.7,90.1,1.48,11.5,1.1,1.17,1.9,上涨:近10日+12% | 回调至MA60(25.74) | MACD红柱(已启动) | 量能健康(1.5xMA20)
688381,帝奥微,2026-04-13,6.0,深回调,23.09,22.56,21.75,21.98,23.58,92.9,71.6,0.3042,74.5,61.8,99.8,0.85,8.7,1.2,0.83,2.4,上涨:近10日+9% | 回调至MA60(23.58) | MACD红柱(已启动) | 量能健康(0.8xMA20)
688392,骄成超声,2026-04-13,6.0,深回调,125.85,125.07,116.68,109.99,126.55,84.4,77.6,3.6513,83.1,79.1,90.9,0.68,21.6,11.4,6.82,0.6,上涨:近10日+22% | 回调至MA60(126.55) | MACD红柱(已启动) | 量能健康(0.7xMA20)
688475,萤石网络,2026-04-13,6.0,深回调,28.95,27.36,26.83,26.87,29.09,83.7,73.3,0.3374,73.9,62.5,96.7,3.78,9.2,3.0,0.79,5.8,上涨:近10日+9% | 回调至MA60(29.09) | MACD红柱(已启动) | 量开始放大
688502,茂莱光学,2026-04-13,6.0,深回调,339.47,338.7,323.18,315.53,356.0,81.2,66.6,7.0518,77.3,71.8,88.3,1.22,10.0,2.9,17.44,0.2,上涨:近10日+10% | 回调至MA60(356.00) | MACD红柱(已启动) | 量能健康(1.2xMA20)
688519,南亚新材,2026-04-13,6.0,布林撑,142.57,134.6,131.14,136.29,108.69,100.0,55.1,-1.1739,61.1,42.8,97.8,1.08,2.6,7.2,12.39,5.9,小幅涨:近10日+3% | 布林下轨(117.39)获撑 | RSI14=55(正常区) | KDJ金叉(K=61) | 量能健康(1.1xMA20)
688518,联赢激光,2026-04-13,6.0,深回调,25.73,25.42,24.84,24.45,27.68,74.5,69.2,0.3703,77.7,75.3,82.4,1.11,5.3,0.2,1.08,1.2,小幅涨:近10日+5% | 回调至MA60(27.68) | MACD红柱(已启动) | 量能健康(1.1xMA20) | 量开始放大
688559,海目星,2026-04-13,6.0,深回调,55.84,53.22,51.24,52.3,56.72,96.8,68.3,0.7407,78.8,59.2,117.9,0.72,6.6,-3.1,2.49,4.9,上涨:近10日+7% | 回调至MA60(56.72) | MACD红柱(已启动) | 量能健康(0.7xMA20)
688515,裕太微,2026-04-13,6.0,深回调,127.11,126.46,122.61,122.13,122.47,85.6,65.5,0.8836,72.5,66.2,85.0,1.02,6.4,-1.6,5.77,0.5,上涨:近10日+6% | 回调至MA60(122.47) | MACD红柱(已启动) | 量能健康(1.0xMA20)
688573,信宇人,2026-04-13,6.0,深回调,21.54,20.27,19.72,19.86,22.11,78.6,68.2,0.3397,63.5,57.0,76.5,3.96,8.7,-0.8,1.06,6.3,"上涨:近10日+9% | 回调至MA60(22.11) | MACD红柱(已启动) | KDJ金叉(K=63) | 量开始放大 | 偏离MA5过大,追高风险"
688582,芯动联科,2026-04-13,6.0,深回调,61.4,61.45,59.82,59.36,64.59,73.9,65.9,0.7115,77.0,72.4,86.2,1.08,7.0,-1.0,2.04,-0.1,上涨:近10日+7% | 回调至MA60(64.59) | MACD红柱(已启动) | 量能健康(1.1xMA20)
688600,皖仪科技,2026-04-13,6.0,深回调,26.27,25.0,24.33,24.39,26.56,88.5,69.6,0.3121,78.4,65.4,104.4,2.05,9.7,-1.1,0.94,5.1,上涨:近10日+10% | 回调至MA60(26.56) | MACD红柱(已启动) | 量开始放大
688595,芯海科技,2026-04-13,6.0,深回调,33.7,31.03,30.32,31.28,35.14,86.3,63.8,0.4194,63.6,45.6,99.6,2.99,8.4,1.0,1.43,8.6,"上涨:近10日+8% | 回调至MA60(35.14) | MACD红柱(已启动) | RSI14=64(正常区) | KDJ金叉(K=64) | 量开始放大 | 偏离MA5过大,追高风险 | 突破MA5较多,追涨风险"
688617,惠泰医疗,2026-04-13,6.0,布林撑,256.1,259.27,255.77,245.28,240.84,49.6,80.2,1.6269,72.7,80.3,57.6,0.69,3.7,9.0,8.4,-1.2,小幅涨:近10日+4% | 布林下轨(220.59)获撑 | MACD红柱(已启动) | 量能健康(0.7xMA20)
688665,四方光电,2026-04-13,6.0,深回调,47.7,45.78,44.67,44.8,49.4,85.4,74.9,0.6307,77.9,63.5,106.7,2.2,8.7,-0.7,1.35,4.2,上涨:近10日+9% | 回调至MA60(49.40) | MACD红柱(已启动) | 量开始放大
688683,莱尔科技,2026-04-13,6.0,深回调,36.6,35.18,33.57,33.31,35.16,81.3,73.0,0.6236,72.9,59.1,100.4,0.84,15.2,-2.0,1.73,4.0,上涨:近10日+15% | 回调至MA60(35.16) | MACD红柱(已启动) | 量能健康(0.8xMA20)
688718,唯赛勃,2026-04-13,6.0,深回调,15.73,15.39,15.12,15.02,14.91,63.5,71.3,0.0714,79.2,71.7,94.3,1.14,5.2,-3.0,0.66,2.2,小幅涨:近10日+5% | 回调至MA60(14.91) | MACD红柱(已启动) | 量能健康(1.1xMA20) | 量开始放大
000039,中集集团,2026-04-13,5.5,深回调,11.82,11.62,11.24,11.27,11.2,88.6,68.7,0.0792,75.2,65.6,94.4,0.81,5.3,-3.7,0.53,1.7,小幅涨:近10日+5% | 回调至MA60(11.20) | MACD红柱(已启动) | 量能健康(0.8xMA20)
000652,泰达股份,2026-04-13,5.5,深回调,4.11,4.15,4.05,3.99,4.17,63.5,71.3,0.0331,69.0,69.6,67.8,0.77,4.6,0.0,0.14,-1.0,小幅涨:近10日+5% | 回调至MA60(4.17) | MACD红柱(已启动) | 量能健康(0.8xMA20)
000683,博源化工,2026-04-13,5.5,深回调,8.86,8.82,8.62,8.57,8.62,83.0,71.9,0.0427,74.5,68.9,85.6,0.71,3.1,-4.8,0.32,0.4,小幅涨:近10日+3% | 回调至MA60(8.62) | MACD红柱(已启动) | 量能健康(0.7xMA20)
000708,中信特钢,2026-04-13,5.5,深回调,17.0,16.73,16.61,16.41,16.34,69.0,70.5,0.0663,78.2,69.9,94.8,0.66,3.5,-2.2,0.47,1.6,小幅涨:近10日+4% | 回调至MA60(16.34) | MACD红柱(已启动) | 量能健康(0.7xMA20)
000931,中 关 村,2026-04-13,5.5,深回调,5.29,5.3,5.26,5.13,5.15,45.7,79.0,0.0255,63.6,71.3,48.1,0.92,3.5,1.9,0.17,-0.2,小幅涨:近10日+4% | 回调至MA60(5.15) | MACD红柱(已启动) | 量能健康(0.9xMA20)
000970,中科三环,2026-04-13,5.5,深回调,12.33,12.03,11.79,11.91,13.42,91.1,73.2,0.1483,81.6,70.2,104.2,0.91,5.1,-8.5,0.33,2.5,小幅涨:近10日+5% | 回调至MA60(13.42) | MACD红柱(已启动) | 量能健康(0.9xMA20)
001231,农心科技,2026-04-13,5.5,深回调,24.68,23.85,23.65,23.58,24.52,66.7,67.8,0.1486,71.8,66.6,82.2,2.71,5.5,-2.8,0.95,3.5,小幅涨:近10日+6% | 回调至MA60(24.52) | MACD红柱(已启动) | 量开始放大
002074,国轩高科,2026-04-13,5.5,深回调,39.5,36.51,35.94,36.68,37.88,81.8,60.5,0.3197,67.7,44.9,113.3,2.95,5.1,2.0,1.57,8.2,"小幅涨:近10日+5% | 回调至MA60(37.88) | MACD红柱(已启动) | RSI14=60(正常区) | KDJ金叉(K=68) | 量开始放大 | 偏离MA5过大,追高风险 | 突破MA5较多,追涨风险"
002099,海翔药业,2026-04-13,5.5,深回调,7.34,7.18,7.16,7.06,7.18,52.5,72.4,0.0371,76.4,68.7,91.9,0.9,2.4,-0.5,0.29,2.2,小幅涨:近10日+2% | 回调至MA60(7.18) | MACD红柱(已启动) | 量能健康(0.9xMA20)
002193,如意集团,2026-04-13,5.5,布林撑,6.65,6.27,6.08,6.14,6.26,82.4,66.1,0.0646,81.8,64.9,115.4,1.18,6.9,5.4,0.33,6.1,"上涨:近10日+7% | 布林下轨(5.56)获撑 | MACD红柱(已启动) | 量能健康(1.2xMA20) | 量开始放大 | 偏离MA5过大,追高风险"
002363,隆基机械,2026-04-13,5.5,深回调,8.43,8.16,8.05,8.07,8.91,65.0,66.1,0.098,70.4,59.3,92.7,3.32,5.8,-5.2,0.29,3.3,小幅涨:近10日+6% | 回调至MA60(8.91) | MACD红柱(已启动) | 量开始放大
002396,星网锐捷,2026-04-13,5.5,深回调,28.44,27.62,26.72,27.23,28.81,96.9,66.3,0.2621,79.0,64.4,108.2,0.8,5.3,-6.9,1.14,3.0,小幅涨:近10日+5% | 回调至MA60(28.81) | MACD红柱(已启动) | 量能健康(0.8xMA20)
002420,毅昌科技,2026-04-13,5.5,深回调,7.68,7.58,7.41,7.45,7.9,72.5,71.0,0.0685,78.0,71.6,90.9,0.93,5.3,-3.5,0.26,1.3,小幅涨:近10日+5% | 回调至MA60(7.90) | MACD红柱(已启动) | 量能健康(0.9xMA20)
002476,宝莫股份,2026-04-13,5.5,深回调,6.15,6.04,5.91,5.87,6.41,72.9,71.2,0.0673,82.3,74.4,98.1,1.01,5.9,-0.2,0.19,1.8,小幅涨:近10日+6% | 回调至MA60(6.41) | MACD红柱(已启动) | 量能健康(1.0xMA20)
002522,浙江众成,2026-04-13,5.5,深回调,5.98,5.97,5.84,5.77,5.95,62.4,74.7,0.0469,76.7,73.2,83.9,0.72,4.7,-3.1,0.26,0.1,小幅涨:近10日+5% | 回调至MA60(5.95) | MACD红柱(已启动) | 量能健康(0.7xMA20)
002748,世龙实业,2026-04-13,5.5,深回调,12.14,11.91,11.7,11.68,12.36,67.1,68.0,0.1025,86.4,76.7,105.7,0.63,3.5,-4.3,0.4,1.9,小幅涨:近10日+3% | 回调至MA60(12.36) | MACD红柱(已启动) | 量能健康(0.6xMA20)
002783,凯龙股份,2026-04-13,5.5,深回调,9.7,9.62,9.41,9.36,9.85,72.7,70.5,0.0784,80.1,71.9,96.3,0.58,4.1,-4.8,0.33,0.8,小幅涨:近10日+4% | 回调至MA60(9.85) | MACD红柱(已启动) | 量能健康(0.6xMA20)
002943,宇晶股份,2026-04-13,5.5,布林撑,51.26,47.13,46.5,47.97,60.67,91.6,67.2,0.9154,62.2,40.3,106.1,1.02,9.3,-5.5,2.09,8.8,"上涨:近10日+9% | 布林下轨(42.58)获撑 | MACD红柱(已启动) | KDJ金叉(K=62) | 量能健康(1.0xMA20) | 偏离MA5过大,追高风险 | 突破MA5较多,追涨风险"
300004,南风股份,2026-04-13,5.5,深回调,13.95,13.56,13.23,12.93,13.9,76.9,69.1,0.1882,72.3,68.4,80.1,0.55,5.5,9.8,0.71,2.9,小幅涨:近10日+6% | 回调至MA60(13.90) | MACD红柱(已启动) | 量能健康(0.5xMA20)
300092,科新机电,2026-04-13,5.5,深回调,16.45,16.19,15.83,15.78,16.26,82.0,73.0,0.1288,79.0,68.7,99.7,0.73,4.7,-6.3,0.63,1.6,小幅涨:近10日+5% | 回调至MA60(16.26) | MACD红柱(已启动) | 量能健康(0.7xMA20)
300292,吴通控股,2026-04-13,5.5,深回调,5.01,4.86,4.71,4.77,4.79,84.0,66.1,0.0356,71.8,59.5,96.4,0.86,5.9,1.4,0.23,3.2,小幅涨:近10日+6% | 回调至MA60(4.79) | MACD红柱(已启动) | 量能健康(0.9xMA20)
300347,泰格医药,2026-04-13,5.5,深回调,56.06,56.24,55.63,53.45,58.09,47.9,74.1,0.7075,74.6,76.8,70.4,0.73,4.9,1.7,2.26,-0.3,小幅涨:近10日+5% | 回调至MA60(58.09) | MACD红柱(已启动) | 量能健康(0.7xMA20)
300358,楚天科技,2026-04-13,5.5,深回调,10.04,9.9,9.75,9.71,10.64,66.1,69.6,0.1055,77.2,67.5,96.6,0.81,5.1,-1.7,0.34,1.4,小幅涨:近10日+5% | 回调至MA60(10.64) | MACD红柱(已启动) | 量能健康(0.8xMA20)
300373,扬杰科技,2026-04-13,5.5,深回调,77.48,76.33,73.65,73.41,77.55,79.3,66.7,1.0038,82.3,73.8,99.3,0.74,5.3,0.4,3.32,1.5,小幅涨:近10日+5% | 回调至MA60(77.55) | MACD红柱(已启动) | 量能健康(0.7xMA20)
300410,正业科技,2026-04-13,5.5,深回调,8.66,8.41,8.17,8.3,8.7,84.0,67.3,0.0861,73.9,59.1,103.5,1.08,5.5,-3.8,0.33,3.0,小幅涨:近10日+5% | 回调至MA60(8.70) | MACD红柱(已启动) | 量能健康(1.1xMA20)
300538,同益股份,2026-04-13,5.5,深回调,15.4,14.83,14.6,14.76,15.97,75.7,69.0,0.1416,75.4,62.7,100.8,2.21,5.3,-2.7,0.52,3.8,小幅涨:近10日+5% | 回调至MA60(15.97) | MACD红柱(已启动) | 量开始放大
300560,中富通,2026-04-13,5.5,深回调,15.86,15.62,15.35,15.18,16.12,64.1,69.4,0.1571,78.5,72.3,90.8,0.8,5.7,2.5,0.66,1.5,小幅涨:近10日+6% | 回调至MA60(16.12) | MACD红柱(已启动) | 量能健康(0.8xMA20)
300610,晨化股份,2026-04-13,5.5,深回调,11.95,11.65,11.38,11.51,12.08,76.1,71.8,0.1018,85.0,71.8,111.3,0.73,5.2,-6.9,0.37,2.6,小幅涨:近10日+5% | 回调至MA60(12.08) | MACD红柱(已启动) | 量能健康(0.7xMA20)
300649,杭州园林,2026-04-13,5.5,深回调,14.9,14.6,14.39,14.38,14.83,66.5,67.1,0.0972,84.9,72.6,109.4,0.8,3.8,-1.3,0.63,2.0,小幅涨:近10日+4% | 回调至MA60(14.83) | MACD红柱(已启动) | 量能健康(0.8xMA20)
300710,万隆光电,2026-04-13,5.5,深回调,29.91,29.34,28.56,28.84,30.62,91.9,67.9,0.2658,76.5,62.9,103.8,1.03,5.5,-1.9,1.23,1.9,小幅涨:近10日+6% | 回调至MA60(30.62) | MACD红柱(已启动) | 量能健康(1.0xMA20)
300725,药石科技,2026-04-13,5.5,深回调,37.77,37.59,37.4,36.51,39.57,41.3,76.3,0.3657,67.7,70.1,62.8,0.68,5.7,0.7,1.3,0.5,小幅涨:近10日+6% | 回调至MA60(39.57) | MACD红柱(已启动) | 量能健康(0.7xMA20)
300745,欣锐科技,2026-04-13,5.5,深回调,26.46,25.53,26.15,25.54,26.83,45.6,65.2,0.1016,47.9,48.0,47.6,0.79,2.3,3.2,1.48,3.6,小幅涨:近10日+2% | 回调至MA60(26.83) | MACD红柱(已启动) | 量能健康(0.8xMA20)
300740,水羊股份,2026-04-13,5.5,深回调,21.31,21.15,20.85,20.68,22.67,61.6,65.3,0.2113,77.8,69.4,94.6,0.53,2.2,2.1,0.62,0.8,小幅涨:近10日+2% | 回调至MA60(22.67) | MACD红柱(已启动) | 量能健康(0.5xMA20)
300885,海昌新材,2026-04-13,5.5,深回调,23.93,23.5,23.33,22.84,25.57,57.8,67.8,0.2983,74.3,65.9,91.0,0.75,5.7,3.7,1.13,1.8,小幅涨:近10日+6% | 回调至MA60(25.57) | MACD红柱(已启动) | 量能健康(0.8xMA20)
300955,嘉亨家化,2026-04-13,5.5,深回调,36.75,36.62,37.21,35.54,36.72,23.5,68.9,0.1684,47.1,60.1,21.0,0.75,3.9,0.6,2.25,0.4,小幅涨:近10日+4% | 回调至MA60(36.72) | MACD红柱(已启动) | 量能健康(0.8xMA20)
300977,深圳瑞捷,2026-04-13,5.5,深回调,19.75,19.45,19.09,18.99,20.69,69.4,74.7,0.1994,75.6,69.3,88.1,0.77,5.2,-1.1,0.72,1.6,小幅涨:近10日+5% | 回调至MA60(20.69) | MACD红柱(已启动) | 量能健康(0.8xMA20)
600459,贵研铂业,2026-04-13,5.5,深回调,20.34,20.09,19.77,19.67,21.69,78.2,72.0,0.2152,80.0,70.6,98.7,0.58,4.9,-5.2,0.64,1.3,小幅涨:近10日+5% | 回调至MA60(21.69) | MACD红柱(已启动) | 量能健康(0.6xMA20)
600527,江南高纤,2026-04-13,5.5,布林撑,2.81,2.61,2.55,2.51,2.37,67.4,73.2,0.0175,80.6,72.0,98.0,1.36,7.3,8.1,0.16,7.7,"上涨:近10日+7% | 布林下轨(2.18)获撑 | MACD红柱(已启动) | 量能健康(1.4xMA20) | 量开始放大 | 偏离MA5过大,追高风险"
600583,海油工程,2026-04-13,5.5,深回调,7.02,6.9,6.8,6.77,6.82,57.7,67.5,0.0344,74.1,67.3,87.8,0.77,4.5,-2.0,0.28,1.7,小幅涨:近10日+4% | 回调至MA60(6.82) | MACD红柱(已启动) | 量能健康(0.8xMA20)
600960,渤海汽车,2026-04-13,5.5,深回调,5.33,5.19,5.12,5.14,5.39,75.9,69.1,0.0375,74.8,63.2,97.9,0.67,4.1,-2.2,0.2,2.7,小幅涨:近10日+4% | 回调至MA60(5.39) | MACD红柱(已启动) | 量能健康(0.7xMA20)
600984,建设机械,2026-04-13,5.5,深回调,4.25,4.09,3.99,4.03,4.25,81.1,66.2,0.0429,71.1,56.6,100.2,1.04,5.2,-3.8,0.18,4.0,小幅涨:近10日+5% | 回调至MA60(4.25) | MACD红柱(已启动) | 量能健康(1.0xMA20)
600980,北矿科技,2026-04-13,5.5,深回调,22.56,22.32,21.86,21.7,23.73,83.4,74.5,0.2546,80.2,73.8,92.9,0.88,4.0,-1.5,0.62,1.1,小幅涨:近10日+4% | 回调至MA60(23.73) | MACD红柱(已启动) | 量能健康(0.9xMA20)
603020,爱普股份,2026-04-13,5.5,深回调,11.15,11.22,11.2,10.81,10.86,36.6,74.9,0.061,50.4,61.4,28.6,0.6,3.0,1.5,0.39,-0.6,小幅涨:近10日+3% | 回调至MA60(10.86) | MACD红柱(已启动) | 量能健康(0.6xMA20)
603162,海通发展,2026-04-13,5.5,深回调,14.0,14.21,13.9,13.54,13.69,59.2,68.0,0.1112,63.7,71.6,47.7,0.88,5.2,-0.5,0.52,-1.5,小幅涨:近10日+5% | 回调至MA60(13.69) | MACD红柱(已启动) | 量能健康(0.9xMA20)
603270,金帝股份,2026-04-13,5.5,深回调,25.19,25.22,24.89,24.42,26.04,58.8,71.1,0.2262,82.7,79.6,88.9,0.63,5.2,0.2,0.62,-0.1,小幅涨:近10日+5% | 回调至MA60(26.04) | MACD红柱(已启动) | 量能健康(0.6xMA20)
603286,日盈电子,2026-04-13,5.5,深回调,60.92,61.38,59.93,58.22,65.43,58.6,69.1,0.9161,71.3,71.4,71.0,0.84,5.9,2.0,3.08,-0.8,小幅涨:近10日+6% | 回调至MA60(65.43) | MACD红柱(已启动) | 量能健康(0.8xMA20)
603324,盛剑科技,2026-04-13,5.5,深回调,26.2,25.73,25.29,24.86,25.8,74.2,68.2,0.2469,80.4,75.2,90.7,0.69,2.7,7.8,1.14,1.8,小幅涨:近10日+3% | 回调至MA60(25.80) | MACD红柱(已启动) | 量能健康(0.7xMA20)
603348,文灿股份,2026-04-13,5.5,深回调,20.54,20.75,20.22,19.88,20.2,62.5,67.5,0.1387,52.2,57.5,41.7,1.1,6.0,2.2,0.63,-1.0,小幅涨:近10日+6% | 回调至MA60(20.20) | MACD红柱(已启动) | 量能健康(1.1xMA20)
603380,易德龙,2026-04-13,5.5,深回调,35.53,34.83,34.09,34.29,37.29,88.6,75.4,0.3828,71.3,61.4,91.1,2.19,5.9,-2.1,0.96,2.0,小幅涨:近10日+6% | 回调至MA60(37.29) | MACD红柱(已启动) | 量开始放大
603600,永艺股份,2026-04-13,5.5,深回调,10.94,10.53,10.39,10.46,11.22,84.5,73.1,0.0984,77.7,63.3,106.6,2.75,5.5,-0.2,0.34,3.9,小幅涨:近10日+5% | 回调至MA60(11.22) | MACD红柱(已启动) | 量开始放大
603682,锦和商管,2026-04-13,5.5,深回调,6.94,6.34,6.29,6.37,6.8,80.0,68.5,0.058,47.1,33.7,73.8,1.08,8.1,3.3,0.32,9.4,"上涨:近10日+8% | 回调至MA60(6.80) | MACD红柱(已启动) | KDJ金叉(K=47) | 量能健康(1.1xMA20) | 量开始放大 | 偏离MA5过大,追高风险 | 突破MA5较多,追涨风险"
603703,盛洋科技,2026-04-13,5.5,深回调,13.05,12.94,12.71,12.56,14.24,60.2,72.3,0.1777,78.4,72.5,90.3,0.64,4.9,-2.1,0.51,0.9,小幅涨:近10日+5% | 回调至MA60(14.24) | MACD红柱(已启动) | 量能健康(0.6xMA20)
605168,三人行,2026-04-13,5.5,深回调,36.29,36.01,36.05,35.06,38.89,49.0,72.4,0.3487,72.5,72.3,72.9,0.81,3.9,2.3,1.52,0.8,小幅涨:近10日+4% | 回调至MA60(38.89) | MACD红柱(已启动) | 量能健康(0.8xMA20)
605399,晨光新材,2026-04-13,5.5,深回调,15.08,14.78,14.41,14.49,14.92,79.4,68.4,0.1052,83.7,72.1,106.8,0.75,4.7,-6.0,0.59,2.0,小幅涨:近10日+5% | 回调至MA60(14.92) | MACD红柱(已启动) | 量能健康(0.8xMA20)
688077,大地熊,2026-04-13,5.5,深回调,29.96,29.26,28.44,28.93,32.39,79.8,65.3,0.3637,74.3,61.4,100.1,0.8,3.8,-7.0,1.14,2.4,小幅涨:近10日+4% | 回调至MA60(32.39) | MACD红柱(已启动) | 量能健康(0.8xMA20)
688197,首药控股,2026-04-13,5.5,深回调,40.0,39.82,40.11,38.76,38.22,28.8,67.7,0.1206,48.2,57.8,29.0,0.63,3.0,6.4,2.15,0.5,小幅涨:近10日+3% | 回调至MA60(38.22) | MACD红柱(已启动) | 量能健康(0.6xMA20)
688222,成都先导,2026-04-13,5.5,深回调,26.29,26.55,26.58,25.5,29.06,31.3,67.3,0.3108,52.4,60.6,35.9,0.71,5.6,2.0,1.4,-1.0,小幅涨:近10日+6% | 回调至MA60(29.06) | MACD红柱(已启动) | 量能健康(0.7xMA20)
688252,天德钰,2026-04-13,5.5,深回调,21.71,21.59,21.14,20.82,22.04,74.9,69.3,0.2205,75.0,74.0,76.9,1.39,5.3,5.7,0.83,0.5,小幅涨:近10日+5% | 回调至MA60(22.04) | MACD红柱(已启动) | 量能健康(1.4xMA20)
688291,金橙子,2026-04-13,5.5,深回调,41.0,40.09,39.49,39.3,44.67,76.0,70.0,0.4891,74.6,65.2,93.5,1.26,4.1,-1.2,1.71,2.3,小幅涨:近10日+4% | 回调至MA60(44.67) | MACD红柱(已启动) | 量能健康(1.3xMA20)
688357,建龙微纳,2026-04-13,5.5,深回调,34.89,34.32,33.74,33.77,34.74,69.0,67.8,0.2436,71.2,65.0,83.7,0.75,3.5,-5.5,1.35,1.7,小幅涨:近10日+4% | 回调至MA60(34.74) | MACD红柱(已启动) | 量能健康(0.7xMA20)
688371,菲沃泰,2026-04-13,5.5,深回调,20.64,20.46,19.62,19.54,20.35,81.2,68.1,0.2571,74.2,63.8,95.0,1.14,5.4,0.5,0.87,0.9,小幅涨:近10日+5% | 回调至MA60(20.35) | MACD红柱(已启动) | 量能健康(1.1xMA20)
688378,奥来德,2026-04-13,5.5,深回调,37.7,36.26,35.23,35.3,36.06,100.0,74.9,0.3371,84.0,71.0,110.0,1.06,5.2,-1.7,1.48,4.0,小幅涨:近10日+5% | 回调至MA60(36.06) | MACD红柱(已启动) | 量能健康(1.1xMA20)
688410,山外山,2026-04-13,5.5,深回调,16.14,16.17,15.87,15.44,16.19,52.6,73.1,0.1653,83.3,82.4,85.3,0.86,2.6,1.3,0.64,-0.2,小幅涨:近10日+3% | 回调至MA60(16.19) | MACD红柱(已启动) | 量能健康(0.9xMA20)
688558,国盛智科,2026-04-13,5.5,深回调,29.91,29.48,28.84,28.77,31.21,78.8,74.4,0.3225,80.3,72.0,96.7,0.68,5.6,-4.8,0.9,1.5,小幅涨:近10日+6% | 回调至MA60(31.21) | MACD红柱(已启动) | 量能健康(0.7xMA20)
688612,威迈斯,2026-04-13,5.5,深回调,30.96,31.19,30.43,29.81,30.85,66.0,69.3,0.3058,74.4,75.5,72.3,0.77,3.9,7.2,1.15,-0.7,小幅涨:近10日+4% | 回调至MA60(30.85) | MACD红柱(已启动) | 量能健康(0.8xMA20)
688633,星球石墨,2026-04-13,5.5,深回调,25.36,25.16,24.55,24.32,25.5,71.1,75.5,0.243,79.9,74.9,89.8,0.55,5.8,0.8,0.89,0.8,小幅涨:近10日+6% | 回调至MA60(25.50) | MACD红柱(已启动) | 量能健康(0.6xMA20)
688638,誉辰智能,2026-04-13,5.5,深回调,42.51,41.98,40.33,40.14,40.18,77.6,66.8,0.4418,74.2,67.8,86.9,1.16,2.9,4.4,2.59,1.3,小幅涨:近10日+3% | 回调至MA60(40.18) | MACD红柱(已启动) | 量能健康(1.2xMA20)
000823,超声电子,2026-04-13,5.0,深回调,15.21,14.13,13.5,14.04,14.6,97.0,66.9,0.2026,74.0,53.3,115.5,1.26,15.1,-4.0,0.69,7.6,"上涨:近10日+15% | 回调至MA60(14.60) | MACD红柱(已启动) | 量能健康(1.3xMA20) | 量开始放大 | 偏离MA5过大,追高风险"
002552,宝鼎科技,2026-04-13,5.0,深回调,19.28,17.89,17.01,16.92,18.73,93.0,79.1,0.4055,85.1,72.4,110.5,1.76,21.3,2.0,0.81,7.8,"上涨:近10日+21% | 回调至MA60(18.73) | MACD红柱(已启动) | 量能健康(1.8xMA20) | 量开始放大 | 偏离MA5过大,追高风险"
002837,英维克,2026-04-13,5.0,深回调,102.86,94.27,89.9,95.23,100.16,100.0,55.8,1.2673,71.5,48.5,117.5,1.41,10.4,5.8,4.67,9.1,"上涨:近10日+10% | 回调至MA60(100.16) | MACD红柱(已启动) | RSI14=56(正常区) | 量能健康(1.4xMA20) | 量开始放大 | 偏离MA5过大,追高风险 | 突破MA5较多,追涨风险"
300131,英唐智控,2026-04-13,5.0,布林撑,15.49,13.47,12.48,12.71,14.27,98.4,64.7,0.4552,75.6,55.7,115.4,2.03,27.4,6.0,1.21,15.0,"上涨:近10日+27% | 布林下轨(9.92)获撑 | MACD红柱(已启动) | RSI14=65(正常区) | 量开始放大 | 偏离MA5过大,追高风险 | 突破MA5较多,追涨风险"
300322,硕贝德,2026-04-13,5.0,深回调,27.7,26.08,24.92,25.0,26.87,93.9,76.1,0.4625,80.3,62.4,116.0,1.56,15.9,-1.1,1.2,6.2,"上涨:近10日+16% | 回调至MA60(26.87) | MACD红柱(已启动) | 量能健康(1.6xMA20) | 量开始放大 | 偏离MA5过大,追高风险"
300767,震安科技,2026-04-13,5.0,深回调,20.99,19.24,18.87,19.41,19.96,88.4,65.8,0.1486,56.6,37.8,94.4,3.15,8.0,2.3,0.97,9.1,"上涨:近10日+8% | 回调至MA60(19.96) | MACD红柱(已启动) | KDJ金叉(K=57) | 量开始放大 | 偏离MA5过大,追高风险 | 突破MA5较多,追涨风险"
300919,中伟新材,2026-04-13,5.0,深回调,54.52,51.4,50.23,49.6,52.58,97.3,74.6,0.6762,74.6,62.7,98.4,1.58,6.7,0.9,2.44,6.1,"上涨:近10日+7% | 回调至MA60(52.58) | MACD红柱(已启动) | 量能健康(1.6xMA20) | 量开始放大 | 偏离MA5过大,追高风险"
600183,生益科技,2026-04-13,5.0,深回调,63.47,59.61,56.66,57.89,64.2,100.0,66.9,1.136,79.8,61.2,116.8,1.4,15.9,0.0,2.68,6.5,"上涨:近10日+16% | 回调至MA60(64.20) | MACD红柱(已启动) | 量能健康(1.4xMA20) | 量开始放大 | 偏离MA5过大,追高风险"
603026,石大胜华,2026-04-13,5.0,布林撑,89.56,82.68,84.61,81.05,72.19,57.5,63.9,-0.1216,46.1,42.5,53.4,1.32,-4.6,22.7,6.06,8.3,"强势:近20日+23% | 布林下轨(67.07)获撑 | RSI14=64(正常区) | KDJ金叉(K=46) | 量能健康(1.3xMA20) | 量开始放大 | 偏离MA5过大,追高风险 | 突破MA5较多,追涨风险"
603090,宏盛股份,2026-04-13,5.0,深回调,72.13,67.7,64.14,62.94,71.85,92.8,72.2,1.5526,82.7,70.9,106.4,1.92,10.2,6.9,3.82,6.5,"上涨:近10日+10% | 回调至MA60(71.85) | MACD红柱(已启动) | 量能健康(1.9xMA20) | 量开始放大 | 偏离MA5过大,追高风险"
603929,亚翔集成,2026-04-13,5.0,布林撑,211.5,195.09,188.34,184.6,156.0,88.2,68.0,1.5939,72.5,54.9,107.8,0.94,14.3,50.2,12.94,8.4,"强势:近20日+50% | 布林下轨(157.58)获撑 | MACD红柱(已启动) | 量能健康(0.9xMA20) | 量开始放大 | 偏离MA5过大,追高风险 | 突破MA5较多,追涨风险"
605255,天普股份,2026-04-13,5.0,深回调,115.84,101.1,99.13,101.57,129.76,96.0,68.4,2.5767,69.9,47.9,114.0,2.42,12.3,1.2,5.26,14.6,"上涨:近10日+12% | 回调至MA60(129.76) | MACD红柱(已启动) | KDJ金叉(K=70) | 量开始放大 | 偏离MA5过大,追高风险 | 突破MA5较多,追涨风险"
688008,澜起科技,2026-04-13,5.0,深回调,152.3,140.42,134.56,139.07,151.67,93.4,64.2,2.2811,74.8,55.4,113.8,1.56,12.7,4.0,6.5,8.5,"上涨:近10日+13% | 回调至MA60(151.67) | MACD红柱(已启动) | RSI14=64(正常区) | 量能健康(1.6xMA20) | 量开始放大 | 偏离MA5过大,追高风险 | 突破MA5较多,追涨风险"
688239,航宇科技,2026-04-13,5.0,深回调,62.99,59.36,58.01,58.25,65.9,78.5,70.5,0.9691,74.2,58.8,104.9,1.37,9.5,2.7,2.85,6.1,"上涨:近10日+10% | 回调至MA60(65.90) | MACD红柱(已启动) | 量能健康(1.4xMA20) | 量开始放大 | 偏离MA5过大,追高风险"
688279,峰岹科技,2026-04-13,5.0,深回调,170.75,159.95,155.09,157.79,183.17,93.5,71.8,3.1681,71.3,53.7,106.7,1.83,10.2,1.4,6.77,6.8,"上涨:近10日+10% | 回调至MA60(183.17) | MACD红柱(已启动) | 量能健康(1.8xMA20) | 量开始放大 | 偏离MA5过大,追高风险"
688498,源杰科技,2026-04-13,5.0,布林撑,1266.0,1166.64,1107.96,1062.35,879.85,93.7,70.0,11.5455,73.3,62.7,94.5,0.91,15.1,44.0,80.2,8.5,"强势:近20日+44% | 布林下轨(847.00)获撑 | MACD红柱(已启动) | 量能健康(0.9xMA20) | 量开始放大 | 偏离MA5过大,追高风险 | 突破MA5较多,追涨风险"
